# .PCD v0.7 - Point Cloud Data file format
VERSION 0.7
FIELDS x y z rgb normal_x normal_y normal_z curvature
SIZE 4 4 4 4 4 4 4 4
TYPE F F F U F F F F
COUNT 1 1 1 1 1 1 1 1
WIDTH 1959
HEIGHT 1
VIEWPOINT 0 0 0 1 0 0 0
POINTS 1959
DATA ascii
0.042027116 0.14593804 0.38514799 2697513 0.98036289 0.19710487 0.0061807595 0.0046826503
0.042551458 0.14278498 0.38181043 2697513 0.99265397 0.12098392 0.00097945239 0.0069900192
0.042793155 0.14003181 0.38212132 2697513 0.998483 0.055058975 0.00042411304 0.0035301005
0.042792141 0.13567078 0.38213903 2763306 0.99866956 -0.05155988 0.00084923621 0.0051519475
0.038915098 0.15539363 0.38080037 2565927 0.90873748 0.41736057 -0.0025121009 0.0030278286
0.041001916 0.1500023 0.38167775 2631720 0.95542741 0.29522064 0.0017916681 0.0051493002
0.042145848 0.14539844 0.3812111 2697513 0.98270679 0.1851646 0.0012166626 0.0059821648
0.042276978 0.13094449 0.38144612 2763306 0.98639429 -0.16437013 -0.002967031 0.0050617578
0.042448163 0.14355862 0.37758857 2697513 0.99018514 0.13975962 -0.00078548357 0.0055289008
0.042813778 0.13941526 0.37805939 2697513 0.99925351 0.038599547 -0.0015938865 0.0030417256
0.042741358 0.13494134 0.37789237 2763306 0.99763846 -0.068680771 -0.00071135996 0.003255188
0.039113104 0.15494153 0.37688738 2565927 0.91272914 0.40856361 -0.0011369522 0.0029797575
0.041034341 0.1498518 0.37553233 2631720 0.95693648 0.29029664 -0.00065612764 0.0035253605
0.042001069 0.14611962 0.37683338 2697513 0.97965389 0.20069374 -0.0005526985 0.0048265592
0.042123377 0.13009912 0.37702286 2763306 0.98271662 -0.18510026 -0.0024407909 0.0038473927
0.040566206 0.1241743 0.37688988 2763306 0.94681221 -0.32173404 -0.0058169933 0.0028060339
0.034677207 0.16270736 0.37486848 2368548 0.81924802 0.57339883 -0.0068194764 0.0029024791
0.036660969 0.15966237 0.37754083 2500134 0.86098033 0.50859606 -0.0065536713 0.0032080861
0.04278183 0.13996917 0.3724122 2697513 0.99861676 0.052569319 -0.001049796 0.0045576957
0.042743087 0.13503408 0.372347 2763306 0.99775773 -0.066893086 -0.0021971024 0.0043476112
0.037697494 0.15779537 0.37075555 2500134 0.8822583 0.47076422 -0.0011445729 0.0044775764
0.039304912 0.15450224 0.37305528 2565927 0.91745049 0.39784777 -0.0013141985 0.0045723808
0.040810168 0.15055525 0.37103128 2565927 0.95169598 0.30704138 -0.00061450904 0.0029033683
0.042106509 0.14557353 0.37282842 2697513 0.98222804 0.18769023 -0.00067192048 0.0038015901
0.041942179 0.12926173 0.37257957 2763306 0.97895426 -0.2040527 -0.0033311448 0.0038799939
0.041052282 0.12578863 0.37149805 2763306 0.95825297 -0.28590852 -0.0027610266 0.0031192587
0.039102972 0.12054521 0.37276965 2763306 0.91315818 -0.40760151 -0.0017815408 0.0020163399
0.033721685 0.16399154 0.37134424 2368548 0.79586381 0.60546327 -0.0038846917 0.0021856192
0.036250174 0.16030142 0.37287408 2434341 0.85087055 0.5253706 -0.0022405428 0.0027867211
0.031647205 0.1665282 0.3706108 2302755 0.74939138 0.662117 -0.003689243 0.0022785407
0.042490184 0.14312351 0.36500031 2697513 0.99177623 0.12797859 -0.0011780909 0.0039915722
0.042772889 0.14005429 0.36674392 2697513 0.99859244 0.053026311 -0.001164075 0.0024116109
0.042635918 0.13391465 0.36726946 2763306 0.99555212 -0.094201207 -0.0014736715 0.0033879788
0.039059997 0.15503147 0.36714977 2565927 0.91246974 0.4091441 0.00020665157 0.0035825302
0.040976405 0.1500456 0.36698043 2631720 0.95549518 0.29500663 -0.0001976732 0.002460059
0.042205751 0.14502177 0.3687917 2697513 0.9846822 0.17435706 -0.00075116649 0.004133435
0.042192459 0.13067007 0.36669731 2763306 0.98518467 -0.17149417 -0.00096032239 0.0036314023
0.040675819 0.12462437 0.36650342 2763306 0.94963592 -0.31335106 -0.0016601423 0.0016202015
0.03952682 0.1215533 0.36910743 2763306 0.92356092 -0.38344467 -0.0023412202 0.0019253759
0.033241272 0.16461602 0.36647388 2368548 0.78256541 0.62256545 -0.001911304 0.0035699441
0.036350727 0.16012168 0.36744058 2434341 0.85268718 0.52242142 -0.00065668224 0.0024443727
0.036975384 0.11637771 0.36765188 2697513 0.8683899 -0.49585494 -0.0051858346 0.0012014779
0.029019773 0.16920653 0.36680505 2236962 0.68205446 0.73130035 -0.0012194652 0.0036439165
0.031094074 0.16711146 0.36572787 2302755 0.73267359 0.68057084 -0.0035729615 0.0033078452
0.042784452 0.13969481 0.36110741 2697513 0.99901062 0.044464163 -0.00084922649 0.0023770088
0.042729318 0.13518363 0.36101156 2763306 0.99797136 -0.063659996 -0.00078049395 0.0032705297
0.039001882 0.15518638 0.36134475 2565927 0.91079414 0.41286051 -0.00053269498 0.0033208746
0.041133404 0.1495536 0.36300224 2631720 0.95927268 0.2824817 3.8014856e-05 0.003493533
0.042132437 0.14538002 0.36156422 2697513 0.98326111 0.18220128 -0.00058471813 0.0029682931
0.041944087 0.12936097 0.36126727 2763306 0.97920305 -0.20288032 -0.0010157531 0.0028442948
0.040355444 0.1237182 0.36186284 2763306 0.94264376 -0.33379924 -0.00087321713 0.0024343813
0.038320363 0.11892146 0.36116475 2697513 0.89669025 -0.44265723 -0.0010871284 0.0012316569
0.03401351 0.16360039 0.3612816 2368548 0.79958111 0.60055596 -0.00160239 0.0027836512
0.03625083 0.16030005 0.36164612 2434341 0.84952694 0.52754486 -0.00064626115 0.0031911808
0.029932022 0.16831294 0.36184677 2236962 0.70550251 0.70870394 -0.0022222344 0.0027173739
0.0321998 0.16586739 0.36297187 2368548 0.75773764 0.65255499 -0.0023768649 0.0034780321
0.023938119 0.17327136 0.35964155 2105376 -0.56388777 -0.82584018 0.0043181852 0.0028894336
0.026774466 0.17116311 0.36159039 2105376 -0.63039082 -0.77626932 0.0036526194 0.0028483637
0.042737246 0.14047277 0.35669428 2697513 0.99799621 0.063267514 -0.00086168339 0.0037227608
0.042686045 0.13445419 0.35661656 2763306 0.99669343 -0.0812525 -0.00050667062 0.0039521502
0.037794471 0.15763119 0.35819131 2500134 0.88400221 0.46747971 -0.0016817651 0.003952411
0.039096355 0.15497571 0.35582095 2565927 0.91319597 0.4075197 -0.00091068278 0.0047252765
0.040959239 0.15010622 0.35706085 2565927 0.95518523 0.29600579 -0.0013048673 0.0027733515
0.04202342 0.14593372 0.35563463 2697513 0.98076564 0.19518568 -0.0011605241 0.003859763
0.041958988 0.12942803 0.35555273 2763306 0.97957653 -0.20106986 -0.00087661087 0.0038646797
0.040908992 0.12536913 0.3563289 2763306 0.95546699 -0.29509756 -0.00046821585 0.0023662637
0.039092362 0.12054408 0.35573477 2763306 0.91396642 -0.40578979 0.00020674207 0.0019350663
0.033528209 0.16422638 0.35631248 2368548 0.78838116 0.61518502 -0.0015844119 0.0032212313
0.035917997 0.16082081 0.35550827 2434341 0.84206277 0.53937751 -0.001488521 0.0031217542
0.035141349 0.11347431 0.35650823 2631720 0.82793123 -0.56082225 0.0028757865 0.0004569515
0.029325426 0.16889846 0.35672531 2236962 0.69009501 0.72371626 -0.0019185124 0.0036161714
0.031664968 0.1664646 0.35804626 2302755 0.74538738 0.66663027 -0.0013450907 0.0038235972
0.026070178 0.17169827 0.35639298 2105376 -0.61314332 -0.7899645 0.0033726427 0.0035372511
0.021661162 0.17470589 0.35655248 1973790 -0.51063049 -0.85978091 0.0057739383 0.0028614157
0.042533576 0.14267689 0.35208625 2697513 0.99316877 0.11668095 -0.0011852934 0.0048264223
0.042770743 0.13983202 0.35239798 2697513 0.99881846 0.048586745 -0.0010149153 0.0031372095
0.042743802 0.13531053 0.35236007 2763306 0.99814934 -0.060800374 -0.0010915999 0.0037139524
0.038767695 0.15565261 0.35100538 2565927 0.90597844 0.42332214 -0.0011808999 0.0037507096
0.040910423 0.15022051 0.35111505 2565927 0.95448959 0.29824239 -0.0010427077 0.0033986869
0.042124212 0.14537039 0.35144931 2697513 0.98333597 0.18179464 -0.0010472251 0.0047156555
0.042138636 0.13038003 0.35150582 2763306 0.98403138 -0.17799515 1.3291145e-05 0.0049582799
0.041315615 0.12678373 0.35033089 2763306 0.96495837 -0.26240292 -0.00018396336 0.0034431235
0.039531231 0.12156618 0.35194546 2763306 0.92356122 -0.38345096 -2.3576877e-05 0.0026119642
0.034300625 0.16318455 0.35099086 2368548 0.80612153 0.59174901 -0.0010870565 0.0037413565
0.036813676 0.15936974 0.35240167 2500134 0.86198121 0.5069384 -0.0013608343 0.0044872416
0.036561728 0.11570209 0.35214311 2697513 0.86270934 -0.50568056 0.0044375332 0.00079948845
0.028698027 0.16947731 0.35155556 2236962 -0.67575026 -0.73712867 0.0016895338 0.0038274317
0.031677306 0.16643596 0.35162601 2302755 0.74578798 0.66618168 -0.0014890981 0.004593384
0.023890436 0.17327222 0.35326421 2105376 -0.56037861 -0.82822978 0.0033564174 0.0040699099
0.026052356 0.17169929 0.34999847 2105376 -0.61213076 -0.79075575 0.0011328845 0.003013391
0.019931376 0.17564332 0.35191917 1973790 -0.46787009 -0.8837716 0.0067325467 0.0027424227
0.042790711 0.13919955 0.34809345 2697513 0.99945843 0.032902643 -0.0005519297 0.0029405488
0.042683303 0.13456088 0.34785849 2763306 0.99694192 -0.07814616 -9.0710801e-06 0.00323759
0.038978398 0.15519506 0.34685284 2565927 0.91035485 0.41382697 -0.001130024 0.0035005284
0.040991902 0.14996174 0.34541434 2631720 0.95600289 0.29335621 -0.00081267842 0.0034720914
0.042218268 0.14479393 0.34720331 2697513 0.98580456 0.1678964 -0.00044798708 0.0026721291
0.041970015 0.12951249 0.34681946 2763306 0.980151 -0.19825186 0.00049313257 0.0040301043
0.04018414 0.123236 0.34636563 2763306 0.93863744 -0.34490502 -0.00052842789 0.0029454343
0.037991107 0.11825824 0.34545773 2697513 0.88943458 -0.45706245 -0.00024933516 0.0012381308
0.033819675 0.16382137 0.3459141 2368548 0.79550898 0.60594034 -0.0013393348 0.0029779533
0.036398113 0.16002378 0.34748405 2434341 0.85301602 0.52188349 -0.0011203093 0.0023641228
0.03729254 0.11697501 0.34882051 2697513 0.87382466 -0.4862411 -0.00016547537 0.0013295474
0.029638052 0.16858914 0.34645018 2236962 -0.69845551 -0.71565259 0.0011457236 0.0030829795
0.03170085 0.16641796 0.34515747 2302755 0.74613595 0.66579294 -0.00095002539 0.0044410001
0.02385354 0.17328846 0.34680581 2105376 -0.55816221 -0.82973158 0.00065725669 0.0036538935
0.02637893 0.17145592 0.34609783 2105376 -0.61961472 -0.78490543 0.0010409068 0.0038038993
0.020137072 0.17551345 0.34723139 1973790 -0.47005969 -0.88263226 0.0020455581 0.0032048565
0.013313234 0.17840546 0.34469286 1776411 -0.30959272 -0.95085019 0.0060255048 0.0022686583
0.016378939 0.17729276 0.34907308 1842204 -0.38473481 -0.92299455 0.0077591538 0.0019407903
0.042754591 0.1399852 0.34356445 2697513 0.9986248 0.052426115 9.5065712e-05 0.0027390386
0.04273802 0.13543361 0.34354323 2763306 0.99837416 -0.056998897 0.00041984642 0.0034319179
0.039172947 0.15474606 0.34282798 2565927 0.91498005 0.40349838 -0.00076995447 0.0034020797
0.040758669 0.15068662 0.34063405 2565927 0.95071977 0.31005144 -5.3896776e-05 0.003352541
0.042084634 0.14555311 0.34255701 2697513 0.98238772 0.18685393 0.00015839704 0.0027170645
0.042149007 0.13042367 0.34262317 2763306 0.98424435 -0.17680953 -0.0011900968 0.0025939515
0.040780246 0.12496263 0.34075755 2763306 0.95223975 -0.30535036 -0.0007848012 0.0022460029
0.038619041 0.11952102 0.34199816 2697513 0.90432119 -0.42685124 -0.0010948159 0.00082325377
0.032797933 0.16512844 0.34225449 2368548 0.77200788 0.63561165 -0.0012979611 0.0037259988
0.036499083 0.15983605 0.34177703 2434341 0.85577226 0.51735198 -0.00086095842 0.0032621077
0.029018581 0.16918448 0.34117243 2236962 -0.68331224 -0.73012632 4.4131149e-05 0.0040056333
0.03114897 0.16702035 0.34002957 2302755 0.73463851 0.67845815 -0.00089275581 0.004016581
0.023074269 0.17380372 0.34139144 2105376 -0.53931886 -0.84210163 -0.00017270478 0.0047410536
0.026737392 0.17116708 0.34234691 2171169 -0.62847912 -0.77782643 0.00010684889 0.0041084932
0.02024895 0.17544818 0.34170341 1973790 -0.47166279 -0.88177842 0.0010060377 0.0028981883
0.015315473 0.17769429 0.34329632 1842204 -0.35416666 -0.93518192 0.00090246846 0.0026965938
0.017171681 0.17694414 0.3416256 1907997 -0.39729235 -0.91769207 0.00025476128 0.0031848301
0.010111868 0.17929068 0.34025925 1710618 -0.23313227 -0.97243834 0.0036033099 0.0026646615
0.042723536 0.1405617 0.33751255 2697513 0.99777472 0.066674829 -0.00018509143 0.0041333926
0.042754531 0.13552433 0.33758825 2763306 0.9984436 -0.055755846 -0.0013018922 0.0037378834
0.039287329 0.15451217 0.33696514 2565927 0.91718513 0.39846125 0.00017783248 0.0039088181
0.041300356 0.14892122 0.33696419 2631720 0.96343428 0.26794469 0.00024091294 0.0034599963
0.042194664 0.14498308 0.33826166 2697513 0.98494554 0.17286398 -0.00055781711 0.0025541487
0.041986585 0.12959802 0.33793133 2763306 0.98022586 -0.19787019 -0.0021482587 0.0031950802
0.041078568 0.12597811 0.3367365 2763306 0.95957345 -0.28145519 -0.0013339645 0.0033615392
0.039075077 0.12054473 0.33810431 2763306 0.91412753 -0.40542215 -0.0019526721 0.00091408036
0.033846974 0.16378117 0.33933374 2368548 0.79627001 0.60494125 -0.00036723775 0.0042513972
0.036088586 0.16050175 0.33670336 2434341 0.84634125 0.53264099 0.0001343154 0.0031479849
0.036113203 0.11492622 0.33602852 2631720 0.85826635 -0.5132044 -0.00037299757 0.00023109165
0.029960871 0.16827047 0.33595344 2236962 -0.70690078 -0.70731258 0.00041945104 0.0028147162
0.032267869 0.16574571 0.33712134 2368548 0.76012546 0.64977628 -0.00022672217 0.004224618
0.024567366 0.17280987 0.339136 2105376 -0.57551765 -0.81778926 0.00035250813 0.0043743309
0.026714623 0.17118722 0.33568072 2105376 -0.62786478 -0.7783224 0.00029672397 0.0040244544
0.021465003 0.17477649 0.33692932 1973790 -0.50035864 -0.86581773 0.00097133353 0.0040791649
0.014196515 0.17810211 0.33737269 1776411 -0.32638136 -0.94523782 0.00084079622 0.0037789203
0.016190708 0.17734492 0.33594325 1842204 -0.37405965 -0.92740446 0.00063357974 0.0026842726
0.012165666 0.17874438 0.33881512 1776411 -0.27818209 -0.96052784 0.0010300083 0.0034966897
0.0063272715 0.1799911 0.33489639 1644825 -0.13882865 -0.99031639 0.00012868136 0.0015684589
0.042484999 0.14302555 0.33423442 2697513 0.99217021 0.12489013 -0.00086650316 0.0041858153
0.042780221 0.13948554 0.33008808 2697513 0.99923354 0.039129164 -0.0011139599 0.0037773957
0.042655885 0.13436276 0.33214062 2763306 0.99650419 -0.083534665 -0.001164114 0.0029798355
0.038971782 0.15521434 0.33199972 2565927 0.90992129 0.41478044 0.00069692999 0.0031572427
0.041083157 0.1496523 0.33210415 2631720 0.95874125 0.28428024 -1.6898202e-05 0.0028297643
0.042218745 0.14478165 0.33153456 2697513 0.98587751 0.16746721 -0.00046185812 0.0038418686
0.042237997 0.13105839 0.3316291 2763306 0.98665208 -0.16284159 -0.00055708899 0.00371112
0.040691435 0.12481296 0.3314473 2763306 0.95092028 -0.30943277 -0.0013992239 0.003360519
0.039517641 0.12160939 0.33421117 2763306 0.92381507 -0.3828347 -0.0018164414 0.001978976
0.033869624 0.16373065 0.33270404 2368548 0.79658586 0.60452533 0.00017571871 0.003138552
0.036271095 0.1602132 0.33174378 2434341 0.84997207 0.52682728 0.00074195751 0.0031556622
0.037234366 0.11692119 0.33095187 2697513 0.87835979 -0.47797686 0.0047086291 0.00089934416
0.028701127 0.16947436 0.33186635 2236962 -0.67612809 -0.7367835 0.0009533593 0.0031203993
0.031729341 0.16636574 0.33193657 2302755 0.74726242 0.66452903 -8.1607628e-05 0.0041038822
0.023792267 0.17333511 0.33363903 2105376 -0.55623347 -0.83102596 0.00041433662 0.0039353142
0.025270462 0.17228878 0.33135653 2105376 -0.59274489 -0.80538994 0.0007306395 0.0036659674
0.0197258 0.17572582 0.33220088 1907997 -0.45967844 -0.88808495 0.00094814267 0.0040201959
0.014079154 0.17813087 0.33068445 1776411 -0.32395354 -0.946073 0.00023614602 0.0032663068
0.0098797083 0.17932764 0.33344442 1644825 -0.22364543 -0.97467053 0.00032883554 0.0021864097
0.042723954 0.14028603 0.32539719 2697513 0.99825811 0.058987055 -0.0011377919 0.0023080828
0.042739391 0.13569283 0.32545573 2763306 0.99872786 -0.050422955 -0.00047651434 0.0035455956
0.037606061 0.15795884 0.32694167 2500134 0.87946391 0.47596514 0.00067040132 0.0037477836
0.039130151 0.15488368 0.32700771 2565927 0.91373241 0.40631649 -0.00012203005 0.0037413968
0.040864646 0.15039036 0.32719785 2565927 0.95322192 0.3022714 -4.9823262e-05 0.0040559992
0.042078197 0.1455397 0.32670969 2697513 0.98273188 0.18503404 -0.00071496516 0.002897054
0.042077005 0.1301108 0.32664603 2763306 0.98261023 -0.18567888 -0.00073837367 0.0040771342
0.040394783 0.12390864 0.32653505 2763306 0.94368857 -0.33083314 -0.0011353267 0.0021880958
0.037930906 0.11823225 0.32746941 2697513 0.88936043 -0.45720556 -0.0010447106 0.0010412093
0.033380389 0.16438258 0.32745871 2368548 0.78488356 0.61964303 -0.00059005804 0.0035405788
0.035859823 0.16089237 0.32662326 2434341 0.84038866 0.54198349 0.00088803796 0.0031843341
0.029019177 0.16917175 0.32785484 2236962 -0.68334597 -0.73009384 0.0011199372 0.0042283214
0.031178117 0.16698295 0.3266829 2302755 0.73363459 0.67954308 -0.0012476519 0.0048123077
0.023753583 0.17334715 0.32692516 2105376 -0.55590361 -0.8312465 0.00064156676 0.004053962
0.026707768 0.17117801 0.32906473 2171169 -0.6277616 -0.77840519 0.00086853682 0.0045180442
0.01965189 0.17575559 0.32545042 1973790 -0.45747629 -0.88922173 0.00036171911 0.0041478393
0.016995549 0.1770044 0.32830074 1907997 -0.39432251 -0.91897202 0.00040587891 0.0038145694
0.010844111 0.17909729 0.32608718 1710618 -0.24731691 -0.96893454 -0.00044983215 0.0026320387
0.0061283708 0.18001518 0.32812816 1644825 -0.13313091 -0.9910984 -0.00040623161 0.0018763189
0.0020635724 0.1803543 0.32889685 1644825 -0.028278098 -0.99960005 0.00037675988 0.00080121338
0.042519987 0.14256254 0.32050723 2697513 0.99358809 0.113056 -0.0010068848 0.0045402097
0.042749405 0.13962418 0.32082886 2697513 0.99900192 0.044653866 -0.0011145206 0.0038602001
0.042703986 0.13492715 0.32071906 2763306 0.99755216 -0.069923125 -0.00069334748 0.0042671193
0.038812995 0.15559742 0.32196099 2565927 0.9063338 0.42256188 -0.00071370357 0.003885485
0.040620267 0.15113437 0.322267 2631720 0.94756746 0.31955442 -0.00091406179 0.0028101818
0.041915536 0.14630204 0.32184035 2697513 0.97919744 0.20290701 -0.0010817519 0.0030887844
0.041918039 0.12928545 0.32183594 2763306 0.97854334 -0.20604087 -0.00028304261 0.0028874876
0.040797293 0.12508082 0.32265455 2763306 0.95262182 -0.30415621 -0.00080256339 0.0030212025
0.038829446 0.12002283 0.32186335 2697513 0.90848827 -0.41791028 0.00028461826 0.00080010976
0.033396661 0.16433641 0.32066175 2368548 0.78512299 0.61933827 -0.001425114 0.0028777318
0.036041021 0.16060102 0.32151812 2434341 0.84420705 0.53601575 -0.0012556269 0.0032758485
0.029971361 0.16824314 0.32249948 2236962 -0.70661473 -0.70759743 0.0012325442 0.0033163968
0.032307506 0.16568664 0.32368919 2368548 0.76021671 0.6496684 -0.0012486859 0.002801741
0.023716867 0.17336521 0.32012641 2105376 -0.55533421 -0.83162719 0.00041571434 0.0040454501
0.026683033 0.17119902 0.32221746 2105376 -0.62726623 -0.7788046 0.00070979132 0.0045011267
0.020031691 0.17555881 0.32150531 1973790 -0.4664349 -0.88455552 -2.4649298e-05 0.003204122
0.013956189 0.17817742 0.32389286 1776411 -0.32209772 -0.94670635 -0.00029161296 0.0042357026
0.015991807 0.1774157 0.32244006 1842204 -0.37093544 -0.9286586 0.00027394065 0.0031218422
0.008387208 0.17965865 0.32035714 1644825 -0.18843283 -0.98208588 -0.00061902445 0.002076779
0.0046667457 0.18020359 0.32168394 1644825 -0.098246478 -0.99516124 -0.001332243 0.001162082
0.00026994944 0.18039927 0.32201335 1644825 0.010709531 -0.9999283 -0.0053623188 0.00090604415
0.042706549 0.14043862 0.31606644 2697513 0.99793619 0.064212255 -0.0003212085 0.0032163265
0.042751372 0.13582504 0.31616968 2697513 0.99884892 -0.047954962 -0.0010732287 0.0047590882
0.038965821 0.15523854 0.31670743 2565927 0.91007704 0.41443679 -0.0013893115 0.003912366
0.041175425 0.1493336 0.31844133 2631720 0.9611631 0.27598017 -0.00068430463 0.0038705887
0.042198777 0.14474878 0.31532222 2697513 0.98611194 0.16608109 -0.00058935734 0.0036477798
0.042185724 0.13076264 0.31534237 2763306 0.98525441 -0.17109238 -0.0010691057 0.0026007094
0.041097701 0.12607443 0.31842703 2763306 0.95978385 -0.28073752 -0.0012056045 0.0036141134
0.039525509 0.12166822 0.31587332 2763306 0.92361701 -0.3833096 -0.0023227965 0.00198862
0.033667743 0.1639649 0.31647059 2368548 0.79123902 0.61150545 -0.0013841417 0.003233548
0.036133647 0.16041109 0.31553859 2434341 0.84675491 0.53197992 -0.0018698152 0.0023350192
0.036447346 0.11554891 0.3160271 2697513 0.86969453 -0.49358675 0.0018953694 0.00020025211
0.029338539 0.1688484 0.31697187 2236962 -0.69124979 -0.72261566 0.00057947176 0.0036224334
0.031754971 0.16630641 0.31836793 2302755 0.7481721 0.66350359 -0.001239334 0.0035657214
0.022911131 0.17388499 0.31442273 2105376 -0.53628719 -0.84403545 -0.00046988108 0.0046917694
0.025953352 0.17175695 0.31660438 2105376 -0.61003548 -0.79237372 0.00078356609 0.0032381057
0.020459771 0.17532617 0.31766129 1973790 -0.47737315 -0.87870067 1.4859925e-05 0.0040064263
0.013839841 0.17822328 0.31702271 1776411 -0.31996852 -0.94742805 0.00043730679 0.0046586157
0.016820431 0.17707661 0.3146241 1907997 -0.39099073 -0.9203946 0.00023880776 0.0041602612
0.010719538 0.17913985 0.31927449 1710618 -0.24463044 -0.96961629 -0.00048051978 0.0035190962
0.0044813752 0.18022299 0.31478578 1644825 -0.098571427 -0.99512941 -0.001045352 0.0014249571
-3.5762787e-06 0.18043205 0.31502292 1644825 0.008458335 -0.99995792 -0.0035462191 0.00095811323
0.04274416 0.13978094 0.31143373 2697513 0.9988634 0.047664098 -0.0002617531 0.0023071663
0.042697608 0.13505459 0.31134766 2763306 0.99777579 -0.066658139 -0.00033218396 0.0026811268
0.03768295 0.15777668 0.31323737 2500134 0.881329 0.47250292 -0.00048155137 0.004002064
0.039058208 0.15501368 0.31067199 2565927 0.91223162 0.4096747 0.00023095818 0.0028986936
0.040946841 0.15007809 0.31340402 2565927 0.95580721 0.2939935 -0.00059194601 0.0035131923
0.042057753 0.14553109 0.31037992 2697513 0.98279101 0.18472084 4.2307827e-05 0.0031485057
0.042008221 0.12985361 0.31029218 2763306 0.98146147 -0.19165732 -0.00095207558 0.003417104
0.040714741 0.12490815 0.31298012 2763306 0.95116389 -0.30868322 -0.0014064232 0.0021491237
0.033944488 0.16358984 0.31223223 2368548 0.79764658 0.60312444 -0.0009079618 0.0023202919
0.036392331 0.16000009 0.31119996 2500134 0.8521114 0.52335984 -0.00081191713 0.0031814151
0.037169337 0.11686736 0.3124432 2697513 0.87601608 -0.48227924 -0.0015869695 0.00087803183
0.028691828 0.16945201 0.31139371 2236962 -0.67630392 -0.73662269 7.2211405e-05 0.0041188588
0.031766951 0.16627732 0.31143877 2302755 0.74856734 0.6630587 -0.00029202594 0.0032374277
0.024444461 0.17286721 0.31204712 2105376 -0.57323712 -0.81938946 -0.00037982629 0.0037526742
0.025939584 0.17177495 0.30967343 2105376 -0.6100384 -0.79237181 -9.3242903e-05 0.00334635
0.019514978 0.17582747 0.31169057 1907997 -0.4545677 -0.89071214 -0.00027595225 0.0038616296
0.013711751 0.1782515 0.31005636 1776411 -0.31649542 -0.94859397 0.00028189365 0.004358761
0.010530591 0.17917305 0.31226188 1710618 -0.24165185 -0.97036302 -0.00014247587 0.0037661041
0.0069656372 0.17990434 0.31385785 1644825 -0.15716816 -0.98757178 -0.00037661585 0.0029338663
0.04269129 0.14059913 0.3065744 2697513 0.99775714 0.066937558 -0.00025874976 0.0031421157
0.042748451 0.13596058 0.30671614 2763306 0.9989655 -0.045473631 0.00029291 0.0038100935
0.038727641 0.15572819 0.3054145 2565927 0.90471965 0.42600706 0.00058306288 0.0036513195
0.041033745 0.14978734 0.30720061 2631720 0.95794189 0.28696078 0.00089856802 0.0038507089
0.042167544 0.14493915 0.3057999 2697513 0.98545939 0.16991079 -0.00030192386 0.0032187027
0.042462111 0.13260162 0.30625457 2763306 0.9920035 -0.12620963 -0.00036362925 0.0047509898
0.041827679 0.12896359 0.30523676 2763306 0.97667998 -0.21469742 -0.0010991434 0.0035174158
0.040398359 0.12401444 0.30792087 2763306 0.94449246 -0.32853252 -0.00060225575 0.0023318494
0.038223565 0.11884308 0.30697149 2697513 0.8976562 -0.44069558 -0.00085055956 0.0010775655
0.033445239 0.16425186 0.30679294 2368548 0.78640103 0.61771595 -0.00065398571 0.003155597
0.036107302 0.16045594 0.30764955 2434341 0.84588701 0.53336161 0.00078508101 0.0031225469
0.030599356 0.16756731 0.30733559 2236962 0.72140193 0.69251662 0.00010396662 0.0042406768
0.031784236 0.16625124 0.30443737 2302755 0.74892819 0.66265064 -0.00086547731 0.0035847728
0.023652732 0.1734139 0.30625463 2105376 -0.55355865 -0.83281016 0.00026449593 0.0040115281
0.027351737 0.17063534 0.30712044 2171169 -0.64452285 -0.76458502 0.00033790723 0.004695178
0.019756079 0.17571086 0.30666471 1973790 -0.45955676 -0.88814837 -0.00025984936 0.0027644124
0.015776038 0.17749935 0.30855063 1842204 -0.36537373 -0.93086082 0.00045365817 0.0030327472
0.009221375 0.17946985 0.30582696 1644825 -0.21135922 -0.97740847 -0.00014623924 0.0030715049
0.0041615963 0.1802527 0.30757815 1644825 -0.093064547 -0.99566007 -0.00017215488 0.0014428893
-0.00028300285 0.18044853 0.30793878 1644825 0.0094037037 -0.99995553 -0.00068607915 0.0010017809
-0.0034903884 0.18032509 0.30784509 1644825 0.071252003 -0.99745703 -0.0016319489 0.00054749695
0.042472064 0.142921 0.30151421 2697513 0.99256438 0.12172084 -2.9721681e-05 0.0043510385
0.042735159 0.13993078 0.30184728 2697513 0.99868417 0.051278908 -0.00064963364 0.0041865516
0.042705834 0.13518333 0.30180639 2763306 0.99793577 -0.064216301 -0.0007185908 0.0044248668
0.039503992 0.15406424 0.30174726 2565927 0.92158335 0.38818029 0.00037389563 0.0049569765
0.04116255 0.14939564 0.30187875 2631720 0.96080893 0.2772114 0.00022938827 0.0043634498
0.042027771 0.14572069 0.30073994 2697513 0.98218024 0.18794137 -0.00025472816 0.0032858045
0.042032957 0.12995839 0.30077487 2763306 0.98147172 -0.19160393 -0.0011141081 0.0029028221
0.040965319 0.12569129 0.30167705 2763306 0.95715958 -0.28955853 -0.001194745 0.0034449759
0.039039195 0.12056077 0.30094534 2763306 0.91449559 -0.40459079 -0.0020442172 0.001547301
0.033728182 0.16388264 0.30248126 2368548 0.79252261 0.6098423 -0.00056806352 0.0033709069
0.036221862 0.16027561 0.30150706 2434341 0.84798902 0.53001374 -0.00028585538 0.0028117246
0.035595596 0.11411232 0.30061075 2631720 0.85681283 -0.51562673 -0.00093400234 0.00021619676
0.029346764 0.1688334 0.30301711 2236962 -0.69221771 -0.72168875 0.00019996086 0.0031863744
0.022834003 0.17393941 0.30039823 2105376 -0.53420973 -0.84535199 -0.00010768835 0.0041821669
0.025921762 0.17178822 0.30263901 2105376 -0.60995442 -0.79243624 0.0006657347 0.003697437
0.021211445 0.17491201 0.3027072 1973790 -0.49496216 -0.86891443 0.0004523746 0.0040101968
0.013590872 0.1782968 0.30299905 1776411 -0.3136971 -0.94952303 -0.00036424203 0.0047229859
0.016641974 0.17715612 0.30058113 1907997 -0.3859278 -0.92252898 7.7049524e-05 0.0036979986
0.0053088069 0.18012562 0.30014223 1644825 -0.12064549 -0.99269551 0.0005071885 0.0017565991
-0.00056970119 0.18044186 0.30075845 1644825 0.013885665 -0.99990338 0.00066210114 0.001011176
0.042758524 0.13926232 0.29708964 2697513 0.99939644 0.034729645 -0.00079460425 0.0030491056
0.042648017 0.13439852 0.29685098 2763306 0.99657971 -0.082634702 -0.00062388531 0.0041834568
0.037791848 0.15760639 0.29916614 2500134 0.88297457 0.4694207 -0.00041709386 0.003886438
0.039178371 0.15479913 0.29650372 2565927 0.91394216 0.40584385 -0.0006987165 0.0032808073
0.040937722 0.15015477 0.29668242 2631720 0.95549852 0.29499358 -0.0011788364 0.002739358
0.042135239 0.14513105 0.29609388 2697513 0.98470771 0.17421384 -0.00055652601 0.0034405445
0.042210221 0.1309647 0.2962752 2763306 0.98588836 -0.1674026 -0.00069200882 0.0031606397
0.041367114 0.12714708 0.29493362 2763306 0.96651727 -0.25660136 -0.00038180576 0.0035828378
0.039518774 0.12173128 0.29687124 2763306 0.92497641 -0.38001934 -0.0019849068 0.0025286835
0.0340029 0.16349587 0.29813692 2368548 0.79894638 0.60140222 -0.00014412451 0.0025205824
0.035776675 0.16095981 0.29603618 2434341 0.83821064 0.54534608 -0.00076269789 0.003223472
0.036372125 0.11546707 0.29697496 2697513 0.86866641 -0.49539375 -0.001936069 0.00042664335
0.028687418 0.16944179 0.29728851 2236962 -0.67747623 -0.73554462 0.00025813017 0.0036104633
0.031798005 0.16621828 0.2973251 2302755 0.74927586 0.66225785 -0.00046035438 0.0040808991
0.024386227 0.17290586 0.29795849 2105376 -0.57235414 -0.82000655 -0.0001041211 0.0036249678
0.025894821 0.1717951 0.29550982 2105376 -0.60936487 -0.79288995 7.7236808e-05 0.0043109423
0.020262063 0.17543438 0.29653835 1973790 -0.47244379 -0.88136071 0.00045676806 0.0036609506
0.013463378 0.17832786 0.29584685 1776411 -0.31007248 -0.95071286 -0.0002975564 0.0037577115
0.010207951 0.17924953 0.2980637 1644825 -0.23350678 -0.97235513 -0.0003483808 0.0028195232
0.042714417 0.14008808 0.29209536 2697513 0.99853218 0.054155108 -0.0008609122 0.0026194139
0.042704046 0.13531536 0.29209071 2763306 0.99817157 -0.060438901 -0.00078851491 0.0038310306
0.038833678 0.15551677 0.29110461 2565927 0.90649855 0.422207 -0.0012875894 0.0030305444
0.040682435 0.15091443 0.29144412 2631720 0.94971436 0.31311566 -0.0011283132 0.0036803775
0.041984141 0.14591676 0.29093236 2697513 0.98119998 0.19299123 -0.0010162429 0.0041523161
0.042034328 0.13001841 0.29100496 2763306 0.98220623 -0.18780546 3.8852217e-05 0.0033124259
0.039985716 0.12291443 0.2927646 2763306 0.93505228 -0.35450801 -0.0011511799 0.0022694068
0.037851036 0.11815935 0.28951782 2697513 0.89097333 -0.45405537 -0.00045965964 0.00085651746
0.033495724 0.16416541 0.29255053 2368548 0.78803551 0.61562979 4.5014589e-05 0.0033371311
0.036731541 0.15943086 0.29263169 2500134 0.85962045 0.51093137 -0.0013351826 0.0031944485
0.037124336 0.1168021 0.29325932 2697513 0.87707472 -0.48035371 -0.00049204397 0.00096571207
0.029676795 0.1685082 0.29160437 2236962 -0.70120084 -0.71296376 -0.00014944286 0.0037645327
0.031827271 0.16620305 0.29013082 2302755 0.75067598 0.66067058 -0.00018685345 0.0031733604
0.023580074 0.17345557 0.29200947 2105376 -0.55248505 -0.8335228 0.00022700083 0.0044679572
0.026245356 0.17153269 0.29121578 2105376 -0.61857748 -0.78572375 0.0002796067 0.0035732712
0.019305885 0.17593578 0.29036608 1973790 -0.44884279 -0.89361048 0.00066038058 0.0029742843
0.015553832 0.17758423 0.29428616 1842204 -0.36003819 -0.93293744 0.00049798924 0.0030610636
0.01747489 0.17679566 0.29240277 1973790 -0.4061434 -0.91380936 0.00015066686 0.004869821
0.0088816285 0.1795477 0.29145926 1644825 -0.20318565 -0.97914022 0.0001051827 0.0036916081
0.00509727 0.18015894 0.29290861 1644825 -0.11402655 -0.99347752 0.00061016041 0.0026469121
0.00068879128 0.18044648 0.29341409 1644825 -0.0096111577 -0.99995381 0.00011370838 0.0014720816
-0.0043426156 0.18021825 0.29303643 1644825 0.095522299 -0.99541271 0.0053838994 0.0005430234
0.042650402 0.14092708 0.28706604 2697513 0.99726474 0.073911838 -0.00030015211 0.0036180343
0.042742431 0.13623917 0.28728813 2763306 0.99928153 -0.037899595 -5.6477526e-05 0.0039491081
0.039052427 0.15502885 0.28644413 2565927 0.91226733 0.40959522 -0.0002918292 0.00436805
0.041496038 0.14809367 0.28527027 2697513 0.96936828 0.24560854 -0.0012839086 0.0046039768
0.042082369 0.14531511 0.28618962 2697513 0.98404145 0.17793839 -0.00057277642 0.0026572209
0.042478442 0.13281196 0.28680009 2763306 0.99269336 -0.12066423 -0.00028279953 0.0048024915
0.041864336 0.1291312 0.28579682 2763306 0.97764981 -0.21023957 -0.00042740619 0.0029415009
0.040637672 0.12472284 0.28653759 2763306 0.94990933 -0.31252545 0.00031556384 0.0024642439
0.038524091 0.11947227 0.2856465 2697513 0.90377021 -0.42801794 -0.00020543487 0.0013002875
0.033791006 0.16379571 0.28812167 2368548 0.79423451 0.6076113 -3.9181436e-06 0.0039469064
0.036300242 0.16012812 0.28709465 2434341 0.85018456 0.52648443 -0.00061030791 0.0031448959
0.030009687 0.16818449 0.28727588 2236962 -0.70886093 -0.70534825 -0.0001343133 0.0032185584
0.031256437 0.16684622 0.2844561 2302755 0.73745716 0.67539382 0.00034470361 0.0040556537
0.022750974 0.1739887 0.28599393 2039583 -0.53209454 -0.84668493 -0.00022168756 0.0036435409
0.026627183 0.17122927 0.28706062 2171169 -0.62689042 -0.77910745 -0.00010671272 0.0049374443
0.021090269 0.1749748 0.28832591 1973790 -0.49192154 -0.87063938 0.00056464382 0.0039647976
0.014395237 0.17801809 0.28780332 1776411 -0.33254349 -0.94308782 0.0004037132 0.0054448289
0.016454816 0.17722845 0.28615788 1842204 -0.38159475 -0.9243297 0.00017158945 0.0034862231
0.012272358 0.17870209 0.28939202 1776411 -0.28247494 -0.95927471 5.4807657e-05 0.003759928
0.0048582554 0.18018159 0.28553528 1644825 -0.10778955 -0.99417329 0.0009235795 0.002842363
0.00040525198 0.18043742 0.28603444 1644825 -0.0018733159 -0.99999678 0.0017137609 0.0021152855
-0.0049027801 0.18011734 0.28529501 1644825 0.11457866 -0.99341416 0.00012784141 0.00079607416
0.042699158 0.14024824 0.28216237 2697513 0.99830955 0.058116075 -0.00075925369 0.0043881955
0.042711675 0.13544863 0.28219551 2697513 0.99834388 -0.057519652 -0.0010203742 0.0043698656
0.039267898 0.15455878 0.28192204 2565927 0.91698635 0.39891833 -0.00044896579 0.0049689799
0.041019082 0.14982948 0.28206295 2631720 0.9576872 0.2878105 -0.00058292615 0.0041570375
0.042191982 0.14470318 0.28137916 2697513 0.98641855 0.16424865 -0.00093241123 0.0040879152
0.042062104 0.13014776 0.28116935 2763306 0.98247492 -0.1863925 -0.00092095899 0.0032174762
0.041126549 0.12629104 0.27978915 2763306 0.96119189 -0.27587798 -0.0012233611 0.0039891279
0.039033234 0.12060231 0.28139406 2763306 0.91448545 -0.40461653 -0.0013331076 0.0012900432
0.034072518 0.1634075 0.28365883 2368548 0.80100256 0.59866095 6.7235022e-05 0.002516683
0.035860538 0.16082877 0.28149003 2434341 0.84051532 0.54178751 0.00056426157 0.0036651848
0.035522163 0.11403835 0.28104529 2631720 0.85294175 -0.52200586 -0.00053264882 0.00029590062
0.028695285 0.16944423 0.28280076 2236962 -0.67780805 -0.73523879 -0.00037368055 0.0040927045
0.032429457 0.1654956 0.28119907 2368548 0.76420134 0.64497775 0.00022205705 0.0033432927
0.024329841 0.17295063 0.28348792 2105376 -0.57051748 -0.82128549 -1.1531828e-05 0.0037762239
0.025860369 0.1718269 0.2809695 2105376 -0.60829443 -0.79371142 7.0185793e-05 0.0042965873
0.020133495 0.17549744 0.28201222 1973790 -0.46859324 -0.88341403 4.8794747e-05 0.0029405707
0.014273286 0.17805317 0.28044322 1776411 -0.32975745 -0.94406569 -5.8782822e-05 0.0041463999
0.0098791122 0.17932838 0.28348178 1644825 -0.22580473 -0.97417259 -5.8873247e-05 0.0038488926
0.042731404 0.13956332 0.27721435 2697513 0.99909973 0.042419467 -0.00057175505 0.0033917313
0.042654932 0.13465089 0.27705508 2763306 0.99708027 -0.076356865 -0.00076345063 0.0033803338
0.038939357 0.15529725 0.27640241 2565927 0.90902531 0.41674089 -0.00020106562 0.003208342
0.040776312 0.15060773 0.27669877 2631720 0.95227456 0.30524281 9.113524e-05 0.0036971939
0.042044222 0.1455107 0.27611047 2697513 0.9829886 0.18366641 0.00021932341 0.0044054259
0.0422315 0.13117385 0.27650207 2763306 0.98673886 -0.1623157 6.1716972e-05 0.003752308
0.041392505 0.12728316 0.27511007 2763306 0.96720117 -0.25401136 -0.00036497938 0.0041647097
0.039527178 0.12179273 0.27716798 2763306 0.92499506 -0.37997526 -0.001723049 0.002124565
0.034109116 0.16335952 0.27626881 2368548 0.80111736 0.59850723 -0.0002411107 0.0037852342
0.036822855 0.15927562 0.27799994 2500134 0.8621909 0.50658351 1.1705361e-05 0.0032726359
0.036292493 0.11538291 0.27721757 2697513 0.86307102 -0.50505561 -0.0052274996 0.00067189545
0.029691517 0.16849035 0.27695987 2236962 -0.70162046 -0.71255076 0.00033816637 0.0037980862
0.031866908 0.16615027 0.27543327 2302755 0.75173891 0.6594606 -0.00057858007 0.003373655
0.02350533 0.17349777 0.27737558 2105376 -0.55062598 -0.83475208 4.9020469e-05 0.0043796683
0.026210248 0.1715534 0.27656031 2105376 -0.61747575 -0.78658962 0.00070420129 0.0039598448
0.019158602 0.17600515 0.27566209 1973790 -0.4459801 -0.89504284 0.00031354604 0.0038551025
0.017301261 0.17687169 0.27775517 1907997 -0.4003095 -0.91637999 -3.1110845e-05 0.0036059101
0.010885954 0.17907879 0.27538651 1710618 -0.24987125 -0.96827906 -0.0002339252 0.0032337275
0.0059484243 0.18004698 0.27764386 1644825 -0.13539898 -0.99078965 -0.0017200025 0.0027252322
0.00011944771 0.18043903 0.27855179 1644825 0.00045774056 -0.9999913 -0.0041409973 0.0015722413
0.042682767 0.14041162 0.27204412 2697513 0.99804652 0.062473796 -0.00038692771 0.0030240191
0.042708218 0.13558549 0.27211648 2763306 0.9985671 -0.053513743 -3.8231832e-05 0.0045232088
0.038565278 0.15601912 0.27079529 2565927 0.90161109 0.43254349 0.0018954909 0.0041726171
0.040948808 0.15001827 0.27175385 2631720 0.95643669 0.29193974 0.00028923014 0.0040072757
0.04214716 0.1449005 0.27123576 2697513 0.98578948 0.16798538 0.00020562051 0.0037283285
0.042047381 0.13019645 0.27100235 2763306 0.98289675 -0.18412416 0.0035086744 0.0054948386
0.040002763 0.1229986 0.27290744 2763306 0.93529761 -0.35385925 -0.0014196727 0.0025053413
0.037779093 0.11813331 0.26948076 2697513 0.8867994 -0.46213269 0.0044927048 0.0014420975
0.033027828 0.16476235 0.27211735 2368548 0.77715218 0.6293121 -0.00085231086 0.003448627
0.036384106 0.1599797 0.27230221 2434341 0.85205632 0.523449 0.0010902104 0.0031107015
0.037056863 0.11674279 0.2733627 2697513 0.87483156 -0.48442313 -0.0019956448 0.0012765605
0.030019879 0.16815236 0.272513 2236962 0.70837337 0.70583725 -0.0009925242 0.0038314934
0.031272471 0.16678348 0.26960358 2302755 0.73811483 0.67464054 0.0068293391 0.0035260408
0.022661269 0.1740334 0.27119446 2039583 -0.53093904 -0.84740812 -0.00180317 0.0045389468
0.026594877 0.17124695 0.27227962 2171169 -0.62640721 -0.77949482 0.0013605906 0.0041143559
0.020970583 0.1750401 0.27356172 1973790 -0.48939919 -0.87205952 0.00078549678 0.0036617268
0.014153302 0.17810181 0.27298322 1776411 -0.32657051 -0.94517285 -4.0262003e-05 0.0047567599
0.016265571 0.17730641 0.27133814 1842204 -0.37710342 -0.92617095 0.0006347989 0.0032711925
0.0043594837 0.18023637 0.2704646 1644825 -0.098296158 -0.99515527 -0.0019705915 0.0027181788
-0.00016689301 0.18047753 0.270964 1644825 0.0059388736 -0.99998069 0.0018409806 0.0029088897
-0.0035182834 0.18033472 0.27080831 1644825 0.083790578 -0.99647743 0.0034444218 0.0020927661
0.042712629 0.13972032 0.26700264 2697513 0.99899238 0.044858359 0.0013948657 0.0052564056
0.042660832 0.13652807 0.26712698 2763306 0.99952078 -0.028940035 0.010988255 0.0065433504
0.039322376 0.15429461 0.26693469 2565927 0.91923094 0.39321452 0.019919153 0.0062304265
0.041100919 0.14949507 0.26703757 2631720 0.96035606 0.27870837 0.0061496617 0.0051060859
0.042175829 0.14425015 0.26624197 2697513 0.98845315 0.15040699 0.018385978 0.0079511758
0.042434812 0.13304299 0.26662582 2763306 0.99321395 -0.11481728 0.018521976 0.005882368
0.041790605 0.129327 0.26562709 2763306 0.97769266 -0.20705494 0.03528842 0.0074870912
0.040442526 0.12422663 0.26861411 2763306 0.94563705 -0.32508704 0.0094347978 0.0036833466
0.0383448 0.11951339 0.26545268 2697513 0.89779818 -0.438043 0.045572329 0.0057947421
0.034119666 0.16329724 0.26878223 2368548 0.80217534 0.59702229 0.0088959252 0.0029580749
0.035896063 0.1606614 0.26654142 2434341 0.84297723 0.537494 0.022125201 0.0042023696
0.028675795 0.16941524 0.26791427 2236962 -0.67656106 -0.73632735 -0.0093380595 0.0037480018
0.032429814 0.16539204 0.26625249 2368548 0.76267081 0.64635032 0.023756528 0.0052284799
0.02425319 0.17296919 0.2686187 2105376 -0.56961471 -0.82189244 -0.0056451345 0.0038164204
0.025763571 0.17177626 0.26602769 2105376 -0.60769838 -0.79379815 -0.024230972 0.0052181333
0.01998651 0.17553681 0.26708543 1973790 -0.46355766 -0.88597739 -0.012583566 0.0041064275
0.013966441 0.17797098 0.26541308 1776411 -0.32249731 -0.9459554 -0.034115147 0.0076271137
0.0095336437 0.1793752 0.26849622 1644825 -0.22228397 -0.9749459 -0.0083880266 0.003654382
0.042457402 0.14056259 0.26171547 2697513 0.99402416 0.063272394 0.088952549 0.0086284848
0.042519987 0.13572639 0.26182455 2697513 0.9957754 -0.045989405 0.079475284 0.008840709
0.03752625 0.15791729 0.26407439 2500134 0.8775019 0.47594973 0.058841377 0.0081540421
0.038905025 0.15501115 0.26126152 2565927 0.90805656 0.40313447 0.1136483 0.012107991
0.040641069 0.15021926 0.26148182 2631720 0.95082343 0.2922228 0.10266749 0.014284142
0.041932225 0.14506617 0.26084787 2697513 0.97873455 0.16374446 0.12355752 0.014983587
0.041959465 0.13036275 0.26080626 2763306 0.9739641 -0.17794394 0.14046329 0.017945193
0.040738821 0.12545866 0.26419467 2763306 0.9525677 -0.29840174 0.059759468 0.010181149
0.038882971 0.12070376 0.26109022 2763306 0.90407884 -0.40554154 0.13482377 0.012631659
0.033481002 0.16388634 0.26286933 2368548 0.78511381 0.6133371 0.086103939 0.010933317
0.035432816 0.16136762 0.26066825 2500134 0.82098812 0.55386925 0.13859075 0.014538947
0.035198152 0.11407626 0.26062891 2829099 0.81104881 -0.56533271 0.15032876 0.016998865
0.033709586 0.11242926 0.26375183 2631720 0.75083184 -0.65023571 0.11595248 0.010088066
0.028556764 0.16928425 0.26028821 2236962 -0.66703755 -0.72938764 -0.15183748 0.018193176
0.031168282 0.16667643 0.26189169 2236962 0.73131406 0.67387599 0.10521816 0.010978168
0.023330271 0.1733925 0.26232207 2105376 -0.54110241 -0.8360194 -0.090993568 0.011201769
0.026018381 0.17136949 0.26146412 2105376 -0.61028779 -0.78403544 -0.11330166 0.017189398
0.018919706 0.17589676 0.26052406 1973790 -0.43781415 -0.8868385 -0.14777082 0.017199408
0.017030895 0.17676386 0.26268545 1907997 -0.39510316 -0.91506773 -0.08089859 0.0089409677
0.010496616 0.17893136 0.26013678 1644825 -0.23977779 -0.95879549 -0.15237415 0.014591305
0.0054856539 0.17987216 0.26242763 1644825 -0.12891598 -0.98837018 -0.080653638 0.0091083273
-0.00047057867 0.18004185 0.2632241 1644825 0.025208892 -0.99879885 -0.042016275 0.011680354
-0.006274581 0.1795114 0.26177514 1710618 0.1613971 -0.98234487 -0.094601803 0.014529264
0.042926371 0.13988662 0.25667185 3026478 0.96011627 0.043415852 0.2762098 0.021266991
0.042894721 0.13490391 0.25659007 3158064 0.95910341 -0.053073313 0.2780357 0.019914895
0.039269269 0.15614352 0.25597316 3026478 0.85588169 0.40075707 0.32689497 0.025494225
0.04143554 0.15011337 0.25618035 3158064 0.9175722 0.26725987 0.29433545 0.023197623
0.042678356 0.14460865 0.256172 3223857 0.94290268 0.14093348 0.30178186 0.025259141
0.042577386 0.12959236 0.25594503 3223857 0.93411261 -0.17348994 0.31198528 0.027523432
0.04127121 0.12529647 0.25698334 3092271 0.91733301 -0.27682802 0.28612319 0.024501812
0.039304137 0.11981851 0.25616556 3158064 0.86247772 -0.39792651 0.31270859 0.023256054
0.034202635 0.16435614 0.25595137 2763306 0.74118233 0.58550239 0.32838342 0.024749022
0.036757112 0.16002142 0.25743681 2763306 0.82207757 0.50052243 0.27141431 0.022261726
0.03653115 0.11520475 0.25696069 3026478 0.82153416 -0.50531858 0.26407331 0.023401553
0.02943033 0.16940984 0.25627026 2763306 -0.64924926 -0.69325358 -0.31284958 0.021091677
0.032050848 0.16731319 0.2551851 3158064 0.68305916 0.63161707 0.36672896 0.024297591
0.031735778 0.10769051 0.2547923 3421236 0.68578732 -0.63672996 0.35252053 0.017743647
0.028293788 0.10433036 0.2545782 3158064 0.62546819 -0.69504249 0.35454968 0.01432037
0.023959637 0.17406461 0.25539672 2697513 -0.51734656 -0.78352648 -0.34414935 0.02378021
0.026727438 0.1714775 0.25715816 2500134 -0.59964257 -0.75387102 -0.2685279 0.024345087
0.019786119 0.17608652 0.25671661 2434341 -0.44250607 -0.85018164 -0.28527099 0.026074881
0.013949811 0.17831472 0.25780514 1973790 -0.30696642 -0.92151076 -0.23788546 0.030734546
0.016278684 0.17780027 0.2563155 2302755 -0.35591602 -0.88643289 -0.29590619 0.021974932
0.0088126063 0.18039501 0.25503713 2565927 -0.17939301 -0.91486883 -0.36170867 0.023720462
0.0043518543 0.18083322 0.25579244 2171169 -0.094488315 -0.93840671 -0.33236241 0.026778897
-0.00045186281 0.18092227 0.25606284 2039583 0.011196804 -0.9600783 -0.27950725 0.017103216
-0.0057385564 0.18068704 0.25557399 1907997 0.12269274 -0.94198471 -0.31242809 0.01971502
-0.011397123 0.17858177 0.25905859 1710618 0.27776992 -0.94058031 -0.19532667 0.022771137
-0.017068088 0.17738894 0.25580207 1907997 0.37762704 -0.86226243 -0.33749273 0.012872457
-0.024074078 0.17363325 0.25492305 1710618 0.50596601 -0.71690226 -0.47963479 0.0040079537
0.044178724 0.15054217 0.25098625 3487029 0.81257129 0.22974184 0.53567398 0.014215927
0.044294655 0.14502731 0.25217643 3487029 0.8584196 0.13983512 0.49351984 0.021279447
0.045166314 0.14034736 0.25163153 3552822 0.85835755 0.04478889 0.51109314 0.012866752
0.044520795 0.13535863 0.25263241 3552822 0.87405443 -0.046318874 0.48361498 0.019706599
0.045047104 0.13031983 0.25142065 3684408 0.85319901 -0.12926465 0.50531381 0.020918801
0.043883204 0.12470841 0.2513099 3618615 0.81468099 -0.25035122 0.52308613 0.018382814
0.038346171 0.16482356 0.24973232 3487029 0.66572261 0.4681361 0.58108693 0.015763421
0.039659917 0.15994611 0.25166339 3421236 0.74634641 0.4231056 0.51375937 0.016188992
0.041356623 0.15512523 0.25261456 3421236 0.81588632 0.341355 0.46669728 0.020536564
0.041409314 0.11954075 0.25185293 3618615 0.79282773 -0.35558161 0.49496061 0.019605892
0.039767385 0.11609346 0.25176269 3618615 0.76010936 -0.41182142 0.50263 0.019553833
0.038718581 0.1122098 0.25024468 3684408 0.69117087 -0.45943931 0.55785149 0.016410235
0.03415513 0.16867608 0.25080785 3421236 0.6212827 0.56897753 0.5387693 0.014796221
0.035761416 0.16499421 0.25237232 3355443 0.6907289 0.53684485 0.48444939 0.021508429
0.037290454 0.11352348 0.2531566 3487029 0.75469387 -0.48887512 0.43753657 0.023476429
0.035154641 0.10991895 0.25242278 3487029 0.69143116 -0.54246986 0.47712615 0.018091679
0.032743275 0.10592192 0.25118634 3552822 0.6047253 -0.59193975 0.53283644 0.017863687
0.0284881 0.1748172 0.24972735 3355443 -0.49779597 -0.6456576 -0.57907289 0.014042823
0.03074652 0.17113599 0.25159296 3223857 -0.5816102 -0.63219082 -0.51192224 0.015728574
0.029265165 0.10235995 0.25092897 3552822 -0.50560862 0.60822201 -0.61190349 0.0030781566
0.025653303 0.17482764 0.25210702 2960685 -0.5027653 -0.71347153 -0.48804241 0.020692829
0.024527431 0.099324465 0.25129056 3421236 -0.45920762 0.66817242 -0.58538365 0.0026215799
0.020108104 0.17949334 0.250422 3158064 -0.35963461 -0.7516799 -0.55284745 0.016008765
0.02120012 0.1765275 0.25380826 2894892 -0.44073278 -0.79878503 -0.40950832 0.025084795
0.014876962 0.1805962 0.25169709 2829099 -0.28249988 -0.81758624 -0.50174356 0.022004372
0.010709167 0.18102643 0.25288349 2763306 -0.21064305 -0.86730367 -0.45101422 0.019346436
0.0052369833 0.18251884 0.2521686 2565927 -0.10729419 -0.86744076 -0.48583379 0.017602449
0.00043255091 0.1838699 0.25057885 2697513 -0.014669701 -0.83755225 -0.54616028 0.01721056
-0.004786551 0.18463317 0.24947856 2763306 0.074989438 -0.79692513 -0.59940547 0.010973718
-0.0048120618 0.18258333 0.25211498 2434341 0.093614131 -0.86594182 -0.49130553 0.017795503
-0.01081562 0.18103829 0.25278592 2368548 0.21950045 -0.852117 -0.47509596 0.014451359
-0.014912963 0.18063927 0.25171784 2368548 0.28980222 -0.79148084 -0.53811961 0.011800079
-0.019077301 0.18010384 0.25046006 2500134 0.3302629 -0.72639644 -0.6027227 0.0078846654
-0.022261083 0.1761916 0.25300318 2039583 0.43775332 -0.72323745 -0.53413439 0.0052080918
-0.027593434 0.17509842 0.25026244 2302755 0.46537021 -0.61404651 -0.6374774 0.0028598194
-0.030234337 0.1720458 0.25100419 2105376 0.51575226 -0.60081041 -0.6107589 0.0024821009
0.048916996 0.15460727 0.24516919 3684408 0.74314207 0.24710146 0.62183654 0.008133892
0.049248397 0.14994729 0.24588647 3684408 0.73495072 0.17028219 0.65639275 0.0042131743
0.04963547 0.14437643 0.24645177 3750201 0.75440413 0.09392231 0.64965606 0.0031036781
0.049253821 0.13972664 0.24718073 3750201 0.75950986 0.028136445 0.64988697 0.0036749982
0.050135255 0.13487643 0.24626721 3750201 0.75226486 -0.047271647 0.65716279 0.003294467
0.048532724 0.13078344 0.24744728 3815994 0.76900899 -0.10456914 0.6306271 0.0075429762
0.049184442 0.12494433 0.24572471 3815994 0.73640472 -0.19529641 0.64774024 0.0050044861
0.048602402 0.1194374 0.24472705 3750201 0.7199263 -0.26356769 0.64205784 0.0060482533
0.044109464 0.16310698 0.24565212 3552822 0.65976095 0.38241428 0.6468963 0.0035448268
0.044514656 0.15934247 0.24715059 3618615 0.68189198 0.34014589 0.64755243 0.0036939119
0.045947492 0.15512335 0.24761119 3684408 0.71093661 0.27642444 0.64665186 0.0035643668
0.047129035 0.1492016 0.24792209 3684408 0.75228494 0.1790185 0.63405025 0.0120523
0.047410309 0.12772787 0.24819687 3815994 0.76861954 -0.15628225 0.62032241 0.0086905593
0.046998739 0.12421483 0.24761322 3815994 0.72968578 -0.21620405 0.64870214 0.0041721798
0.045026541 0.12004197 0.24803166 3750201 0.71742028 -0.29209819 0.63244516 0.008494583
0.044844508 0.11465943 0.2459542 3750201 0.66674286 -0.34251395 0.66192007 0.0034973759
0.042437136 0.11011499 0.24564271 3750201 -0.6218133 0.40441558 -0.67066854 0.0035968174
0.038539886 0.1726746 0.24463516 3487029 -0.56136 -0.52099419 -0.64299303 0.0053124437
0.038487494 0.16877306 0.24721342 3487029 -0.59105468 -0.4826884 -0.64627111 0.0044322573
0.041012526 0.16584298 0.24689144 3487029 -0.62723142 -0.4348428 -0.64613658 0.0035989257
0.041274548 0.16126847 0.24908596 3618615 0.68432426 0.39873362 0.61050129 0.011057422
0.041394591 0.1151762 0.2493152 3750201 0.70189595 -0.39436415 0.59314334 0.011582823
0.039064109 0.10965085 0.24819201 3684408 -0.6242246 0.45634362 -0.63410896 0.0076812832
0.039086044 0.1048553 0.24550313 3684408 -0.57352179 0.4893648 -0.65695876 0.0038482603
0.034270704 0.17474034 0.24583228 3355443 -0.50422019 -0.55613643 -0.660662 0.0030629602
0.035615921 0.17071015 0.24795373 3487029 -0.5633806 -0.53348559 -0.63086873 0.0072948849
0.035484135 0.10446531 0.24774523 3684408 -0.54180032 0.51556474 -0.66381127 0.0036340994
0.034198523 0.10005629 0.24567814 3618615 -0.50507921 0.55655605 -0.6596517 0.0045615896
0.029006422 0.17956308 0.24535094 3355443 -0.43748495 -0.62463248 -0.64687032 0.0035983734
0.030488133 0.17554662 0.24770769 3355443 -0.49341041 -0.60797989 -0.62201822 0.0084202103
0.031176567 0.1016174 0.24877855 3618615 -0.49431476 0.57323259 -0.65349627 0.0029839154
0.029378951 0.096960425 0.24594055 3618615 -0.42513868 0.57700163 -0.69737095 0.0021125812
0.024064839 0.18294007 0.24540508 3223857 -0.36952481 -0.67949617 -0.63382673 0.0055668945
0.025004268 0.17945933 0.24774253 3289650 -0.40752044 -0.65759403 -0.63363802 0.0071954592
0.027439713 0.177416 0.24809872 3355443 -0.44576401 -0.64649045 -0.61914825 0.0090429848
0.027340949 0.097835839 0.24794362 3618615 -0.42199743 0.60733527 -0.67309886 0.002340097
0.024462104 0.093675375 0.24602509 3552822 -0.39523613 0.5751341 -0.7162466 0.0018403176
0.019328773 0.18473077 0.24578001 3092271 -0.29821169 -0.70673716 -0.64155465 0.005690163
0.021141052 0.18089288 0.24859954 3223857 -0.35044143 -0.70463771 -0.61698985 0.0081285257
0.015008986 0.1851663 0.24680391 3026478 -0.2312233 -0.72319126 -0.65079194 0.0040622423
0.009801209 0.18510178 0.24810176 2960685 -0.15077429 -0.76113546 -0.63082486 0.0074751554
0.0053163767 0.1893872 0.24474496 2960685 -0.068655126 -0.76616704 -0.6389637 0.0045630354
0.0051724315 0.18615741 0.24783559 2960685 -0.078621618 -0.74894017 -0.6579569 0.0030966322
0.00048232079 0.18935588 0.24488208 2894892 0.0048080608 -0.76794755 -0.64049464 0.0042768014
0.00046497583 0.18701631 0.24734244 2894892 -0.005702104 -0.75310183 -0.65787929 0.0030028077
-0.0046198964 0.18933859 0.24475001 2763306 0.066336751 -0.76669133 -0.63857955 0.0042852354
-0.0047097206 0.18705148 0.24718474 2763306 0.070825651 -0.74851853 -0.65932065 0.0040604747
-0.0081266165 0.18930268 0.24454737 2763306 0.11105653 -0.76642632 -0.63265878 0.0056556249
-0.0099971294 0.18508402 0.24811924 2697513 0.15571742 -0.75155824 -0.64102447 0.004846782
-0.014753401 0.18511105 0.24680342 2631720 0.22024959 -0.71626145 -0.66216284 0.0049399058
-0.018720984 0.18477491 0.24590364 2565927 0.27147576 -0.67965823 -0.68144381 0.0036230101
-0.022066832 0.1807546 0.24824922 2500134 0.34653538 -0.66427505 -0.66230798 0.0032922439
-0.02402401 0.18282393 0.24529129 2500134 0.34082586 -0.63350677 -0.69462717 0.0034460931
-0.025757611 0.17898244 0.24784869 2500134 0.39986557 -0.62509149 -0.6703493 0.002619233
-0.031332374 0.1791766 0.2444149 2500134 0.40872246 -0.56094772 -0.71991915 0.0020138139
-0.030747592 0.175542 0.24765082 2434341 0.45283124 -0.56893682 -0.68647999 0.0020898299
-0.034199297 0.17616329 0.24512228 2434341 0.4050616 -0.53475267 -0.74159604 0.0017957431
0.052289724 0.15742701 0.24022938 3684408 0.82304835 0.3002871 0.4820987 0.016383473
0.05279386 0.15442255 0.24093045 3684408 0.82316774 0.2534956 0.50806969 0.013875625
0.053906083 0.14999729 0.24095203 3618615 0.83924031 0.18880068 0.50993127 0.015645634
0.054964602 0.14548475 0.24078548 3750201 0.84487736 0.12303728 0.52061898 0.015761821
0.054993808 0.13968158 0.24155009 3750201 0.8435958 0.032113951 0.53601754 0.012612403
0.054928362 0.13466662 0.24149835 3750201 0.84018624 -0.040706549 0.54076797 0.014532375
0.054388165 0.13023871 0.24153471 3750201 0.83075118 -0.11974412 0.54361188 0.011753577
0.054223895 0.12602335 0.24057996 3750201 0.84936857 -0.18754163 0.49335697 0.014592094
0.052799463 0.12110192 0.24086322 3815994 0.82104325 -0.25816262 0.50915617 0.01403915
0.048716307 0.16555277 0.2398552 3421236 0.77578706 0.44035062 0.45193553 0.015231552
0.049643397 0.16028088 0.24210563 3618615 0.76597893 0.34549761 0.54213256 0.011852886
0.050823927 0.15530327 0.24293949 3684408 0.77093393 0.25281563 0.58458966 0.011328002
0.051411092 0.15069297 0.24383272 3684408 0.77241397 0.19607538 0.60409522 0.012601628
0.051755905 0.14593136 0.24439205 3750201 0.76132083 0.12303416 0.63659495 0.0084223384
0.051669955 0.1292628 0.24431194 3815994 0.77557206 -0.13357966 0.61696392 0.0092543857
0.051395297 0.12571794 0.24386026 3815994 0.76114559 -0.17316149 0.62503803 0.0088318344
0.050806046 0.12023395 0.24287476 3750201 0.76590639 -0.25443667 0.59046537 0.0098954709
0.050139308 0.1159066 0.24183644 3750201 0.77102214 -0.33375695 0.54233855 0.011435845
0.049051046 0.11088651 0.2402443 3750201 0.76936114 -0.43230766 0.47031212 0.017212752
0.042402327 0.1740849 0.24026506 3487029 0.66704011 0.57475817 0.47403637 0.017207472
0.044861555 0.16964501 0.24143855 3487029 0.689125 0.49073094 0.53318846 0.010730903
0.045825422 0.16531384 0.24303034 3552822 0.68546879 0.4136849 0.59916389 0.0052884887
0.046029031 0.10957545 0.24243227 3750201 0.68548107 -0.43630493 0.58288395 0.0066840788
0.044252753 0.10442191 0.2405837 3684408 0.68383503 -0.5371483 0.49380296 0.017172648
0.039150298 0.17746761 0.24036533 3421236 -0.61626518 -0.62521946 -0.47887149 0.019161494
0.039002419 0.17521492 0.2426669 3421236 0.58025742 0.57405698 0.57771957 0.011088176
0.041464865 0.17075953 0.2439006 3487029 0.61112785 0.49020496 0.62146747 0.0098101227
0.041570485 0.10588717 0.24415642 3684408 -0.60843486 0.48835105 -0.62555599 0.0053915614
0.041208208 0.10136265 0.2410391 3684408 0.6346162 -0.58126122 0.50931096 0.01234986
0.038745761 0.097632945 0.23984867 3618615 0.61355382 -0.64694524 0.45278421 0.01381294
0.035005748 0.17971867 0.24167867 3355443 -0.52761579 -0.65327144 -0.54300827 0.010524134
0.037081659 0.098455787 0.2423311 3618615 -0.55576408 0.60105324 -0.57433552 0.0075186705
0.034408748 0.094575286 0.24078138 3487029 0.53046095 -0.65417045 0.53914016 0.010606081
0.030854344 0.18412545 0.24040934 3289650 -0.48093644 -0.72702014 -0.49004272 0.015429136
0.030165553 0.18115669 0.24365553 3355443 -0.45451662 -0.64920628 -0.60987365 0.0081158644
0.03152734 0.095925093 0.2440699 3618615 -0.45367852 0.58810627 -0.66955721 0.0054895137
0.028670013 0.091740847 0.24218605 3552822 -0.39620528 0.58342183 -0.70897138 0.00023358848
0.023092031 0.18790156 0.24126291 3158064 -0.35956472 -0.76972091 -0.5274874 0.016714884
0.025740683 0.18600783 0.24190472 3223857 -0.4000698 -0.7279169 -0.5568493 0.015249306
0.01964134 0.18947795 0.24107863 3158064 -0.31379005 -0.8037793 -0.50544494 0.015963815
0.021550059 0.18574518 0.24407589 3158064 -0.3345277 -0.7069307 -0.62316948 0.0067968052
0.015354276 0.19003233 0.24221209 3026478 -0.24119362 -0.80050391 -0.54865211 0.012805047
0.0086111426 0.19353825 0.23940545 2960685 -0.13301617 -0.88321114 -0.44971639 0.018903373
0.010067582 0.19006649 0.24354808 2960685 -0.14395572 -0.77998328 -0.60901797 0.0074108727
0.0054537058 0.19372681 0.2396664 2960685 -0.080663085 -0.88610947 -0.45640272 0.018000174
0.0054036379 0.19173309 0.24231738 2960685 -0.07946638 -0.80972242 -0.58140749 0.009328994
0.00062125921 0.19368118 0.23982355 2829099 -0.0068581351 -0.88703865 -0.46164426 0.023053521
0.00058865547 0.19167891 0.24247965 2894892 -0.0072771283 -0.80246824 -0.59665048 0.0061188908
-0.0044461489 0.193656 0.2396978 2829099 0.065061674 -0.88741428 -0.45635828 0.01998746
-0.0045520067 0.19169578 0.24234281 2763306 0.066549055 -0.80531353 -0.58910221 0.0071503259
-0.0079418421 0.19351399 0.23938239 2500134 0.116831 -0.89135152 -0.43799883 0.014372386
-0.010757744 0.19026491 0.24298537 2697513 0.15115562 -0.78342283 -0.60282719 0.0058777817
-0.015531242 0.19030771 0.24168184 2631720 0.23999311 -0.80310237 -0.54537135 0.0090020439
-0.019554317 0.18835631 0.24232714 2565927 0.30903253 -0.75906664 -0.57298928 0.010413195
-0.021796882 0.18572891 0.24400143 2500134 0.33797091 -0.70069361 -0.62833446 0.0067677549
-0.023673356 0.18761873 0.24085051 2500134 0.39385402 -0.76009339 -0.51685297 0.0091779754
-0.026036143 0.18498677 0.24241012 2500134 0.41118988 -0.70433712 -0.57864678 0.0088496646
-0.029071212 0.18527493 0.2396806 3618615 0.49897847 -0.74742144 -0.43861338 0.011833728
-0.028611064 0.18214008 0.24354239 2500134 0.37847358 -0.58929169 -0.71378779 0.0021822574
0.05724436 0.13967431 0.23760986 3158064 0.93743294 0.039061721 0.34596759 0.016497379
0.057131469 0.13475567 0.23765922 3158064 0.93552053 -0.041993868 0.35076758 0.016458433
0.053015649 0.16053203 0.23574497 2302755 0.8872211 0.37194201 0.27294299 0.017485783
0.054183125 0.15488502 0.23829496 3158064 0.88230157 0.27167767 0.38436338 0.018458713
0.056249022 0.15043265 0.23560166 2302755 0.94286489 0.20728455 0.26084262 0.016821088
0.056928635 0.1443758 0.23701394 2829099 0.94003773 0.11678118 0.32045484 0.017626449
0.056807816 0.12940991 0.23692822 2829099 0.93743771 -0.13909674 0.31915933 0.019991845
0.05559957 0.12465268 0.23753679 2894892 0.91075104 -0.21134685 0.35477465 0.021703882
0.05411607 0.12026292 0.23825645 3289650 0.88661045 -0.28277922 0.3660025 0.014616142
0.053201854 0.1156621 0.23621608 2368548 0.88146794 -0.35510132 0.31131545 0.020847132
0.048304856 0.16910017 0.23637286 2434341 0.80527878 0.5127843 0.29762101 0.017849775
0.050567985 0.16454867 0.23752762 2763306 0.83086461 0.43780771 0.34349447 0.017889868
0.051356316 0.11382258 0.23890926 3355443 0.8318792 -0.38401273 0.40063855 0.018256644
0.050057352 0.10898674 0.23636962 2368548 0.82402891 -0.48485222 0.29307798 0.016521402
0.047819674 0.10710841 0.23863211 3223857 0.76446605 -0.50117558 0.4054808 0.015041374
0.043919981 0.1744976 0.23756115 2631720 0.71538198 0.60134828 0.3558214 0.021702275
0.046331167 0.17223287 0.23584118 2171169 0.77217519 0.56680954 0.28718016 0.019387137
0.039033294 0.17953205 0.237683 2697513 -0.63140303 -0.68637079 -0.36086747 0.019043572
0.041340351 0.17660818 0.23878127 3158064 -0.66239703 -0.63158876 -0.40289688 0.018664518
0.034579873 0.18367091 0.2366261 2236962 -0.57304913 -0.76490778 -0.2941612 0.017734712
0.029426694 0.18628356 0.23835264 2960685 -0.47883418 -0.78795022 -0.38710758 0.019271133
0.025331557 0.18913376 0.23709249 2302755 -0.42516723 -0.84378928 -0.32749429 0.01971845
0.020615816 0.19118392 0.23741616 2434341 -0.34212026 -0.87230444 -0.34934038 0.017632337
0.015793502 0.19278851 0.23769227 2302755 -0.26599941 -0.89640844 -0.35453662 0.018686749
0.011641741 0.19325244 0.23894648 2500134 -0.18745913 -0.88679814 -0.42243117 0.017630903
0.0041553974 0.1951845 0.23512168 1644825 -0.079392418 -0.94427913 -0.31942725 0.016074346
-0.0005376339 0.19538125 0.23557779 1644825 0.0029960091 -0.94530684 -0.32616869 0.018263919
-0.0043629408 0.19532833 0.23494206 1644825 0.077545643 -0.94318861 -0.32308185 0.017232969
-0.011451662 0.19323939 0.23901655 2500134 0.18223493 -0.88235337 -0.43386969 0.019194713
-0.015825808 0.1928255 0.23758534 1907997 0.27345827 -0.89710486 -0.34702078 0.019846423
-0.021294117 0.18999866 0.23911469 2302755 0.35594171 -0.83589864 -0.4178265 0.016261218
0.057771266 0.14393026 0.23220241 1710618 0.98431778 0.10761777 0.13977483 0.010475283
0.05801928 0.14080006 0.23273955 1710618 0.98621124 0.062009439 0.1534345 0.009983222
0.058063209 0.13572782 0.23269461 1710618 0.98868662 -0.029241243 0.14711782 0.0092689255
0.054199219 0.15891212 0.2317673 1710618 0.92849171 0.34740743 0.13119149 0.010951764
0.055844188 0.15384734 0.23177886 1842204 0.95176047 0.27287301 0.14032938 0.010051675
0.056816876 0.1499939 0.23067069 1710618 0.97203088 0.21301661 0.098893479 0.0077702943
0.057335675 0.14700475 0.23154044 1710618 0.97899455 0.16212514 0.12363336 0.0087727318
0.057672143 0.13032043 0.23193276 1710618 0.98270494 -0.12558284 0.13608803 0.010160165
0.05715394 0.12654418 0.23105025 1710618 0.97679973 -0.18447198 0.108777 0.0106869
0.05570519 0.12134951 0.23436654 2236962 0.93943936 -0.26862496 0.21282449 0.01448341
0.054310918 0.11680585 0.23189747 1710618 0.93546122 -0.33027536 0.12581934 0.011071756
0.047829926 0.17097798 0.23241094 1710618 0.81729841 0.55872738 0.14087945 0.0099067166
0.050876737 0.16571444 0.2320198 1710618 0.86996132 0.47622052 0.12798949 0.0064944481
0.051401377 0.11046171 0.23271324 1710618 0.86693901 -0.47745058 0.14303036 0.010280334
0.044767857 0.17492396 0.23103945 1710618 0.76570731 0.63491362 0.10284419 0.0078210495
0.044263363 0.099980056 0.2320395 2368548 0.75454628 -0.65556413 0.029926324 0.010455452
0.042396545 0.02993387 0.22906046 3683372 -0.41103366 -0.34956825 -0.84193432 0.059668899
0.043005049 0.025357604 0.23029689 3683373 -0.31865761 -0.19363874 -0.92787999 0.044341434
0.04377991 0.020530999 0.22975509 3617580 -0.3296248 -0.0026611877 -0.94410825 0.032430027
0.040099323 0.18009466 0.23248416 1710618 -0.67656893 -0.72353965 -0.13691188 0.010931701
0.04185015 0.097802639 0.2339168 2631720 0.68976563 -0.71723098 0.099010497 0.017243572
0.039524436 0.030345261 0.22923416 3354665 -0.30116001 -0.28770247 -0.90913689 0.057007968
0.039853215 0.025526881 0.23085803 3551787 -0.19063495 -0.14996873 -0.97013795 0.04642975
0.039377868 0.020015657 0.23023444 3551787 -0.10651378 0.053539947 -0.99286872 0.016560938
0.035274208 0.18394223 0.23120506 1710618 -0.60333294 -0.79010332 -0.10828715 0.0080178902
0.032400131 0.043658614 0.22965452 3420201 -0.56078643 -0.31261018 -0.76667684 0.056492772
0.032784581 0.038929462 0.2296395 3223080 -0.45889598 -0.21731962 -0.86150259 0.060663257
0.034586549 0.030530274 0.22946246 3288616 -0.21164826 -0.11524898 -0.97052699 0.056361262
0.034716189 0.025466144 0.23034461 3551787 -0.070250712 -0.052058328 -0.99617004 0.034001369
0.034896255 0.02062571 0.23007925 3551787 -0.015357963 0.083373882 -0.9964 0.0085321469
0.028468072 0.18830287 0.23385833 1710618 -0.48149082 -0.85362136 -0.19873877 0.014073806
0.030285239 0.18732813 0.2313616 1710618 -0.51700461 -0.84738934 -0.12098571 0.0082330583
0.029277563 0.048670352 0.22983943 2894373 -0.48900625 -0.56864816 -0.66144705 0.068296567
0.029396415 0.04419899 0.23177968 3551531 -0.43958741 -0.2494604 -0.86286294 0.05545029
0.028966784 0.039876521 0.23173986 3551787 -0.35616705 -0.09221074 -0.92986137 0.053467456
0.030851126 0.034678042 0.22996435 3354409 -0.26893565 -0.02064787 -0.96293676 0.051908847
0.02987963 0.029105842 0.23003122 3551787 -0.11026275 0.0027819376 -0.99389857 0.04038823
0.029669464 0.025507271 0.22994587 3551787 -0.032613326 0.059137616 -0.99771696 0.020736754
0.030305922 0.01943469 0.22965261 3551787 0.01766287 0.096916929 -0.99513572 0.0076996963
0.023699462 0.19076964 0.23161221 1710618 -0.41361898 -0.90221375 -0.12218722 0.0080858488
0.024445355 0.050382376 0.23099971 3157031 -0.3663269 -0.57803112 -0.72916704 0.041882452
0.025505662 0.045729041 0.23276281 3551787 -0.24868785 -0.23921154 -0.93857992 0.055390723
0.024270535 0.039934456 0.23291934 3551787 -0.19641922 0.00047894553 -0.98051989 0.034517232
0.025408149 0.034506857 0.23179209 3551787 -0.14937949 0.1064605 -0.98303205 0.032427143
0.024778008 0.028931737 0.2308234 3551787 -0.071892947 0.11308961 -0.99098045 0.022883745
0.024307549 0.025155067 0.2301656 3551787 -0.027546698 0.1154475 -0.99293154 0.0092890402
0.025678873 0.021534562 0.22962569 3551787 0.014186298 0.12697813 -0.99180406 0.00044342404
0.021637201 0.1916059 0.23366296 1710618 -0.37537116 -0.90867513 -0.18277307 0.015136434
0.020105481 0.05271107 0.23123159 3025958 -0.27709389 -0.60173935 -0.74908525 0.065240614
0.019506037 0.050217748 0.23279406 3485994 -0.21815 -0.40456915 -0.88810718 0.051409073
0.019609869 0.045411646 0.23343755 3551787 -0.14598763 -0.15082945 -0.97772086 0.040681984
0.0208323 0.03993082 0.2327428 3551787 -0.063943528 0.0576027 -0.99628967 0.014550141
0.020345747 0.034528077 0.23160197 3551787 -0.011254296 0.14444391 -0.98944896 0.0007040776
0.019553363 0.028782129 0.23055865 3551787 0.0008054119 0.14429347 -0.98953462 0.00046939246
0.019251943 0.025171995 0.23000289 3551787 0.0073889615 0.143638 -0.98960268 0.00049265142
0.020087063 0.020455539 0.2294146 3551787 0.0064097433 0.12721446 -0.99185449 0.00045628255
0.014818072 0.19381279 0.23088756 1710618 -0.28136918 -0.94070846 -0.18947028 0.015042127
0.015038788 0.054263175 0.23110667 2762531 -0.20281193 -0.60773045 -0.76780927 0.060708892
0.014878869 0.050584137 0.23344961 3551787 -0.14498091 -0.34836698 -0.92607826 0.054767422
0.014602244 0.04542774 0.2337375 3551787 -0.089138113 -0.072501019 -0.99337709 0.036049809
0.015768409 0.03991878 0.23261192 3551787 -0.016874554 0.10573179 -0.99425149 0.0046373364
0.015308559 0.034539223 0.23153654 3551787 0.0019227167 0.15519005 -0.98788273 0.00023916815
0.014509439 0.028780401 0.23056582 3551787 -0.0011673098 0.14501479 -0.98942882 0.00039702421
0.014206052 0.0251652 0.23005214 3420202 -0.0028170522 0.13852951 -0.9903543 0.00048176516
0.014702797 0.020678103 0.22956041 3551787 -0.0055284998 0.12714043 -0.99186933 0.00040010546
0.0098642111 0.19478789 0.23365168 1710618 -0.18725623 -0.95055497 -0.2477506 0.015467123
0.0097488165 0.054335117 0.23224537 3091494 -0.12013233 -0.55360967 -0.82406586 0.058505155
0.0099645257 0.050754726 0.23381214 3551787 -0.085714571 -0.28741333 -0.95396364 0.053917903
0.0095265508 0.045389414 0.23363678 3551787 -0.037066929 -0.018562086 -0.99914038 0.029720731
0.010728121 0.039924622 0.23248033 3551787 -0.0033741621 0.13013652 -0.99149036 0.0010896783
0.010270357 0.03454262 0.2315114 3551787 0.0016865879 0.15368217 -0.98811889 0.00029380611
0.0094652176 0.028780341 0.23056619 3551787 0.00046332763 0.14549424 -0.98935896 0.00044875874
0.0092537999 0.025259018 0.23009652 3551787 0.00014250429 0.13700517 -0.99057031 0.00047784354
0.010727584 0.020070255 0.22949974 3551787 -0.0035967424 0.12316184 -0.99238008 0.00041914947
0.0052152872 0.055356026 0.23215695 2959909 -0.074932165 -0.5601114 -0.82502139 0.055018958
0.004938364 0.050810218 0.23397906 3551787 -0.042938463 -0.25942481 -0.96480829 0.047464382
0.0044925213 0.045359671 0.23355789 3551787 -0.028164903 0.016324673 -0.99946994 0.021859655
0.0056926608 0.039931417 0.23242241 3551787 -0.00092395907 0.14359069 -0.98963672 0.00017311405
0.0052316189 0.034539461 0.23153682 3551787 0.00069807109 0.15585117 -0.98778027 0.00026023429
0.0044205189 0.028782964 0.23055144 3551787 0.0050115343 0.14624591 -0.98923558 0.00045028218
0.005795002 0.025161266 0.23007637 3091494 0.0033305893 0.13704798 -0.9905588 0.00050016464
0.0056813359 0.020069599 0.22949427 3551787 0.0055498169 0.12473376 -0.99217469 0.00043204948
0.00013315678 0.054690599 0.23292372 3157031 -0.011773444 -0.47866723 -0.87791747 0.04810138
-0.00010061264 0.050849855 0.23411438 3551787 -0.008075675 -0.24566868 -0.96932024 0.045796901
-0.00055915117 0.045343757 0.23344597 3551787 0.0012213184 0.039707664 -0.9992106 0.014353632
0.00065743923 0.039932191 0.23241827 3551787 -0.00047379368 0.1442339 -0.9895435 0.00016100227
0.00019341707 0.03454113 0.2315273 3551787 0.00068678218 0.15567087 -0.98780876 0.00024258478
-0.0006236434 0.028786838 0.23052284 3551787 0.0060776914 0.14821924 -0.98893583 0.00039684583
0.00074899197 0.025167942 0.23003146 3551787 0.0064227986 0.13798507 -0.99041349 0.00046514435
0.00063478947 0.020078361 0.2294223 3551787 0.005189158 0.12273651 -0.99242568 0.00042147894
-0.0047835708 0.055420637 0.23226784 2762532 0.062131766 -0.53721917 -0.84115112 0.046691235
-0.0051270127 0.050811052 0.23399113 3551787 0.03320381 -0.25364614 -0.96672702 0.04550378
-0.005595088 0.045368314 0.23359977 3551787 0.016119691 0.015323773 -0.99975264 0.022105467
-0.0043777823 0.039932251 0.23241864 3551787 -0.0004523785 0.14421022 -0.98954695 0.00016134288
-0.004845202 0.034536898 0.23155986 3551787 -0.00021582395 0.15858892 -0.98734468 0.00013122355
-0.0056670308 0.028791785 0.23048674 3551787 0.0027382772 0.15270802 -0.98826754 0.00032326073
-0.0042967796 0.025175631 0.22997664 3551787 0.0022630941 0.14129634 -0.98996472 0.00038937971
-0.0046088696 0.02155149 0.22949253 3551787 0.00072901702 0.12501961 -0.992154 0.00046845825
-0.0082026124 0.19504443 0.23420203 1644825 0.14215669 -0.94630152 -0.290353 0.01722417
-0.010296524 0.05433917 0.23225522 2762531 0.12251687 -0.54397559 -0.83010852 0.062359575
-0.010153413 0.050750434 0.2338022 3485995 0.076609336 -0.30059627 -0.95066971 0.045045346
-0.010656655 0.045393467 0.23370492 3551787 0.041684248 -0.01366303 -0.99903744 0.025849471
-0.0094133615 0.03992635 0.23246968 3551787 0.0022932149 0.13280031 -0.99114013 0.0010518528
-0.0098837614 0.034538388 0.23155034 3551787 -0.00067437906 0.15770461 -0.98748612 0.00014306922
-0.010710537 0.028794467 0.23047209 3551787 -0.003986028 0.14954573 -0.98874676 0.00037821423
-0.0093432665 0.025183916 0.22991514 3551787 -0.0061969054 0.13508619 -0.99081451 0.00050220586
-0.0096575618 0.021556735 0.22945035 3551787 -0.0056479149 0.12092617 -0.99264544 0.0004812284
-0.012834191 0.1945115 0.23239411 1644825 0.24977775 -0.93897825 -0.23649712 0.018355038
-0.015047252 0.054344177 0.23118928 2302239 0.2027815 -0.61007309 -0.76595718 0.058936372
-0.015240312 0.050602376 0.2334719 3420202 0.14963898 -0.35277823 -0.92366427 0.048338491
-0.015731454 0.045498312 0.23389021 3551787 0.072682612 -0.07612402 -0.99444574 0.040029857
-0.014454782 0.039915621 0.23260213 3551787 0.016630672 0.10915793 -0.99388528 0.0040635122
-0.014922738 0.034540534 0.23153068 3551787 -0.0042064693 0.15108934 -0.9885112 0.00020164652
-0.015752971 0.028780639 0.23056629 3551787 -0.012247207 0.14644043 -0.98914367 0.00030868541
-0.014388323 0.025168538 0.23002709 3551787 -0.015132948 0.13645881 -0.99053013 0.00036350061
-0.014687419 0.019893587 0.22944833 3420201 -0.013470455 0.12329179 -0.99227905 0.00038307908
-0.020099998 0.05272907 0.23121123 2236703 0.29752117 -0.66800952 -0.68208826 0.080250137
-0.018849254 0.050310314 0.23282996 3222824 0.21648057 -0.45688 -0.86278433 0.040857021
-0.020133317 0.046000063 0.23346369 3485994 0.14510258 -0.18403231 -0.97215092 0.040761068
-0.019492447 0.039922297 0.23258595 3551787 0.035841979 0.074204318 -0.99659872 0.0066619748
-0.019960523 0.034529924 0.23159365 3551787 -0.003333526 0.13823298 -0.99039412 0.00056653889
-0.020795226 0.028762341 0.23069708 3551787 -0.01451548 0.14259101 -0.98967522 0.00025413092
-0.019260645 0.025326729 0.23017661 3551787 -0.015944337 0.13872808 -0.99020213 0.000290094
-0.019557714 0.020068884 0.22951262 3485994 -0.013491428 0.12698914 -0.99181235 0.00038393956
-0.02329433 0.19114053 0.23198432 4408131 0.33235392 -0.92746627 -0.17131022 0.012279019
-0.024871588 0.049496412 0.23138267 2499873 0.36637995 -0.56891102 -0.73627853 0.048254751
-0.024803698 0.044664025 0.23290497 3354409 0.2283311 -0.23601349 -0.94454354 0.048255537
-0.024558842 0.039944351 0.2327401 3551787 0.10767698 -0.020604126 -0.99397242 0.023026569
-0.024998844 0.034518301 0.23168188 3551787 0.018345339 0.11846475 -0.99278879 0.0010848797
-0.025601387 0.028983593 0.23086256 3551787 -0.0077413968 0.13773793 -0.99043846 0.00036972342
-0.025802672 0.02549082 0.23035806 3551787 -0.014703692 0.13706192 -0.99045336 0.00025642518
-0.024442732 0.021873057 0.22983176 3551787 -0.01490712 0.13423295 -0.99083769 0.00034190906
-0.02971828 0.044735134 0.23180647 2894116 0.47920361 -0.3643159 -0.79852229 0.052373461
-0.02953583 0.039933085 0.23232169 3485995 0.3201234 -0.13344513 -0.93793041 0.033132721
-0.029997706 0.03453052 0.23143347 3420202 0.20356472 0.021250285 -0.97883087 0.024043774
-0.03050983 0.029103756 0.23078771 3551787 0.10569473 0.047614969 -0.993258 0.018739108
-0.030861437 0.025460243 0.23064621 3551787 0.04916957 0.064472295 -0.99670744 0.016995994
-0.029653907 0.020041764 0.22968824 3485994 -0.015324932 0.13502695 -0.99072343 0.00024134255
-0.033161879 0.042557836 0.23044083 2959910 0.62496859 -0.39372134 -0.67409033 0.036696136
-0.03502363 0.030157506 0.23026785 3223080 0.2301034 -0.081375942 -0.96975791 0.024426581
-0.034218371 0.025470316 0.23067722 3551787 0.086254828 -0.019810863 -0.99607611 0.018307654
-0.034693241 0.020032048 0.22981235 3551787 0.0019303446 0.12092428 -0.99265987 0.00044238675
-0.039359093 0.031083226 0.22900389 3091494 0.492998 -0.30644599 -0.81427503 0.029690703
-0.03923291 0.025469422 0.23030566 3485994 0.16308463 -0.11995084 -0.97929323 0.02185121
-0.039745629 0.020026326 0.22993946 3551787 0.056146458 0.063399509 -0.99640757 0.0071913688
-0.044745624 0.025043368 0.22932126 3025702 0.2929458 -0.24036545 -0.92542273 0.025059719
-0.044833541 0.021683455 0.22967018 3288616 0.14649029 -0.020332346 -0.98900312 0.011019901
0.058018386 0.13997394 0.22706233 1710618 0.99903822 0.036262181 0.024651669 0.0030330038
0.05798912 0.13489789 0.22704434 1710618 0.99836099 -0.051622953 0.024708301 0.0035124358
0.057599545 0.13128084 0.2264955 1710618 0.99351054 -0.11338757 0.0089523904 0.0019523153
0.05373776 0.15962455 0.22560157 1710618 0.92561096 0.37802768 0.01842293 0.0020824249
0.055268645 0.15564251 0.22815323 1710618 0.95098305 0.30595499 0.044975281 0.003133287
0.056834459 0.14929244 0.22519922 1710618 0.97995722 0.19903487 0.0083080623 0.0022107682
0.057652652 0.14474884 0.2263813 1710618 0.99241948 0.12058596 0.023717927 0.0026876382
0.057042301 0.12750465 0.22560239 1710618 0.98413873 -0.17722443 0.0078972317 0.0015894244
0.055388093 0.12017953 0.22816932 1710618 0.95496738 -0.29491261 0.032616019 0.0032541226
0.052975357 0.015495896 0.22453119 3551787 0.77125168 0.10724064 0.62743151 0.047992781
0.053205013 0.010571778 0.22484626 3683372 -0.74186331 -0.028912529 -0.66992754 0.04807467
0.053087294 0.0054135323 0.22466351 3749165 -0.71010977 0.052890275 -0.70210165 0.036938865
0.049196839 0.16844648 0.22656193 1710618 0.84919864 0.52780092 0.016967241 0.0014873105
0.051831424 0.1640296 0.22797205 1710618 0.89208287 0.45009339 0.040050115 0.0038028932
0.051996648 0.11178005 0.22823633 1710618 0.89258361 -0.44877934 0.043493006 0.0040129311
0.049240351 0.025067568 0.22665027 3485995 -0.70894974 -0.26984459 -0.65159351 0.045614712
0.049239337 0.019426882 0.22761133 3748908 -0.61454093 -0.10316173 -0.78211069 0.042231053
0.050138474 0.014709353 0.22723533 3748909 -0.58753061 -0.037547749 -0.80833036 0.04588962
0.049612522 0.010265529 0.22729233 3814701 -0.51152116 0.039549742 -0.85835999 0.030943077
0.04936707 0.0049391389 0.22689334 3748909 -0.44408628 0.10464858 -0.88985175 0.032592952
0.048931956 -0.00048154593 0.22616687 3748909 -0.430307 0.14626396 -0.89075398 0.030544663
0.049928606 -0.0044963956 0.22502817 3814701 -0.49737087 0.18154107 -0.84833074 0.02949222
0.044276834 0.17530501 0.22674958 1710618 0.75972134 0.64983451 0.023205889 0.0030810018
0.047106147 0.17154962 0.22594264 1710618 0.81315053 0.58202529 0.0057246331 0.0019645256
0.047139108 0.10411 0.22605982 1907997 0.88779032 -0.44180581 0.12898059 0.0028711001
0.045789063 0.10200274 0.22906367 1776411 0.82706159 -0.55018586 0.11517204 0.0057451455
0.043756902 0.033468366 0.22492723 2894117 -0.6029703 -0.49747425 -0.6236555 0.046542764
0.046050906 0.029695988 0.22792187 3551531 -0.5120976 -0.3862811 -0.76716548 0.056567643
0.045872688 0.024882913 0.2294642 3814701 -0.45615065 -0.20146443 -0.86679792 0.060064264
0.045729458 0.018075228 0.22921519 3748909 -0.35438108 0.0043102419 -0.93509114 0.029529093
0.045596659 0.014542818 0.22903316 3683116 -0.29708055 0.041755762 -0.95393902 0.030765845
0.045377791 0.010939598 0.22871093 3617323 -0.24248503 0.088580199 -0.96610278 0.021668455
0.044912755 0.0054973364 0.22793667 3551787 -0.20323659 0.11870743 -0.97190708 0.010719636
0.04445678 4.4107437e-05 0.22714476 3551787 -0.19495371 0.14186084 -0.9704991 0.0086544836
0.045093596 -0.0049131513 0.22634642 3617323 -0.25300878 0.17781869 -0.95098215 0.017003797
0.045629919 -0.0099859238 0.22538142 3683116 -0.29833376 0.20945856 -0.93119502 0.016691361
0.043074012 -0.01468724 0.22479634 3683116 -0.26731625 0.23336974 -0.93492281 0.014686787
0.039307892 0.18043983 0.22688848 1710618 -0.67528641 -0.7373789 -0.016142698 0.0021919499
0.040483654 0.033505857 0.22694236 2762532 -0.50090194 -0.41694534 -0.75845492 0.051250149
0.040630937 0.01455766 0.22942311 3551787 -0.10713105 0.099919789 -0.98921126 0.01218846
0.040313601 0.010925055 0.22886342 3551787 -0.074917175 0.12128284 -0.98978674 0.0060418868
0.039858103 0.0054770708 0.22808176 3551787 -0.057771612 0.12758791 -0.9901433 0.0040131602
0.039417922 1.2993813e-05 0.22736925 3551787 -0.06196766 0.1359978 -0.98876923 0.0043041576
0.04067868 -0.005461812 0.22666687 3551787 -0.099220619 0.15248361 -0.98331279 0.0068085063
0.040232062 -0.010932684 0.22588962 3551787 -0.11421016 0.17149782 -0.97854203 0.0075756363
0.039922833 -0.014572382 0.2253086 3551787 -0.14183836 0.19810268 -0.96986449 0.0087095182
0.039558828 -0.018261015 0.22464973 3617323 -0.17818598 0.22750352 -0.95733583 0.0099448832
0.033544898 0.18502539 0.22583398 1710618 -0.58243376 -0.81238383 -0.028345361 0.0026720252
0.034537554 0.044305265 0.22619374 2762788 0.66911322 0.49575618 0.55363649 0.056182537
0.034443736 0.040907383 0.22774024 3157031 -0.58185655 -0.34179726 -0.73798209 0.054421727
0.036315978 0.033755124 0.22854955 2170910 -0.36985588 -0.2415933 -0.89712834 0.06882748
0.035524189 0.014575958 0.22919889 3551787 -0.0049429019 0.12523814 -0.99211442 0.0020202086
0.035225153 0.01095283 0.22864325 3551787 0.0087639233 0.12767601 -0.99177724 0.00063732767
0.034781575 0.0055029988 0.22788294 3551787 0.0082497597 0.12877089 -0.99164009 0.00045827401
0.034337044 3.8921833e-05 0.22718675 3551787 0.0072028842 0.13072614 -0.99139231 0.00044805251
0.035581768 -0.0054394007 0.22653516 3551787 -0.0052640592 0.13650562 -0.99062532 0.0010052805
0.035136402 -0.010912716 0.22579797 3551787 -0.0065311957 0.14257731 -0.98976213 0.00080161169
0.034845591 -0.014576972 0.22537382 3551787 -0.0240502 0.1544676 -0.98770511 0.0031291361
0.034555078 -0.01824075 0.22489806 3551787 -0.053508755 0.17352602 -0.9833746 0.0051482893
0.032023311 0.18626428 0.22875294 1710618 -0.55319768 -0.83101064 -0.058255091 0.0054542711
0.030106366 0.049846113 0.2272025 2434080 -0.56454873 -0.62360483 -0.5407418 0.063001327
0.030472338 0.014610887 0.22890994 3551787 0.022598965 0.12627473 -0.99173784 0.00023939225
0.030174613 0.010979533 0.22841951 3551787 0.022317803 0.12692182 -0.99166161 0.00024795305
0.029726326 0.005523324 0.22770187 3551787 0.01666726 0.12452006 -0.99207711 0.00024942844
0.029277742 6.1869621e-05 0.22698592 3485994 0.014144062 0.12698747 -0.99180347 0.0002497492
0.030516088 -0.0054140091 0.22632393 3551787 0.010817891 0.12794735 -0.99172199 0.00022004849
0.030068219 -0.010888338 0.22560152 3551787 0.0090897735 0.13238047 -0.99115729 0.00026861954
0.029768527 -0.014544189 0.2251347 3551787 0.0017092924 0.13373393 -0.99101579 0.00047070516
0.029469371 -0.018205941 0.22468959 3551787 -0.0075534638 0.13652147 -0.99060833 0.00073091872
0.026543021 0.18935001 0.22810267 1710618 -0.47126621 -0.87815905 -0.082127258 0.0055911364
0.024809778 0.053261042 0.22527528 3025445 -0.43558189 -0.7816692 -0.44638732 0.039098948
0.025437891 0.05168879 0.22906339 2433825 -0.40547472 -0.66670519 -0.62537545 0.054064278
0.025380135 0.017910182 0.22911763 3551787 0.0133679 0.12628245 -0.99190426 0.00043075287
0.025080323 0.014280379 0.22862637 3551787 0.008919579 0.1253991 -0.99206632 0.00040214497
0.024780333 0.010641575 0.22818279 3551787 0.0040006824 0.12351678 -0.99233443 0.00040373285
0.024327397 0.0051656365 0.22759879 3551787 0.010201425 0.12581171 -0.99200171 0.00038782074
0.023875713 -0.00030297041 0.22690809 3551787 0.0085061789 0.1285042 -0.99167252 0.00037256718
0.025432229 -0.0037647486 0.22644663 3551787 0.0059598433 0.12882097 -0.99164993 0.00033789765
0.024811983 -0.0094227195 0.22568452 3551787 0.0067770979 0.12988241 -0.99150622 0.00034813432
0.024360776 -0.01490134 0.22494674 3551787 0.0049300529 0.12348706 -0.99233389 0.00026826022
0.018240452 0.19264859 0.22840549 1710618 -0.36037326 -0.91498768 -0.18146268 0.027604753
0.020251572 0.19174296 0.22632767 1710618 -0.40361297 -0.89721555 -0.179167 0.034656309
0.019381702 0.054605365 0.22663309 2499617 -0.3421908 -0.78783572 -0.51207459 0.04122588
0.022013068 0.017910302 0.22911954 3354409 0.0094419541 0.12423526 -0.99220788 0.00035042298
0.020197213 0.014449358 0.22871305 3551787 0.0039194762 0.12179718 -0.99254727 0.00046392952
0.019895077 0.010809064 0.22829403 3420202 0.0036380461 0.12474292 -0.99218243 0.00048026891
0.019550025 0.0054576993 0.22767343 3485994 0.0078120986 0.12501478 -0.99212408 0.00041297521
0.020843565 6.2704086e-05 0.22695006 3617579 0.0099066291 0.12785761 -0.99174309 0.00032734883
0.020391405 -0.0054039359 0.22622706 3420202 0.0095283901 0.13035971 -0.99142098 0.00040057921
0.019938827 -0.010878325 0.22551109 3551787 0.010617322 0.12921707 -0.99155951 0.00032859549
0.019636214 -0.014533818 0.22503926 3551787 0.0097119426 0.12284415 -0.99237847 0.00032788634
0.019333005 -0.018192351 0.22457017 3551787 0.0090613756 0.12006295 -0.99272496 0.00032253648
0.015051067 0.056478858 0.22588208 3025702 -0.27075592 -0.7846036 -0.55775297 0.044925984
0.015317023 0.014611065 0.22889033 3551787 -0.0017252583 0.12493064 -0.99216396 0.00037501607
0.015013933 0.010979176 0.22841993 3551787 0.0012348174 0.12784852 -0.99179292 0.00044279828
0.014558434 0.0055288076 0.22765866 3551787 0.005034443 0.12204056 -0.99251235 0.00035139031
0.015788078 6.8724155e-05 0.22694352 3551787 0.010325467 0.13139534 -0.99127632 0.00034778824
0.015829086 -0.0049138665 0.22626999 3551787 0.011835536 0.13062179 -0.99136162 0.00035024292
0.01418227 -0.0098962784 0.22554329 3551787 0.0066639329 0.13124138 -0.991328 0.00039820452
0.014395297 -0.01471144 0.22494915 3551787 0.0075273784 0.12474319 -0.9921605 0.00042463894
0.015954077 -0.018188 0.22453788 3551787 0.011629004 0.11715876 -0.99304515 0.00032853673
0.009585619 0.19480729 0.22533481 1710618 -0.21276891 -0.8718363 -0.44116992 0.076439142
0.0075925589 0.057565153 0.22749954 2499617 -0.13122484 -0.77672619 -0.61601657 0.040881582
0.010674357 0.05739665 0.2270823 2828324 -0.1953399 -0.78184086 -0.59208715 0.044971976
0.0085455179 0.017892659 0.22926337 3551787 0.0036844364 0.12347194 -0.99234122 0.00037238927
0.0099242926 0.014268398 0.22872107 3551787 -0.0010984122 0.12982054 -0.99153692 0.00047421982
0.0096177459 0.010644555 0.22815077 3551787 -0.0011948048 0.13377498 -0.99101102 0.00045679577
0.0097703338 0.0057961941 0.22749393 3551787 -0.00060254813 0.1289071 -0.99165648 0.00044354104
0.010382652 -0.00028568506 0.22678189 3551787 0.00055996148 0.12920396 -0.99161786 0.0004209147
0.010075808 -0.0039283633 0.22626691 3551787 0.0025968589 0.1314778 -0.99131572 0.00038168143
0.0096142888 -0.0093975067 0.22549002 3551787 0.0096697118 0.13325922 -0.99103409 0.00035354585
0.0091539025 -0.01487422 0.2247315 3551787 0.0057805548 0.12332404 -0.99234962 0.00037243753
0.0053150654 0.19540063 0.22657269 1644825 -0.1051056 -0.90137213 -0.42009655 0.066989794
0.0044113994 0.058426917 0.22553642 2236446 -0.099283718 -0.75642502 -0.6465013 0.045629751
0.0048694015 0.014270782 0.22870393 3617579 0.0072716502 0.12741067 -0.99182338 0.0004195676
0.0045615435 0.010641217 0.22817703 3551787 0.0031707918 0.13268054 -0.99115378 0.00052384625
0.0051709414 0.0045750141 0.22739597 3551787 -0.00058824179 0.12563373 -0.99207652 0.00039942405
0.005455792 -0.00014400482 0.22680074 3551787 -0.0048188209 0.12931469 -0.99159193 0.00039700975
0.0045774579 -0.0049095154 0.22622426 3551787 -0.0071844822 0.13144925 -0.99129689 0.00036461538
0.0051622987 -0.0099053383 0.22549243 3551787 -0.0077953525 0.13946056 -0.99019694 0.00034547976
0.0057739019 -0.014874637 0.22473222 3551787 -0.00099330896 0.1264278 -0.99197531 0.00032112925
0.00070804358 0.19538173 0.22715423 1644825 -0.016397608 -0.92315483 -0.38407847 0.061650973
-0.00039035082 0.058041751 0.22672316 2236703 0.01789395 -0.73261797 -0.68040484 0.043039843
0.00016945601 0.014626503 0.22878858 3551787 -0.002962999 0.12330738 -0.99236411 0.00041662576
-0.00014024973 0.010992467 0.22833654 3551787 -0.0049902787 0.12874533 -0.99166512 0.0004670186
-0.00060927868 0.0055348277 0.227635 3551787 -0.0091766352 0.12690805 -0.99187201 0.00038952791
0.00061029196 6.8247318e-05 0.22695002 3551787 -0.0056502842 0.12750505 -0.99182183 0.00036391959
0.00014144182 -0.0054117441 0.22629389 3551787 -0.0070490311 0.12370614 -0.99229389 0.00031461715
-0.00032359362 -0.010876358 0.22552106 3551787 -0.011089096 0.13623539 -0.99061441 0.00029851246
0.00087952614 -0.014699817 0.22485957 3551787 -0.010833818 0.13360049 -0.99097604 0.00035732833
-0.0047283769 0.19539481 0.22665928 1644825 0.13965327 -0.9002825 -0.41229644 0.068686992
-0.0046650767 0.058185697 0.22599314 2105117 0.093153663 -0.72969425 -0.6773985 0.043958221
-0.0049210191 0.017911673 0.22911201 3551787 -0.0039246907 0.11457813 -0.99340647 0.00037367432
-0.0052328706 0.014270365 0.22871624 3551787 -0.0045720711 0.11983988 -0.99278271 0.00038292163
-0.005546093 0.010633171 0.22825061 3551787 -0.0061217728 0.12478528 -0.99216491 0.00049976318
-0.0060158968 0.0051679611 0.22758733 3551787 -0.0039485032 0.12747207 -0.99183434 0.00039112783
-0.0046243072 -0.00011092424 0.22688256 3551787 -0.0012000619 0.1250025 -0.99215573 0.00032931785
-0.0044214725 -0.0049180388 0.22629701 3551787 -0.0042220503 0.12567945 -0.99206191 0.00027948327
-0.0059638023 -0.0097934604 0.2257217 3551787 -0.0036776839 0.1371555 -0.99054271 0.00028040819
-0.0057051182 -0.014534473 0.2250347 3551787 -0.0049425028 0.13000074 -0.99150157 0.00031790466
-0.011209428 0.19426832 0.22428395 1644825 0.26721856 -0.83667749 -0.47808474 0.081794567
-0.0074706078 0.058872342 0.22413218 2105118 0.13422677 -0.71028805 -0.69099498 0.052048605
-0.0094993114 0.057584643 0.22735584 2433824 0.16522153 -0.75688303 -0.632321 0.039834417
-0.0099713206 0.017910898 0.22912276 3420201 -0.0053803679 0.11539401 -0.99330527 0.00037274702
-0.010110915 0.014443278 0.22876894 3551787 -0.0038366949 0.12212495 -0.99250734 0.00045130902
-0.010247409 0.010988355 0.22834241 3551787 -0.0033514048 0.12446298 -0.99221861 0.00044903441
-0.010103345 0.0061386824 0.22772694 3551787 0.0042637065 0.12979093 -0.99153221 0.00042487882
-0.0098616481 -0.00028258562 0.22676384 3551787 -0.00078354479 0.12773745 -0.9918077 0.0002894839
-0.010177433 -0.0039348602 0.22633135 3551787 -6.6866276e-05 0.12315075 -0.99238795 0.00027538283
-0.010474443 -0.0092433691 0.22575355 3288872 0.0012182945 0.13580915 -0.99073428 0.00029370096
-0.010768652 -0.014529705 0.22501957 3551787 0.00090965006 0.13041529 -0.99145901 0.00038993044
-0.015160739 0.056838453 0.22615388 2368288 0.27339941 -0.77316529 -0.5722484 0.040573321
-0.01498425 0.014609456 0.2289039 3551787 -0.0038295512 0.1249321 -0.99215794 0.00039648308
-0.015302598 0.010972857 0.2284483 3551787 -0.00018414755 0.12835003 -0.9917289 0.00044474032
-0.014824271 0.0047985911 0.22758283 3551787 0.0059309863 0.12760423 -0.9918074 0.00034194833
-0.014565945 6.5743923e-05 0.22695376 3551787 0.00073923665 0.12611438 -0.99201542 0.00037467488
-0.015670419 -0.0049179196 0.22629812 3551787 0.00066441181 0.12324021 -0.99237663 0.00033821588
-0.014969707 -0.0097947717 0.22572817 3551787 0.0057795211 0.13754986 -0.99047798 0.00031557202
-0.014148653 -0.014531255 0.22500826 3551787 0.0060895439 0.13139383 -0.99131155 0.00037888627
-0.019345999 0.19176918 0.22711281 1644825 0.45234263 -0.87397015 -0.1776578 0.052064583
-0.018894851 0.054708719 0.22836772 1973532 0.3229897 -0.72881466 -0.60374403 0.040031571
-0.020212293 0.014448583 0.22874717 3485994 -0.0053262822 0.13064416 -0.99141502 0.00041869012
-0.020710826 0.01064539 0.22814815 3551787 0.0040627979 0.13019331 -0.99148029 0.00044745821
-0.019504547 0.0051761866 0.22751348 3551787 0.0010045675 0.12970659 -0.99155194 0.00048381419
-0.019648135 4.9412251e-05 0.22689967 3551787 -0.00096679042 0.12536165 -0.99211067 0.00039338434
-0.020103216 -0.0054042339 0.22624688 3551787 -0.0021916749 0.12202804 -0.99252427 0.00038084373
-0.020583212 -0.010869503 0.22547846 3551787 -0.0047393884 0.13608994 -0.99068516 0.00035801256
-0.019394398 -0.01470536 0.22490339 3551787 -0.0027783294 0.13050365 -0.99144393 0.00034489206
-0.024607956 0.053553402 0.22557813 2170910 0.42730242 -0.76838285 -0.4764457 0.045276519
-0.024939895 0.051697552 0.22920877 1842203 0.38204637 -0.67071861 -0.63574928 0.070649251
-0.025118113 0.017886102 0.22928745 3551787 -0.013933285 0.13629329 -0.99057055 0.00033871867
-0.025441825 0.014267683 0.22870916 3551787 -0.010245717 0.14030977 -0.99005461 0.00029732019
-0.025763929 0.010641038 0.22817653 3551787 -0.010633391 0.13643573 -0.99059182 0.00036589502
-0.024561644 0.0051867366 0.22744125 3485994 -0.0058898157 0.12412033 -0.99224973 0.00040458803
-0.025042832 -0.00028944016 0.2268185 3551787 -0.0064277849 0.12320777 -0.99236012 0.00035530672
-0.025966525 -0.0050927997 0.22625726 3485994 -0.0080999332 0.12594038 -0.99200475 0.00026887254
-0.025218785 -0.0099079609 0.22562009 3485994 -0.012087668 0.13583694 -0.99065745 0.00030488631
-0.024641752 -0.014896393 0.22490782 3551787 -0.0075569479 0.12718306 -0.9918505 0.00026981829
-0.030138373 0.014611185 0.22889729 3551787 -0.02029258 0.13781847 -0.99024963 0.00022728123
-0.030461013 0.010979295 0.228422 3551787 -0.02519693 0.13633662 -0.99034208 0.00024154423
-0.030329883 0.0061282516 0.22779639 3551787 -0.024891477 0.12847088 -0.99140084 0.00023411323
-0.029744208 6.4015388e-05 0.22697015 3551787 -0.020565229 0.12508407 -0.99193299 0.0002403712
-0.030227363 -0.0054097176 0.22630246 3551787 -0.012129463 0.12821418 -0.99167234 0.00021851451
-0.030712962 -0.010891318 0.22563501 3551787 -0.014228018 0.13161956 -0.99119818 0.00027908757
-0.029349744 -0.014539659 0.22510155 3551787 -0.014600242 0.13037993 -0.99135661 0.00027241308
-0.029672086 -0.018211722 0.22473641 3551787 0.00049136498 0.13892411 -0.99030292 0.0012210404
-0.034422457 0.045727432 0.22742566 2302495 0.76370496 -0.5999639 -0.23832339 0.043732092
-0.035180628 0.014593184 0.22906479 3551787 -0.0068624322 0.12958826 -0.99154419 0.00036215663
-0.035505533 0.010958135 0.22860585 3551787 -0.011554993 0.12866175 -0.9916212 0.00023186351
-0.034924805 0.0048953891 0.22781464 3551787 -0.017165249 0.13077344 -0.99126369 0.00021642199
-0.034797132 4.0054321e-05 0.22718069 3551787 -0.014846232 0.13026503 -0.99136806 0.00019599008
-0.035286963 -0.0054354072 0.22650787 3551787 -0.0035448149 0.13390788 -0.99098748 0.0005930881
-0.035777986 -0.010917723 0.22583209 3551787 0.013629009 0.14371878 -0.98952472 0.0010090013
-0.034414947 -0.01456219 0.22527966 3551787 0.018268418 0.14875221 -0.98870575 0.001136206
-0.034740865 -0.018215716 0.2247723 3551787 0.039686538 0.16295789 -0.98583448 0.0013522035
-0.039939165 0.034405112 0.22644949 2236702 0.72987294 -0.42826581 -0.53279817 0.03074128
-0.040231943 0.014589548 0.22908723 3551787 0.019375445 0.11982467 -0.99260598 0.00029928237
-0.040559173 0.010955334 0.22862446 3551787 0.014886498 0.12562405 -0.99196625 0.00028228667
-0.039363742 0.0055030584 0.22789489 3551787 0.0082702395 0.13127536 -0.99131149 0.0001578025
-0.039855599 4.1842461e-05 0.22717345 3551787 0.026410038 0.13642198 -0.99029875 0.00038284299
-0.040347815 -0.0054238439 0.22643006 3551787 0.044280853 0.14283554 -0.9887554 0.00052339031
-0.04083848 -0.010890961 0.22565567 3551787 0.079105034 0.16379844 -0.98331708 0.00096243882
-0.039491534 -0.014555693 0.22515225 3485994 0.084695943 0.17386606 -0.98112035 0.0012115957
-0.038116872 -0.018196225 0.22464596 3485994 0.093131788 0.18657522 -0.97801644 0.0014097579
-0.045036852 0.018163025 0.22933556 3354409 0.067264304 0.088955797 -0.99376172 0.00028882892
-0.04530555 0.014582157 0.2289498 3420202 0.040982235 0.10690929 -0.99342382 0.00025402423
-0.045639694 0.010938108 0.22853936 3420202 0.024187643 0.11762626 -0.99276328 0.00022734828
-0.044447422 0.0054863691 0.22780897 3485994 0.038661696 0.14172173 -0.98915124 0.00031096357
-0.044976115 6.9737434e-06 0.22695126 3420202 0.092004769 0.146502 -0.98492247 0.00031979967
-0.044899285 -0.0048899055 0.22622646 3354409 0.10114472 0.15837863 -0.98218429 0.00056861562
-0.044372916 -0.011007011 0.22526576 3288873 0.14593931 0.18788457 -0.97128838 0.0010671752
-0.047965705 -0.0078340769 0.22521964 2959910 0.21684946 0.19055143 -0.95742697 0.00053298852
0.05785954 0.14081454 0.22129643 1973790 0.99867183 0.05152278 5.4453005e-05 0.0019873446
0.057901025 0.13580793 0.22147191 1907997 0.99944246 -0.033388179 0.00019670208 0.001746857
0.057676494 0.13213879 0.2208668 1973790 0.99535632 -0.096259199 -6.9733028e-06 0.002287575
0.053905308 0.15908736 0.22047795 1907997 0.92920905 0.36955458 3.3278571e-05 0.0022471331
0.055368006 0.15500152 0.22272837 1842204 0.95472616 0.29747027 0.0030611551 0.0018370032
0.056927741 0.14865354 0.21985281 2039583 0.9825471 0.18601306 0.00053830753 0.0022265136
0.057422698 0.14556882 0.22052765 1973790 0.9911623 0.13265477 -0.00015652255 0.0020396099
0.057207704 0.12850022 0.22028399 1973790 0.98718512 -0.15957753 0.00076386787 0.0022792546
0.056163013 0.12341857 0.22406805 1776411 0.96899736 -0.24699953 0.0059400233 0.0016402614
0.054871738 0.11909616 0.22198796 1842204 0.94651055 -0.32267088 0.001138434 0.0021253263
0.053099692 0.019233346 0.22211041 3091495 0.85062718 0.21140139 0.48139682 0.022697123
0.05441165 0.015499771 0.22146368 3222823 0.8700881 0.15411903 0.46818167 0.027629964
0.054782867 0.010811865 0.22211647 3420202 0.83997053 0.057249032 0.53960359 0.033708423
0.054981112 0.0057855248 0.22226155 3551531 0.80542004 -0.021420654 0.59231728 0.032664392
0.053490579 0.00018817186 0.2234347 3683372 -0.71898335 0.12043589 -0.68451303 0.039318919
0.054380178 -0.0050383806 0.22115505 3617579 0.78858006 -0.1764162 0.58908296 0.039246473
0.053599238 -0.010847926 0.21986355 3551787 0.78560483 -0.26296881 0.56006473 0.031173855
0.048173368 0.16996682 0.22214606 1842204 0.83074236 0.55665666 -0.00075218553 0.0021475146
0.051312625 0.16469979 0.22156097 1842204 0.88494915 0.46568763 4.8024653e-05 0.0017658946
0.052399755 0.1129756 0.22344245 1842204 0.90345389 -0.42868325 0.0012967855 0.0017054823
0.048998356 0.030080795 0.22333863 2762787 0.75225264 0.45177689 0.47959736 0.036544554
0.051405609 0.025797307 0.22171809 2762788 0.86438358 0.32524022 0.38348386 0.022354415
0.052156627 0.021603405 0.22331847 3223080 0.83283597 0.22417594 0.50609231 0.039592903
0.052240551 -0.0055283308 0.22325207 3748909 -0.66392452 0.19209419 -0.72270608 0.027610458
0.05017519 -0.0099690557 0.2235433 3748908 -0.54975951 0.2403231 -0.80000579 0.022925118
0.050010979 -0.015661955 0.22140469 3683116 -0.63458729 0.32154146 -0.70278734 0.021163534
0.047588229 -0.020293295 0.22114816 3683372 -0.57571048 0.36733168 -0.73049635 0.029671734
0.04450649 0.17486194 0.22165172 1776411 0.76769578 0.6408084 -0.0027847178 0.0018599196
0.045316935 0.035083532 0.22139709 2434081 0.6760779 0.61216658 0.41008621 0.049675081
0.045886397 -0.015215993 0.22389606 3748909 -0.39958546 0.27355692 -0.87492746 0.015750313
0.043928325 -0.018884957 0.22347097 3683372 -0.37445563 0.29837427 -0.87792701 0.021916704
0.045562208 -0.024057329 0.22059171 3683116 -0.54071414 0.40814212 -0.73555976 0.025579752
0.043444395 -0.027828038 0.21990626 3617579 -0.5132333 0.48885411 -0.70541704 0.023230681
0.039596856 0.18003818 0.22200912 1842204 -0.68513209 -0.72841531 -0.0022615609 0.0026741954
0.042331219 0.17736372 0.22365884 1776411 0.72981119 0.68364847 0.00062195398 0.001829131
0.037695587 0.042801559 0.22037084 3354410 0.71771246 0.62282693 0.3114087 0.042441301
0.039599478 0.039461613 0.2221871 3223080 0.68427843 0.59206957 0.42569554 0.048707318
0.040244937 0.036286473 0.22481483 3091495 -0.6037305 -0.47928968 -0.63701719 0.060378544
0.039094388 -0.022018909 0.22381347 3617580 -0.23149329 0.27241415 -0.93391722 0.014463493
0.040570378 -0.025133848 0.22263449 3683372 -0.32683927 0.36466175 -0.87189329 0.020210745
0.038797259 -0.030639231 0.22059399 3223080 -0.38926825 0.50667799 -0.76925135 0.021198075
0.035715401 0.18302447 0.22139867 1776411 -0.63028193 -0.77590984 -0.026620509 0.0083003603
0.033079028 0.048311472 0.22048983 2565410 0.67918766 0.67508441 0.2880367 0.033323456
0.035496771 0.045605719 0.22178216 2696738 0.71317369 0.62686908 0.31371704 0.044839051
0.037132978 0.039931417 0.22533067 3025702 0.62236983 0.47610992 0.62126899 0.080123797
0.036374211 0.03715229 0.22737761 3091238 -0.50570959 -0.33720919 -0.79407042 0.079279557
0.034250498 -0.021896839 0.22433956 3551787 -0.090067916 0.19828792 -0.97599673 0.0076415488
0.03549844 -0.025621295 0.22347327 3617580 -0.16854517 0.28865588 -0.94248098 0.0083329342
0.034843564 -0.029549479 0.22236736 3617323 -0.2389669 0.38999751 -0.8892675 0.020914171
0.029081345 0.18757781 0.22428821 1710618 -0.54020149 -0.8378849 -0.078302547 0.025326634
0.030528903 0.18619034 0.22151205 1776411 -0.5804463 -0.80954134 -0.087891065 0.038802147
0.030244291 0.050295472 0.22274479 2894117 -0.61772674 -0.716501 -0.32409883 0.029138869
0.029170275 -0.021868169 0.22422348 3551787 -0.024305992 0.15350707 -0.98784858 0.0015594559
0.030567467 -0.025546432 0.22381243 3551787 -0.081201419 0.22112238 -0.97185969 0.0080717057
0.030191541 -0.029233873 0.22311231 3551787 -0.13725179 0.2868723 -0.94808561 0.017874397
0.029580474 -0.033078134 0.22200166 3617324 -0.21563078 0.3666186 -0.90503824 0.017920339
0.029914379 -0.037507594 0.21977112 3617580 -0.33913887 0.51760286 -0.78553939 0.021932043
0.025045693 0.18924689 0.22072041 1776411 -0.52594799 -0.79686826 -0.29728714 0.071450189
0.024841726 0.053313076 0.22046554 1973533 -0.51964629 -0.74242437 -0.42281643 0.050177831
0.025602937 -0.020409584 0.22433494 3551787 -0.0022168397 0.12896155 -0.99164712 0.00039678486
0.025487542 -0.025557041 0.22384548 3551787 -0.034123998 0.17051858 -0.98476338 0.0046898429
0.025184691 -0.029196739 0.22325289 3551787 -0.071430676 0.21159229 -0.97474426 0.0056014219
0.025475383 -0.035621822 0.22190487 3551787 -0.19021091 0.36145669 -0.91278082 0.017974017
0.023207605 -0.041257977 0.22011852 3551787 -0.25851998 0.47552297 -0.84085989 0.017516775
0.022234678 0.19076502 0.22420871 1710618 -0.44138765 -0.87219733 -0.21082874 0.052973397
0.021604896 0.054564059 0.22318125 2433825 -0.4065423 -0.78502995 -0.46738783 0.043605778
0.021154404 -0.020886838 0.22425713 3485994 0.0048109735 0.11876135 -0.99291116 0.00028662328
0.020414174 -0.025529087 0.22371234 3420202 -0.0043131043 0.13019322 -0.99147928 0.00036325835
0.020116866 -0.029222488 0.22339131 3551787 -0.03247463 0.16905414 -0.9850716 0.0041122604
0.019634604 -0.03477037 0.22262372 3551787 -0.076714218 0.24916109 -0.96541888 0.0071004569
0.020244956 -0.040839553 0.22079815 3551787 -0.16755995 0.41553405 -0.89401072 0.0086319102
0.014290571 0.19900322 0.21907988 3683116 -0.33968735 -0.52121824 -0.78290743 0.053837337
0.015791416 0.19371849 0.22175577 1776411 -0.39692122 -0.78550881 -0.47479412 0.079389699
0.014224172 0.05803889 0.22199252 1973790 -0.33029896 -0.68278813 -0.65169239 0.056631546
0.015648246 -0.021859467 0.22414818 3551787 0.0089669647 0.11478563 -0.99334985 0.00027854048
0.015339971 -0.025536835 0.22376552 3551787 0.0011052928 0.11759212 -0.99306136 0.00037271692
0.015037656 -0.029213309 0.22336462 3551787 -0.011057931 0.13833882 -0.99032319 0.00095262437
0.014582157 -0.034727275 0.22265211 3551787 -0.035125647 0.20410661 -0.97831827 0.0026924869
0.015538573 -0.040456831 0.22135177 3551787 -0.088758267 0.3438969 -0.93480319 0.0057383361
0.012805521 -0.044835567 0.21971981 3485995 -0.10482212 0.4837622 -0.86889958 0.0026830342
0.0093237758 0.2029658 0.21973138 3025446 -0.18204762 -0.5034228 -0.84464443 0.045291763
0.010048866 0.19924596 0.21999173 3683116 -0.24125421 -0.54039812 -0.80608082 0.06919045
0.010897696 0.19584394 0.22229688 2039582 -0.25767943 -0.80254775 -0.53806913 0.091106065
0.010198057 0.058589339 0.22345476 1973533 -0.21967524 -0.72033459 -0.65792161 0.053647116
0.010381341 -0.020380557 0.2241488 3551787 0.010782463 0.11346326 -0.99348372 0.00029768041
0.010269225 -0.025523663 0.22367446 3223080 0.0069056782 0.1132111 -0.9935469 0.00023941316
0.0099602938 -0.029202878 0.2232949 3551787 0.0012892727 0.12272392 -0.99243999 0.00028870723
0.0095008612 -0.034721255 0.22264247 3551787 -0.015052893 0.17702951 -0.98409045 0.0012112713
0.010621667 -0.040290415 0.22156028 3551787 -0.049526557 0.28516817 -0.95719707 0.0030196309
0.0096919537 -0.044553638 0.22010855 3485994 -0.07390368 0.44563967 -0.89215666 0.0026926759
0.0045726895 0.20318156 0.22027715 2959909 -0.086783923 -0.55352485 -0.82829875 0.051815089
0.005463779 0.19945776 0.2207424 3617323 -0.10849223 -0.57335699 -0.81209064 0.073943168
0.0047644377 0.19768062 0.22238262 2368289 -0.10104527 -0.7290796 -0.676929 0.069109142
0.0043100715 0.070469379 0.21949239 1776411 -0.1156508 0.22560646 -0.96732962 0.040975958
0.0042595267 0.065234601 0.21921249 1776411 -0.13729689 -0.20564778 -0.96894717 0.050243117
0.0043722987 0.061137497 0.22097702 2039583 -0.12106716 -0.64382297 -0.75553608 0.064378485
0.0053094625 -0.020372152 0.22407836 3551787 0.0005347057 0.11343343 -0.99354547 0.00029375049
0.0051958561 -0.025519848 0.22363658 3223080 0.005737145 0.10613836 -0.99433482 0.00022293508
0.0048852563 -0.029200554 0.22328265 3551787 0.0020167457 0.11339518 -0.99354792 0.00024027942
0.0044207573 -0.034722507 0.2226537 3551787 -0.0060049244 0.16372709 -0.98648739 0.00083023624
0.005611062 -0.04022634 0.22165614 3551787 -0.02149705 0.24542914 -0.96917617 0.0012294615
0.0047815442 -0.044406176 0.22043104 3485994 -0.031907432 0.39493459 -0.91815495 0.0013435258
0.00038540363 0.20471814 0.21925375 3222824 0.014265746 -0.66190279 -0.74945396 0.050763696
0.00067013502 0.19944438 0.22102377 3551531 -0.0037553392 -0.59018606 -0.80725855 0.083102673
-0.00039827824 0.19742918 0.2227169 2368033 0.022318691 -0.64039129 -0.76772445 0.038940772
-0.00063914061 0.070577025 0.21978673 2171169 -0.028261565 0.28802806 -0.95720482 0.044841833
-0.00062304735 0.065210879 0.21925375 1776411 -0.011760708 -0.13847888 -0.99029553 0.049095877
-0.00076466799 0.061595619 0.22117636 2039583 0.014923729 -0.5300405 -0.84784102 0.058350503
0.000238657 -0.020378351 0.22412822 3551787 -0.010261317 0.1165186 -0.99313545 0.00034897192
0.00012052059 -0.025519311 0.22363374 3223080 -0.0034637672 0.1114632 -0.99376255 0.00030515
-0.00019037724 -0.02920121 0.22328982 3551787 0.0005240395 0.11300299 -0.99359453 0.00024044412
-4.2140484e-05 -0.034107149 0.22272632 3551787 -0.0013811727 0.15250838 -0.98830122 0.00070923555
0.00054013729 -0.040224433 0.22169957 3551787 -0.0032867608 0.23201326 -0.97270709 0.00098843093
-0.00023490191 -0.044337034 0.22052512 3485738 -0.00075109443 0.37610888 -0.92657518 0.00092766719
-0.0038482547 0.20300725 0.22007774 2894117 0.10719934 -0.53908348 -0.83540249 0.048074044
-0.0043881536 0.19931731 0.2206807 3420201 0.11749768 -0.58230883 -0.80443192 0.071845002
-0.0040569305 0.19777492 0.22200428 2368290 0.11456225 -0.73228872 -0.67128885 0.079799131
-0.004167974 0.070651054 0.21999608 2105376 0.030194961 0.33875236 -0.94039094 0.041137017
-0.0040671825 0.065100253 0.21903597 1776411 0.082411818 -0.096129037 -0.99195135 0.058324751
-0.004306972 0.061253309 0.22098945 2039583 0.084172174 -0.60561472 -0.79129374 0.066912949
-0.0048344731 -0.020387828 0.22419952 3420458 -0.0052692555 0.12135394 -0.99259531 0.00031077256
-0.0049532056 -0.025519431 0.2236378 3223080 -0.0031529008 0.11428635 -0.99344283 0.00031416694
-0.0052658916 -0.029200613 0.22328733 3551787 0.0016071709 0.11662068 -0.99317521 0.00033242372
-0.0046613216 -0.035327852 0.22253548 3551787 0.0050044805 0.16780779 -0.985807 0.00046774995
-0.004550755 -0.040226638 0.22164927 3551531 0.009658386 0.23261192 -0.97252172 0.00073800678
-0.0054095387 -0.044423521 0.22041212 3420201 0.024963742 0.37394863 -0.92711341 0.00065144495
-0.0075109601 0.20293239 0.21978831 2696995 0.14915597 -0.51428598 -0.84454864 0.05109721
-0.0096917748 0.19901606 0.21984625 3288616 0.22761427 -0.5367049 -0.81248975 0.077228732
-0.0079138875 0.197539 0.22152197 2105118 0.18607143 -0.7244643 -0.66372347 0.076600753
-0.0078139901 0.070450246 0.21963215 2105376 0.079540059 0.35064697 -0.93312383 0.042415228
-0.0076539516 0.064941466 0.21875715 1776411 0.13262078 -0.079458885 -0.98797673 0.059593756
-0.0099503994 0.059630692 0.22150004 1907997 0.21298984 -0.65884459 -0.72149783 0.074522376
-0.0099087358 -0.020385861 0.22417653 3551787 -0.00013905069 0.12305485 -0.99239987 0.00034326897
-0.010026693 -0.025521457 0.22365451 3354409 -0.00027528356 0.11654751 -0.9931851 0.00033376933
-0.010341525 -0.029199958 0.22328401 3551787 0.0021007843 0.11882773 -0.99291265 0.00036799232
-0.010199845 -0.034105003 0.2227143 3551787 0.011897743 0.16408731 -0.98637408 0.0008026014
-0.0096927285 -0.040278852 0.2215308 3551531 0.028837856 0.24637465 -0.96874553 0.00077412062
-0.010753095 -0.044663787 0.22005022 3354409 0.067131691 0.42023399 -0.9049291 0.00057848863
-0.013630867 0.19914427 0.21933939 3288616 0.31634849 -0.50840712 -0.80090308 0.071436033
-0.017180264 0.19322008 0.22076991 1710618 0.45811722 -0.74609369 -0.48319018 0.10560806
-0.014981985 -0.020383656 0.22416629 3551787 0.0019159236 0.12019473 -0.9927485 0.00034045125
-0.015099704 -0.025521219 0.22364882 3354409 0.0054972507 0.11466789 -0.99338865 0.00035379489
-0.015417099 -0.029201746 0.22330037 3551787 0.0088534681 0.12924889 -0.99157268 0.00063271006
-0.014820755 -0.035314202 0.22244753 3551531 0.022846261 0.19081306 -0.9813605 0.00046400691
-0.014932632 -0.040423572 0.22131433 3420201 0.048526976 0.27822638 -0.9592889 0.00078539189
-0.021251559 0.055445552 0.22397332 2105118 0.43023324 -0.77233124 -0.46733689 0.036569323
-0.020053685 -0.020381868 0.2241457 3551787 -0.0029498462 0.12144932 -0.99259329 0.00031073767
-0.020174205 -0.025514603 0.22360246 3354409 0.0022991148 0.12254657 -0.99246007 0.00039612298
-0.020492852 -0.029195786 0.22325473 3551787 0.009848143 0.14214511 -0.98979688 0.00068624789
-0.019314229 -0.034726739 0.22245495 3485994 0.031145185 0.20133521 -0.97902715 0.00071573386
-0.020459354 -0.040845692 0.22077744 3288873 0.089358397 0.33859685 -0.93667889 0.00064691558
-0.025125384 -0.020395577 0.22423714 3485994 -0.0073465263 0.12791505 -0.99175793 0.00032656582
-0.025247812 -0.025533974 0.22375733 3551787 0.0099067334 0.13634102 -0.99061245 0.0010343336
-0.025568783 -0.029199362 0.22328037 3551787 0.037095178 0.17373227 -0.98409402 0.0012830545
-0.024593115 -0.034908772 0.22218114 3420201 0.074458122 0.24654691 -0.96626633 0.00079406949
-0.030874074 0.050695479 0.22351141 3420977 0.35929093 -0.79123855 -0.49482483 0.033206385
-0.029995918 -0.02186805 0.22422822 3551787 0.019675845 0.15198743 -0.98818654 0.0013314188
-0.030319929 -0.025532067 0.22375508 3551531 0.044441324 0.17082943 -0.98429787 0.0014307729
-0.030725837 -0.029255509 0.22303577 3420201 0.089551628 0.21146707 -0.97327399 0.0015851851
-0.029598475 -0.033132672 0.22217317 3288616 0.12553553 0.28641266 -0.94984663 0.0011369006
-0.035063684 -0.021859527 0.22419116 3551531 0.073703192 0.18584105 -0.97981173 0.0015079704
-0.035521865 -0.025625944 0.22341703 3420202 0.12839212 0.22714294 -0.96536082 0.0012983948
-0.036600292 -0.029966831 0.22200881 5262922 0.21962471 0.30730695 -0.92591983 0.0012343485
-0.039021313 0.035858512 0.22618638 2828324 0.76511592 -0.427241 -0.48172888 0.036276244
-0.04017657 -0.020191729 0.2239933 3288873 0.15333313 0.22274749 -0.96274215 0.0011243686
-0.039654434 -0.026287615 0.22245955 3091238 0.23530839 0.29839894 -0.92498004 0.0010865696
-0.045162499 -0.015061557 0.22424485 3091495 0.23186731 0.23262925 -0.94452167 0.0012023916
-0.042939365 -0.022821903 0.22267294 5197129 0.26534447 0.29745063 -0.91712344 0.0011809411
0.057691038 0.14324525 0.21517313 2039583 0.9956013 0.093688354 0.00072558271 0.0021934409
0.057888389 0.14005852 0.21569753 2039583 0.99925178 0.038665239 0.00094883126 0.0017644847
0.057870626 0.13489693 0.21558034 2039583 0.99877858 -0.049406022 0.00059384177 0.002124903
0.052794039 0.16169047 0.21858551 1973790 0.90963346 0.41540986 -0.0012922355 0.0020743841
0.055110991 0.15579906 0.2166388 1973790 0.95002425 0.31217399 -0.0011446527 0.001809992
0.056310833 0.15157416 0.21872497 2039583 0.97152674 0.23692997 -7.447305e-05 0.0021187032
0.057302713 0.14644429 0.21472144 2039583 0.98896492 0.14814967 0.0001228953 0.0021032731
0.057355881 0.12942672 0.21476519 2039583 0.98967481 -0.14333101 -0.00013487632 0.0027027021
0.056425452 0.12451071 0.2189604 2039583 0.97344077 -0.22893876 0.00035137503 0.0015945815
0.055211186 0.12013584 0.21683919 2039583 0.95231819 -0.3051067 2.8356046e-05 0.0022853657
0.052976191 0.1142934 0.21888365 2039583 0.91354096 -0.4067432 -0.0017071186 0.0019948236
0.053297937 0.022632122 0.21895768 2631202 0.90616691 0.29981849 0.29827899 0.021929637
0.054898858 0.019167125 0.21560967 2696739 0.94331789 0.27308482 0.18861622 0.0091036502
0.055519342 0.014946699 0.21738493 2762788 0.94472349 0.17936112 0.27445787 0.00846704
0.055987656 0.01048559 0.21849763 2959910 0.93162894 0.07851544 0.35482794 0.017458439
0.056788981 0.0044512749 0.2168175 2959909 0.94930863 0.0043870308 0.3143149 0.013013127
0.056827664 0.00027894974 0.2175554 3091495 0.94412661 -0.06442333 0.32322535 0.015864262
0.056040287 -0.0049828291 0.21824408 3354409 0.90056288 -0.1624454 0.40323439 0.025669172
0.055495381 -0.0088477731 0.21738017 3288873 0.88217336 -0.21696006 0.41796958 0.025453409
0.053877175 -0.015078247 0.2164811 3288616 0.85504913 -0.3140901 0.41259956 0.021896748
0.048431873 0.16951475 0.21688965 1907997 0.83572847 0.54914141 -0.0012955948 0.0020199176
0.051554799 0.16421759 0.2164755 1973790 0.88855845 0.45876005 -0.0017586718 0.0022490036
0.049153268 0.10712421 0.21811226 2039583 0.84721977 -0.53123808 -0.0021910714 0.0015971669
0.047664702 0.034493148 0.21628919 3485994 0.79851502 0.58536923 0.1404161 0.018440889
0.050208092 0.030964851 0.21704914 3025702 0.84202832 0.51368922 0.1646561 0.02133153
0.052237868 0.026598454 0.21639599 2828068 0.90051925 0.40299055 0.16329017 0.012247167
0.050694585 -0.020565867 0.21780767 3485994 0.75156432 -0.40234715 0.52275026 0.023764584
0.049362063 -0.025274098 0.21556619 3354409 0.75210249 -0.48032305 0.45125559 0.022246882
0.044770658 0.17443314 0.21661095 1907997 0.77773631 0.62854993 0.0071514747 0.0024153618
0.046535313 0.17224246 0.21930423 1907997 0.80323064 0.59566522 -0.0018642406 0.0014522837
0.042904079 0.038731396 0.21682279 2894116 0.71633017 0.66093373 0.22369096 0.042116828
0.046283364 0.036407411 0.21631506 2696995 0.73468721 0.65311724 0.1835009 0.033269547
0.045259356 -0.029476225 0.21723978 3485994 -0.61979526 0.56244755 -0.54727203 0.027109118
0.039662421 0.17948756 0.21677333 1842204 0.71184474 0.70003927 0.056762993 0.010263905
0.038774312 0.042502701 0.21728116 2368031 0.72446215 0.6378628 0.26131517 0.042515628
0.041849136 -0.03248024 0.21729474 3485994 -0.54952097 0.63023514 -0.54848003 0.021501774
0.033188999 0.184737 0.21732101 1842204 -0.67058671 -0.71165782 -0.20941971 0.051303558
0.033813298 0.047886848 0.21469779 1907740 0.71253067 0.63120949 0.30638963 0.042991642
0.033341527 -0.040439785 0.2144638 3420202 -0.56487721 0.65854561 -0.49722368 0.017466439
0.02804476 0.18814284 0.21713184 1842204 -0.60710078 -0.67589134 -0.41785118 0.073671304
0.030214071 0.1874744 0.21488628 1907997 0.65946448 0.58515573 0.47191039 0.068675242
0.032634139 -0.036114216 0.21935746 3091494 -0.38275865 0.54150587 -0.74851 0.021331584
0.031921029 -0.038888454 0.2176207 3551787 -0.44160432 0.62145382 -0.64713275 0.019231604
0.028995574 -0.043680012 0.21567224 4407354 -0.54732603 0.62429345 -0.55739743 0.020921832
0.023129761 0.2043128 0.21446931 3683372 -0.38363853 -0.52899551 -0.75695783 0.023634648
0.024266362 0.19845814 0.21447229 3551530 -0.4738802 -0.35114193 -0.80754995 0.041528419
0.02367866 0.19450766 0.21536303 2763047 -0.51619112 -0.46965095 -0.71622252 0.062359065
0.024465263 0.19166324 0.21640837 2105376 -0.55796373 -0.63273197 -0.53696066 0.073872745
0.023411334 0.08008939 0.21497989 2565927 -0.40379456 0.011405532 -0.91477859 0.0039288253
0.023400366 0.074930966 0.2149936 2236962 -0.40158644 -0.0042186105 -0.91581142 0.0033820057
0.02341485 0.06988883 0.21496606 1776411 -0.40477258 -0.0037773696 -0.91440958 0.0030781741
0.023363769 0.06475997 0.21486139 1776411 -0.43262187 -0.093099356 -0.8967557 0.02556096
0.023179352 0.05947274 0.21460426 2171169 -0.50903785 -0.31881076 -0.79952496 0.067620426
0.024297118 0.05543083 0.21600246 2368548 -0.56087184 -0.5400247 -0.62753171 0.079563282
0.027944744 0.052254498 0.21595584 2039326 -0.62012362 -0.62192774 -0.47817633 0.064990759
0.025902212 -0.041892707 0.21896528 3551531 -0.36168674 0.53408253 -0.76415873 0.019239664
0.019449651 0.20738944 0.21388485 2959910 -0.22202803 -0.82685298 -0.51673758 0.042429168
0.019035399 0.20490968 0.21608032 3683116 -0.30018613 -0.60068959 -0.74098605 0.040381473
0.019513428 0.1999397 0.21679069 3420201 -0.41411522 -0.4195801 -0.80775064 0.043639153
0.019757926 0.19459829 0.21814002 2368546 -0.48902419 -0.63418925 -0.59888172 0.06542512
0.022046685 0.19239843 0.2180692 1973790 -0.52180743 -0.68487459 -0.50858998 0.083937913
0.020701289 0.078957617 0.21606936 2500134 -0.35328776 0.0025642219 -0.93551117 0.0021110091
0.018843532 0.074731648 0.21674229 2105376 -0.31938303 -0.0062525114 -0.94760507 0.0018701517
0.019753873 0.070032716 0.21636154 1776411 -0.34600613 -0.021285705 -0.93799078 0.0059810332
0.019020021 0.065432966 0.21599604 1776411 -0.3843247 -0.14489494 -0.91175652 0.050423745
0.01926595 0.060437024 0.21651901 2039583 -0.44461966 -0.40568325 -0.79858279 0.061958678
0.020489454 0.056608379 0.21822394 2171169 -0.48807845 -0.64470059 -0.58833718 0.082848214
0.01986295 -0.046215892 0.21746422 3354409 -0.23557101 0.64261925 -0.72907251 0.0052070478
0.015170932 0.20776305 0.21511832 2828580 -0.16106139 -0.85901046 -0.48596323 0.051503289
0.01473701 0.20528719 0.21726051 3617324 -0.22732015 -0.6290769 -0.74336249 0.045261372
0.01508671 0.20209754 0.21786168 3157031 -0.30828896 -0.49543586 -0.81209683 0.048901636
0.015877187 0.19639066 0.21956721 2631461 -0.40721682 -0.63562185 -0.65586531 0.059744198
0.014992177 0.074682593 0.21788183 2171169 -0.25325558 -0.0086793201 -0.96736044 0.0020319351
0.015043199 0.069646776 0.21789899 1776411 -0.25926295 -0.059212998 -0.96398991 0.013829452
0.014803112 0.064340353 0.21734372 1776411 -0.33186916 -0.24214169 -0.91171831 0.057527281
0.015408814 0.059853256 0.21858862 2236962 -0.37304267 -0.54878867 -0.74811107 0.073148705
0.016342223 0.057714343 0.22003761 1973790 -0.39805624 -0.69047654 -0.60398126 0.076305725
0.015822947 -0.045193672 0.21913305 3485738 -0.15535915 0.54189742 -0.82596046 0.0060379938
0.0091858506 0.20809653 0.21624249 2696739 -0.086918533 -0.88105804 -0.46495369 0.048027433
0.010946155 0.20462772 0.21845429 3354409 -0.18593664 -0.59550959 -0.78153431 0.048720833
0.012859404 0.19689748 0.22059207 2434083 -0.31535804 -0.67842555 -0.66354209 0.063841313
0.01052767 0.073487043 0.21890156 2039583 -0.18194662 -0.006414237 -0.98328751 0.002538027
0.0105533 0.07011497 0.21872024 1776411 -0.19262712 -0.029307734 -0.98083425 0.023399545
0.010516822 0.064947724 0.21861546 1776411 -0.23940368 -0.2471278 -0.93894285 0.055545434
0.010926962 0.060753524 0.21998172 2105376 -0.25054535 -0.54073071 -0.80301768 0.084880114
0.0045176148 0.20842007 0.2170492 2631202 -0.054968439 -0.87337184 -0.48394227 0.049800918
0.0056416392 0.20553082 0.21856183 3420202 -0.078409426 -0.68063819 -0.72841173 0.051095571
-0.00047057867 0.20847413 0.21710655 2499617 -0.00083600957 -0.89895582 -0.43803847 0.062213406
-0.0056366324 0.20838523 0.21688984 2565410 0.060528241 -0.89529723 -0.441338 0.065954976
-0.0043159723 0.20543116 0.21851049 3288616 0.072525434 -0.68030411 -0.7293328 0.051943269
-0.0092785954 0.20816323 0.21630979 2499617 0.10068782 -0.89512432 -0.43429762 0.058847122
-0.010371327 0.20464388 0.21855509 2959909 0.17032433 -0.59007418 -0.78917807 0.059020285
-0.01220274 0.19686586 0.22069551 2171168 0.29651326 -0.68023533 -0.67034304 0.070417382
-0.011621058 0.070112526 0.21903469 2500134 0.17114493 0.21764477 -0.96090591 0.029605128
-0.011326373 0.06459415 0.21809591 1710618 0.20222016 -0.037300039 -0.97862947 0.062862895
-0.012037396 0.060789287 0.21973635 1973790 0.29130495 -0.46346232 -0.83686566 0.073523134
-0.015149772 0.20777756 0.21510127 2368032 0.15485451 -0.87491506 -0.45885041 0.051396135
-0.015783191 0.20516077 0.21697596 3025702 0.2451873 -0.61197251 -0.75191277 0.051753044
-0.015288174 0.20224631 0.21805921 2696995 0.29111028 -0.45324117 -0.84251249 0.054782555
-0.016251922 0.19626918 0.21933928 2368290 0.41052797 -0.6071431 -0.6803264 0.080900945
-0.015739024 0.069637954 0.21817365 2434341 0.13507432 0.24878122 -0.95909476 0.023644168
-0.015354335 0.064135849 0.21734431 1710618 0.26009151 0.018641263 -0.96540403 0.073725194
-0.015921414 0.059895217 0.218344 2039583 0.38522628 -0.41142571 -0.82603246 0.073479064
-0.020228088 0.20479554 0.21578352 2959909 0.31050238 -0.58241171 -0.75125551 0.041840307
-0.018623173 0.20022681 0.21739534 2762531 0.3754327 -0.38297719 -0.84402531 0.042806882
-0.020463705 0.19528979 0.21762912 2302497 0.49095267 -0.44345227 -0.74987704 0.049060784
-0.019929945 0.065459907 0.2163773 1710618 0.18032444 0.28733903 -0.94070154 0.069363378
-0.019781351 0.060138762 0.21615951 1907997 0.38687775 -0.1430425 -0.91096896 0.080861479
-0.020220637 0.056891263 0.21799164 1973790 0.48610955 -0.55316091 -0.67654312 0.063043587
-0.024327457 0.1987305 0.21494025 2696739 0.48133874 -0.24761303 -0.84083343 0.048298471
-0.024847925 0.19423786 0.21491665 2368290 0.62998867 -0.26076436 -0.73151642 0.051655859
-0.024056673 0.19164374 0.21698946 1973790 0.61938596 -0.58086276 -0.52816617 0.071671255
-0.024601281 0.059292495 0.21436435 1907997 0.30460575 0.078075245 -0.94927323 0.088177443
-0.024887741 0.055346072 0.21533328 1907997 0.56273693 -0.43774915 -0.70121527 0.062226098
0.057923138 0.13925016 0.20993364 2039583 0.99968767 0.024945082 0.0015160206 0.0016078039
0.057823658 0.13399845 0.2096746 2039583 0.99785197 -0.065504447 0.00074384786 0.0018639038
0.053957939 0.1589033 0.21192539 1973790 0.93015927 0.36715344 -0.0014396713 0.0021433085
0.055283129 0.15519407 0.21118653 1973790 0.95326549 0.30212846 -0.0018165592 0.0018620503
0.056452274 0.15091935 0.21320593 2039583 0.97411668 0.22604355 -0.00097369985 0.0019786959
0.056635797 0.12547725 0.21355844 2039583 0.9772132 -0.21225964 -0.00042909876 0.0021476534
0.055525899 0.12116146 0.21159112 2039583 0.95773113 -0.28766438 -0.00054116291 0.0024854264
0.053434372 0.11537981 0.21387531 2039583 0.92111975 -0.38927761 -0.0011532769 0.0015069067
0.053396046 0.024565279 0.2122034 3091495 0.91836977 0.39197403 0.054344263 0.007089199
0.055155575 0.019975901 0.2109127 3420202 0.94709831 0.31439891 0.064483218 0.0077807945
0.056287527 0.015500367 0.21194839 2696995 0.96721911 0.22455262 0.11858869 0.0073591033
0.056808412 0.011048138 0.21334863 2762531 0.97607607 0.13252835 0.17237099 0.0069112312
0.057090998 0.0064352155 0.21429455 2762532 0.97307616 0.049258098 0.2251586 0.0083945096
0.057072163 -0.0037664175 0.21432471 2894117 0.95510948 -0.12242862 0.26977247 0.011948949
0.056366563 -0.0096288323 0.21304214 2894117 0.94522786 -0.22109395 0.24012855 0.0095586469
0.054749191 -0.016144514 0.210495 2894117 0.92676169 -0.32441932 0.18938041 0.0053833248
0.048688173 0.169054 0.21175113 1907997 0.84280968 0.53812248 0.0098031303 0.0022236207
0.05063802 0.165802 0.21208693 1973790 0.87516522 0.48382241 0.0013178632 0.0015491706
0.052419305 0.16243497 0.21217705 1973790 0.90422815 0.42704961 0.00018436731 0.0024126847
0.04994905 0.10848445 0.21373357 2039583 0.86119384 -0.50827157 0.0022724834 0.0015661524
0.049148023 0.032851875 0.21361056 2631203 0.83143157 0.54982054 0.080118291 0.017617764
0.051483095 0.028719604 0.21223857 2828580 0.88666666 0.46103087 0.035675276 0.0075435285
0.052166343 -0.022052646 0.21199454 2959910 0.86216784 -0.41725084 0.28734717 0.012674731
0.048368335 -0.029557109 0.21108511 2959909 0.77579308 -0.5650633 0.28079981 0.018808408
0.04422307 0.17480406 0.21202128 1907997 0.79060692 0.60898858 0.063825153 0.0058584716
0.045949638 -0.031843781 0.21284249 3157031 0.68160039 -0.65665942 0.32283014 0.023358246
0.039951801 0.17913455 0.21177548 1842204 0.75547397 0.62894803 0.18353038 0.025833806
0.039400756 0.043390393 0.21264786 1973789 0.72519982 0.6255548 0.2876915 0.043027654
0.040699661 0.041560709 0.20952338 1842204 0.78425246 0.5830133 0.21223475 0.028614623
0.041086733 -0.036363363 0.21054882 3485994 0.58595204 -0.80687976 0.07486847 0.012276398
0.033297062 0.19563183 0.20969078 3683372 0.67060113 0.24093977 0.70159972 0.028614877
0.034959078 0.18438864 0.21163805 1973790 0.74994254 0.5310027 0.39448994 0.05498283
0.037402093 0.18204913 0.21003552 1973790 0.77254617 0.55090928 0.31570771 0.044538613
0.034253597 0.08960402 0.21028133 2236962 -0.67961961 0.38020524 -0.62734455 0.01129414
0.034319222 0.048765838 0.21015473 2236962 0.73325962 0.4947499 0.46642563 0.060130201
0.036795735 0.045973003 0.21098144 1973790 0.75299829 0.5493058 0.36229363 0.048214868
0.03458178 -0.039815485 0.21369667 2828580 -0.58087569 0.67759913 -0.45104644 0.015720094
0.029298544 0.20457995 0.21070693 3420202 -0.52947861 -0.54276615 -0.65196419 0.034920324
0.02998507 0.19987398 0.21179006 3288616 -0.5754838 -0.3047291 -0.75891942 0.027253455
0.029909372 0.19478041 0.21196005 3223081 -0.61740333 -0.28366217 -0.73372263 0.040798936
0.030469239 0.18993765 0.2122111 2302755 0.65437227 0.39541724 0.644548 0.057682376
0.032482862 0.18675095 0.21272013 2039583 0.69898236 0.54797965 0.45950183 0.070057757
0.03044188 0.084596336 0.21159849 2368548 -0.56602067 0.14932945 -0.81075352 0.0049285935
0.029823899 0.080153406 0.21154127 2434341 -0.52954966 0.049623623 -0.8468262 0.0041227313
0.02985853 0.075023651 0.21159479 2105376 -0.51674074 -0.001046897 -0.85614133 0.002074806
0.029866815 0.069912434 0.21160874 1776411 -0.51556069 -0.0013301417 -0.85685205 0.0016492723
0.029752135 0.064772427 0.21143672 1776411 -0.53155541 -0.029741209 -0.84650117 0.01021355
0.029556572 0.059547365 0.21120201 2236962 -0.58364367 -0.15126149 -0.79779696 0.04434165
0.029406548 0.055211127 0.21182893 2368548 -0.66571528 -0.37341732 -0.64605165 0.048640959
0.031118453 0.051078439 0.21236393 2171169 0.6857717 0.50469542 0.52440417 0.061709534
0.025363207 0.20528618 0.21257222 3420201 -0.38955969 -0.61984831 -0.68119848 0.028326115
0.025979042 0.20056951 0.21361493 3222824 -0.48471007 -0.32195425 -0.81326598 0.024603447
0.02624315 0.19391975 0.21399795 2763047 -0.54957676 -0.38420761 -0.74185574 0.052520204
0.027073681 0.19114313 0.21493517 2236962 -0.59552759 -0.55685806 -0.57901299 0.077135436
0.026049912 0.079484284 0.21373068 2434341 -0.45624167 0.032221489 -0.88927239 0.0026586442
0.026055574 0.074376106 0.21373795 2105376 -0.44919315 -0.0014635003 -0.89343345 0.0026313239
0.026047111 0.069259584 0.21372043 1776411 -0.45034784 -0.0024941838 -0.89284968 0.0022898943
0.025966763 0.064122736 0.21358214 1776411 -0.4845579 -0.068698935 -0.87205738 0.024481012
0.025862813 0.060575843 0.21342944 1907997 -0.53013921 -0.20418234 -0.8229593 0.052646656
0.026382446 0.055830061 0.21414612 2368548 -0.60326254 -0.47468597 -0.64089584 0.073886111
0.022211254 0.20702893 0.21290183 3091494 -0.27154911 -0.79650503 -0.54022294 0.040745076
-0.021526456 0.20718452 0.21332388 2368288 0.263414 -0.81517392 -0.51585323 0.050393928
-0.025668323 0.20535058 0.21273309 2565153 0.39682904 -0.61993933 -0.67690611 0.0480855
-0.03033334 0.20303524 0.21111818 2565410 0.56312072 -0.36164463 -0.74303985 0.03931132
-0.029993176 0.20005205 0.21226592 2368032 0.58143789 -0.12703088 -0.80361259 0.03931132
0.057602167 0.1441268 0.20932972 2039583 0.99396724 0.10967233 0.0010474417 0.0018452926
0.05703795 0.014459133 0.20446026 2368289 0.97117865 0.23821132 0.0082121445 0.0067147408
0.057867229 0.010009825 0.20544744 3354153 0.98848343 0.14460817 0.044598125 0.0058613401
0.057873905 0.0036254525 0.2092402 2762788 0.99391353 0.015214485 0.10910737 0.0045006997
0.057815075 0.00023812056 0.20933795 2762788 0.98902309 -0.04219722 0.14160767 0.0047198455
0.053200364 0.16058311 0.20774628 1973790 0.91977412 0.39238667 0.0069448841 0.0022092159
0.055436194 0.15457875 0.20568216 1973790 0.95683187 0.29063323 0.0022619222 0.0021503787
0.056592464 0.15025949 0.20764709 2039583 0.97622836 0.21674457 -0.00015128104 0.0016026899
0.057174027 0.14726302 0.20866716 2039583 0.98650652 0.16372058 0.0006542356 0.0025050966
0.057470798 0.13036036 0.20918 2039583 0.99180114 -0.12778944 0.00056645076 0.0024429157
0.056822419 0.12640524 0.20800829 2039583 0.98048061 -0.19661568 0.00027420648 0.0018654735
0.055813849 0.1222198 0.20631969 2039583 0.96300042 -0.26949987 0.00018329037 0.001921178
0.053884029 0.11650914 0.20886339 2039583 0.92940623 -0.36905828 0.00019277877 0.0018934658
0.05550772 0.019571126 0.20771241 2696995 0.94452542 0.32813287 0.014162438 0.0078607118
0.056816697 0.015090346 0.20831883 3551530 0.96926659 0.24078104 0.05046564 0.0074088159
0.057631791 0.010048687 0.20828831 2959909 0.98786896 0.13534527 0.076135702 0.0070313364
0.057840943 0.0068914294 0.2088933 2762788 0.99299729 0.069232874 0.095724761 0.0055853836
0.057285309 -0.0052335262 0.20871854 2828324 0.97875923 -0.14502631 0.144906 0.0031051636
0.056228697 -0.011181831 0.20719576 2828324 0.96320683 -0.23587802 0.12881844 0.0024572739
0.055198133 -0.015656352 0.20537508 2828324 0.94234163 -0.3097893 0.12658164 0.0036892591
0.053154409 -0.021274686 0.20761992 2828324 0.90455496 -0.3978799 0.15320539 0.0055423668
0.04815954 0.16977444 0.2051703 1973790 0.86491615 0.49315241 0.09338513 0.0074197869
0.050834894 0.16527906 0.20671929 1973790 0.8871935 0.46031085 0.031648219 0.0036822001
0.05105722 0.11057812 0.20707358 2039583 0.88776881 -0.45935306 0.029348163 0.0028241044
0.04896456 0.031204581 0.20618752 2039582 0.85691595 0.51544201 -0.003813748 0.010102497
0.052221537 0.025812209 0.20561852 2170911 0.902547 0.43049076 -0.0093048597 0.005515106
0.049789608 -0.028311431 0.20751444 2828324 0.8353548 -0.51922691 0.18051516 0.0096465116
0.045429826 0.1736826 0.20623021 1907997 0.84038728 0.51834589 0.15832497 0.01438309
0.047004402 0.17132506 0.2090061 1907997 0.83413345 0.54752105 0.066648684 0.0070602172
0.04353869 0.10012919 0.20629983 2105376 0.80315846 -0.51055664 0.30703169 0.022856377
0.043899655 0.037952542 0.20930354 1907997 0.79236096 0.60291326 0.093057908 0.022237025
0.046338737 0.035325766 0.20729092 1973789 0.82664633 0.55812579 0.071772978 0.015736353
0.038218081 0.19481486 0.20476109 3288873 0.71071035 0.29628998 0.63804626 0.044036876
0.038628399 0.19077054 0.20595902 2894631 0.70272535 0.24788211 0.66688198 0.03748801
0.038755774 0.18570319 0.20609099 2302755 0.76009661 0.30811751 0.57211596 0.038683787
0.040334284 0.1805706 0.20619541 2105376 0.80458683 0.46626437 0.36774671 0.047606457
0.04250282 0.17744806 0.20686857 1973790 0.81160444 0.51206708 0.28122151 0.027870361
0.039910257 0.0960114 0.20864302 2105376 0.74460566 -0.58491677 0.32161278 0.012776147
0.038419664 0.089240134 0.2058298 2368548 0.72430283 -0.21947904 0.65361631 0.011211256
0.038082004 0.084101915 0.2054649 2368548 -0.68270987 0.077528752 -0.72656488 0.006864287
0.038080871 0.080650687 0.20544893 2368548 -0.66784805 0.024007918 -0.74391037 0.0040111886
0.038150251 0.075498879 0.20553154 2105376 -0.65975791 -0.0022001492 -0.75147492 0.0018778535
0.038176954 0.07033807 0.20555884 1776411 -0.65924352 -0.0035732244 -0.751921 0.0019040781
0.038196146 0.065183938 0.20558161 1776411 -0.65930283 -0.0018173476 -0.75187528 0.0019899854
0.038164556 0.060044467 0.20555443 2236962 -0.66396385 -0.008282424 -0.74771875 0.0023742956
0.03805244 0.054847956 0.20542508 2368548 -0.69693017 -0.094931647 -0.71082795 0.014226918
0.038123906 0.049700856 0.20552212 2368548 0.74884754 0.24200125 0.6169787 0.039074719
0.038981616 0.045180976 0.20666045 2236962 0.79390115 0.45152006 0.40724757 0.053385839
0.041665435 0.041158497 0.20560616 2039583 0.82849568 0.46276528 0.31534606 0.044391472
0.032925487 0.20378983 0.20646295 3288616 -0.63385034 -0.62222767 -0.4594197 0.039557479
0.034117281 0.1999644 0.20771141 3420202 0.67864269 0.37308067 0.63265705 0.045399047
0.035577059 0.19492313 0.20784087 3683116 -0.68711448 -0.25504848 -0.68031168 0.033990741
0.03513658 0.190209 0.20873816 2565925 0.69650137 0.29955629 0.65203673 0.048790794
0.036613941 0.18488857 0.20837338 2236962 0.76970387 0.42660731 0.4749338 0.045511775
0.037003875 0.092761219 0.20930929 2105376 0.71435952 -0.47977316 0.50941944 0.012248539
0.036175311 0.088363647 0.20776291 2368548 -0.68921739 0.24700774 -0.68115091 0.011624408
0.034794748 0.085412383 0.20844002 2434341 -0.64374632 0.14530586 -0.75131673 0.0085531706
0.034672081 0.080259383 0.20827289 2434341 -0.6123212 0.033879165 -0.78988284 0.0041955519
0.034699202 0.075090647 0.2083015 2236962 -0.60225499 0.0013068811 -0.79830271 0.0019936361
0.03472966 0.070006073 0.20836194 1776411 -0.59896588 -0.0018541772 -0.80077237 0.0015556379
0.034728169 0.064864278 0.20836027 1776411 -0.599096 -0.0019043803 -0.80067492 0.0021541847
0.03463012 0.059704304 0.20822783 2105376 -0.61574149 -0.04168937 -0.78684455 0.0072997971
0.034626126 0.05453825 0.20823534 2434341 -0.67037189 -0.18284644 -0.7191444 0.02869821
0.035369158 0.05001539 0.20835562 2368548 0.73420298 0.39120728 0.55488998 0.068722278
0.029627323 0.20761332 0.20603225 2170910 -0.48542127 -0.83025837 -0.27392921 0.047288012
0.024562299 0.20912477 0.20850897 1973532 -0.22522333 -0.92560172 -0.30419719 0.046823833
0.019833803 0.2092523 0.20924069 1841947 -0.092466228 -0.98830372 -0.12126746 0.028468065
0.014702737 0.2094005 0.20933345 1710618 -0.025513515 -0.99824238 0.053490467 0.033854265
0.0095396042 0.2093831 0.20927732 1644825 -0.0044650892 -0.94363546 0.3309564 0.02044867
0.0043883324 0.20934874 0.20923419 1644825 -0.0067902533 -0.90040135 0.43500724 0.023845892
-0.00077390671 0.20928311 0.20920464 1644825 -0.0073600514 -0.90030736 0.4351925 0.029153422
-0.0042017698 0.20934075 0.2092192 1644825 0.0080817118 -0.90038639 0.4350161 0.023656879
-0.0093505979 0.20938081 0.20925367 1644825 0.011429483 -0.93531424 0.35363343 0.024679787
-0.014509737 0.20938152 0.20929457 1644825 0.033379674 -0.99578929 0.085378535 0.031961519
-0.019669294 0.2092284 0.2092046 1644825 0.094925568 -0.99165916 -0.087185122 0.029491479
-0.025405347 0.20871112 0.20807773 1710617 0.20415656 -0.94212592 -0.26593009 0.030778075
-0.031829953 0.20551386 0.20865521 2302239 0.51758516 -0.51897895 -0.68026942 0.049201492
0.05752039 0.14501044 0.20340812 2039583 0.99205816 0.12576996 0.0015771644 0.0020354819
0.057926655 0.14012408 0.20404243 2039583 0.99920678 0.039782815 0.0017533331 0.0024289829
0.057893693 0.13495213 0.20402062 2039583 0.99878162 -0.049321156 0.0016456449 0.001918067
0.057590604 0.13128251 0.20350111 2039583 0.99362254 -0.11274966 0.0013346158 0.002413868
0.058475256 0.0044142604 0.2023996 2959909 0.99689615 0.071753159 0.032396358 0.0055098841
0.058468401 -0.0001065731 0.20245241 3288616 0.99758631 -0.0026420895 0.069386698 0.0062770708
0.058318138 -0.003944695 0.20176409 3222824 0.99195814 -0.088960148 0.090029016 0.0070962291
0.053393602 0.16003045 0.20232178 1973790 0.92959535 0.36748558 0.028405033 0.0028154233
0.055590332 0.15396273 0.20014894 1973790 0.96222937 0.27187571 0.014081915 0.0024629459
0.05672884 0.14958796 0.20201504 2039583 0.97896999 0.20397602 0.0033844046 0.0019952999
0.056578815 0.12534499 0.20176554 2039583 0.97676915 -0.21426737 0.0033918356 0.0019882102
0.054313719 0.11772609 0.20391273 2039583 0.94086629 -0.33859298 0.011200542 0.0021776939
0.05309689 0.023553252 0.20150675 1973790 0.91832161 0.39582705 0.0025151644 0.0077332635
0.054436803 0.021175027 0.20332301 2170911 0.93098992 0.36471429 -0.015532423 0.0063448828
0.056182921 0.016077101 0.20024073 2105119 0.95994854 0.27906215 -0.024961157 0.0060926606
0.057747245 -0.0067853928 0.20303881 2828324 0.98030841 -0.15524955 0.12203728 0.006017583
0.057022035 -0.010809839 0.20198631 2828324 0.96714836 -0.22017671 0.1270681 0.0061992686
0.055794239 -0.015242994 0.20018625 2828324 0.9327541 -0.32220301 0.16172503 0.0046681706
0.053614199 -0.020711899 0.2025875 2828324 0.90902287 -0.39970794 0.11794458 0.0034247048
0.049378216 0.16822395 0.20118406 1973790 0.89523613 0.42460924 0.13512652 0.0094960434
0.050634205 0.16567215 0.20350696 1973790 0.8938846 0.44398764 0.062010676 0.0055753477
0.052111447 0.11252731 0.20008518 2039583 0.91907358 -0.38711736 0.073783554 0.0038888685
0.048487067 0.10546273 0.19975796 2105376 0.88770419 -0.40730104 0.21467914 0.01416264
0.048310041 0.032762229 0.19942525 2105376 0.89961588 0.39846388 0.17865545 0.021688661
0.050152719 0.029208183 0.20245112 1973790 0.88746977 0.45829615 0.048600998 0.010337041
0.051785767 0.025906801 0.19958533 1973790 0.91342115 0.40499151 0.040541008 0.0085820183
0.050264239 -0.027497411 0.20276166 2762788 0.85017651 -0.51970136 0.084323227 0.0021178632
0.041970015 0.19408768 0.20125763 3288616 0.70001531 0.29261705 0.65142447 0.04633455
0.044674456 0.1919716 0.1999629 3420202 0.72223741 0.16333377 0.67208266 0.022815606
0.042925358 0.18559793 0.20164053 2368548 0.77315533 0.15379095 0.6152879 0.020413997
0.04354924 0.17966244 0.20107846 2236962 0.83898866 0.26862103 0.47322384 0.034304418
0.044989884 0.17562941 0.20236997 2039583 0.86138326 0.39659771 0.31737858 0.032272123
0.04686439 0.17229453 0.2026104 2039583 0.87582463 0.43856454 0.20147534 0.012872311
0.046534836 0.10335016 0.20247367 2105376 0.85683078 -0.45945889 0.23396268 0.017774528
0.045294285 0.098617733 0.20004313 2236962 0.85773098 -0.32670248 0.39694205 0.0082954308
0.043215036 0.096113503 0.20224385 2302755 0.82617831 -0.32905191 0.4573338 0.010823463
0.042546093 0.090681136 0.20136599 2368548 0.78847599 -0.14974374 0.59655881 0.010375103
0.042336941 0.085504949 0.20116811 2368548 0.75228 -0.042062003 0.65749955 0.0056911018
0.042409956 0.082021952 0.20120685 2368548 0.74229121 -0.01558395 0.66989613 0.0024964695
0.042523921 0.069984913 0.20134334 1776411 0.73435664 0.003719457 0.67875361 0.0017485813
0.042537153 0.064813256 0.20135646 1776411 0.73459089 0.00090546854 0.67850977 0.0016507708
0.042510033 0.059633255 0.2013263 2105376 0.7358005 0.0005031334 0.67719823 0.0017240449
0.04236412 0.054431021 0.20118193 2368548 0.74645102 0.025979323 0.66493309 0.0040604286
0.042324483 0.049235046 0.20117311 2368548 0.78709102 0.12383898 0.60427773 0.014823143
0.042750061 0.044233799 0.2015975 2368548 0.82267475 0.2512525 0.50997877 0.016983328
0.044098139 0.039842844 0.20195262 2171169 0.8530401 0.38810736 0.34884834 0.036271505
0.046278477 0.035723865 0.2017422 2039583 0.87367338 0.43430009 0.21926767 0.02609081
0.039192021 0.19938505 0.20072287 2302496 0.65002668 0.52428782 0.55007964 0.05599213
0.039558232 0.19632405 0.2027759 3025702 0.70144814 0.34292194 0.62480003 0.046568319
0.041745245 0.18942517 0.20261735 3025960 0.73097473 0.1624825 0.6627785 0.022821989
0.040677607 0.18474817 0.20377535 2302755 0.77828985 0.23213406 0.5834198 0.034670517
0.041021824 0.093592465 0.20428807 2302755 0.78896874 -0.31936604 0.52491295 0.011007925
0.040513694 0.089945316 0.20362085 2368548 0.75790399 -0.18252148 0.62631255 0.011760409
0.040279388 0.084786236 0.20338148 2368548 0.71738482 -0.061718453 0.69393796 0.0076282029
0.041444063 0.079077184 0.20237118 2368548 0.71717787 -0.00372938 0.69688022 0.0024821179
0.041109622 0.07467401 0.20276719 2105376 0.71015042 0.0032874986 0.70404226 0.0025930183
0.040394485 0.069332898 0.20352799 1776411 -0.69734144 -0.0034011749 -0.71673101 0.0022134297
0.040407956 0.065891206 0.20354265 1776411 -0.69738948 -0.0022230169 -0.71668887 0.0030940515
0.040400326 0.060717046 0.20352727 1973790 -0.69883674 -0.00055757217 -0.71528095 0.0024876548
0.040313661 0.055541456 0.20343393 2368548 0.71198952 0.036295105 0.70125145 0.0054026819
0.040264666 0.050366759 0.20341223 2368548 0.75000095 0.15185551 0.64376903 0.019378832
0.04065764 0.045403779 0.20384818 2302755 0.80976468 0.32344571 0.48955494 0.046331603
0.032337666 0.205194 0.20316932 2236702 -0.53977799 -0.79708737 -0.27072397 0.053571522
0.03696537 0.20061937 0.20215078 2499617 0.62528342 0.59691077 0.50271082 0.079437703
0.057779312 0.14262846 0.19783568 2039583 0.99645942 0.084068932 0.00099034689 0.0025829906
0.057962656 0.13935834 0.19828534 2039583 0.9996419 0.026754543 0.0005307442 0.0022069067
0.057947338 0.13588619 0.19824934 2039583 0.99943846 -0.033489697 0.0010928098 0.0020563924
0.057694495 0.13219476 0.19772243 2039583 0.99530071 -0.096809551 0.0021022863 0.0021594604
0.057874024 0.0075507164 0.19743252 2236704 0.98912561 0.14397711 -0.03001822 0.0050025457
0.058915317 -0.0039085746 0.195531 2631203 0.99911529 -0.04166491 0.0057160519 0.0073392582
0.058475375 -0.0085245967 0.19655298 3025702 0.9862681 -0.15745725 0.049824283 0.0088164378
0.053225279 0.16090354 0.19599785 1973790 0.94015354 0.32961628 0.08639697 0.0049105883
0.054663479 0.15676865 0.19862759 1973790 0.95080388 0.30785912 0.034565534 0.0030106194
0.0565207 0.15041867 0.19582391 1973790 0.97860491 0.20497218 0.017855054 0.0017213358
0.057394624 0.14587119 0.19735396 2039583 0.99044091 0.13789843 0.0032813137 0.0019016134
0.057180166 0.12837738 0.1969012 2039583 0.98728532 -0.15889733 0.0043972158 0.0020551325
0.056320429 0.1243307 0.19554389 2039583 0.97603798 -0.21654238 0.021428179 0.0017087621
0.054676414 0.11877877 0.19861579 2039583 0.95162779 -0.30577281 0.030124828 0.0028275508
0.052978635 0.11381805 0.195439 2039583 0.93833357 -0.32877135 0.10695571 0.0060003274
0.052883029 0.023751795 0.19546761 1973790 0.93867517 0.33698645 0.072999835 0.0091522336
0.054518342 0.019989967 0.19809449 1973790 0.94418776 0.32934323 0.0065137134 0.0070785033
0.056475818 0.013419628 0.19555533 2039583 0.9746024 0.22300956 -0.020417888 0.0065014185
0.057171166 0.01052922 0.19658661 2039583 0.98069179 0.19345987 -0.028581774 0.0054604341
0.0572173 -0.013998151 0.19633889 3551531 0.96356773 -0.25715706 0.073536173 0.0095418869
0.054292977 -0.020236552 0.1975323 2828324 0.89373696 -0.41476485 0.17089306 0.0047172955
0.047884166 0.19065708 0.1965088 3354409 0.7875343 0.092578895 0.60927737 0.015846508
0.048807919 0.18666154 0.1950815 3025704 0.82059544 0.024142198 0.57099932 0.0094267139
0.048975945 0.17251503 0.19474486 2171169 0.91740793 0.23546372 0.32081077 0.019555435
0.048991442 0.17021251 0.19758275 2039583 0.91040528 0.34062946 0.23480582 0.015402054
0.051134169 0.16533121 0.19836499 1973790 0.91637009 0.38167846 0.12077817 0.0077483212
0.049498737 0.10529816 0.1956313 2171169 0.91078067 -0.30843714 0.27449071 0.013861979
0.049252272 0.033962131 0.19508281 2236962 0.91022336 0.27711156 0.30773792 0.014479857
0.050293744 0.029716313 0.19690765 2039583 0.91500264 0.36294302 0.17618901 0.011231174
0.050827146 -0.026741982 0.19799711 2762788 0.82641602 -0.55513138 0.094158344 0.0031996486
0.041401327 0.20245564 0.19510418 2894117 -0.5084542 -0.69939625 -0.50231385 0.047119714
0.04372865 0.19932488 0.19659464 3485994 0.62444383 0.52476496 0.57852548 0.038766108
0.046204448 0.19560266 0.19751802 3288616 0.70167226 0.32280761 0.63517815 0.041232567
0.046080709 0.18786302 0.19854656 2960168 0.77440995 0.08316502 0.6271944 0.015546248
0.045992792 0.18411484 0.19799164 2368548 0.80300272 0.058494389 0.59309793 0.014780636
0.045866191 0.18068805 0.19791654 2302755 0.83797497 0.12473202 0.53126252 0.027022382
0.047046721 0.17527309 0.19728997 2236962 0.89059007 0.2405165 0.38600668 0.027302444
0.047265828 0.10088295 0.19750693 2236962 0.88469392 -0.28412974 0.36957669 0.013444982
0.045988321 0.095088661 0.19737116 2302755 0.85121644 -0.16487955 0.49824229 0.0079616308
0.045018554 0.089761972 0.19799523 2368548 0.81016695 -0.078366682 0.58093733 0.0091793053
0.045844376 0.084704697 0.19725493 2368548 0.79749942 -0.016470544 0.60309482 0.0027413417
0.045541644 0.080293655 0.19769768 2368548 0.78928089 -0.00022040568 0.61403227 0.001646379
0.045548797 0.075115919 0.19771628 2105376 0.78835899 0.003288771 0.61520672 0.0015607866
0.045574725 0.06993705 0.19774823 1776411 0.78769588 0.0037739137 0.61605269 0.0014836963
0.045257211 0.065531313 0.19817452 1776411 0.78144157 0.00095519616 0.62397766 0.0018650205
0.045903027 0.060495198 0.19732049 1973790 0.7926107 -0.001732302 0.60972559 0.0018149613
0.045195341 0.055139363 0.19810788 2368548 0.78449094 0.0064015277 0.62010729 0.0021593566
0.045772612 0.050095737 0.19721691 2368548 0.80619049 0.037456013 0.59046924 0.003385342
0.045047641 0.04474473 0.19806091 2368548 0.83869535 0.13914301 0.52652562 0.012806189
0.04675591 0.040048659 0.19681647 2236962 0.87430245 0.21920714 0.43306297 0.014178994
0.047613978 0.035538733 0.19809082 2171169 0.89393032 0.32994041 0.30336106 0.014295759
0.038833439 0.20354682 0.1955182 2696995 -0.44809845 -0.78201008 -0.43320665 0.058886699
0.040936291 0.20009682 0.19830495 2499617 0.59600878 0.58963192 0.54507595 0.053989306
0.034379601 0.20482805 0.19597872 3420202 -0.37496191 -0.88495088 -0.27616221 0.083771817
0.036038995 0.20347348 0.19773157 3025701 -0.47197387 -0.8163963 -0.33277285 0.083598696
0.029583037 0.20643878 0.19478022 1842203 -0.15333208 -0.65000403 -0.74430108 0.1028766
0.024887264 0.20741028 0.19492793 1644825 -0.073162422 -0.29364786 -0.95310974 0.10640395
0.057650924 0.14349133 0.19174492 2039583 0.99580199 0.09119378 0.0078754686 0.0017634734
0.057911813 0.14021266 0.19220912 2039583 0.99921203 0.039631683 0.0021639189 0.0020075934
0.057878613 0.13495505 0.19210696 2039583 0.9988867 -0.0470948 0.002720834 0.0021468895
0.057823658 0.0045287013 0.1919837 2039583 0.99362195 0.10527343 -0.040410917 0.0033556111
0.058559179 -0.00053918362 0.19222759 2105119 0.99919695 0.025861735 -0.030604718 0.0055777095
0.058080494 -0.011695445 0.19377409 2565410 0.98121685 -0.19118178 0.025749117 0.0086685671
0.057066739 -0.016112089 0.19195974 2631203 0.95418286 -0.29758999 0.031229869 0.0095213819
0.052346349 0.18794352 0.18952347 3091495 0.89248931 0.057271671 0.44741797 0.01017284
0.052340925 0.18445507 0.18943872 2894375 0.88675225 0.013294753 0.46205378 0.0099694068
0.053138137 0.16359627 0.18985261 2105376 0.9526425 0.23886681 0.18818857 0.0061831982
0.054238558 0.1591509 0.19172645 2039583 0.957524 0.26724529 0.1082948 0.004196269
0.055429637 0.15479419 0.19380903 2039583 0.96551907 0.25556561 0.04958922 0.0024735157
0.056730032 0.14975616 0.19008708 2039583 0.98435283 0.17300391 0.033453442 0.0022512351
0.057246923 0.14669633 0.19111478 2039583 0.9903847 0.13749869 0.015239488 0.0017651635
0.057335317 0.12938505 0.19127536 2039583 0.99113542 -0.13210756 0.014079744 0.0023062276
0.056622267 0.12529123 0.18990791 2039583 0.98276621 -0.18048242 0.039957631 0.0023830333
0.055102527 0.11984676 0.19330883 2039583 0.963386 -0.26192448 0.057297681 0.0024562762
0.05396688 0.11542106 0.19124424 2105376 0.95615137 -0.26395422 0.12689683 0.0051225428
0.05301708 0.11118382 0.18958963 2171169 0.95110333 -0.22823739 0.20811108 0.0066716443
0.053426921 0.024540842 0.19035913 2105376 0.95356417 0.25242841 0.16430239 0.007266534
0.054415107 0.020261884 0.19215798 1973790 0.95991147 0.27062196 0.073033035 0.0061806617
0.055914938 0.014880896 0.19188595 1973790 0.97241521 0.23307972 0.0090865986 0.0057875235
0.057043433 0.0091668367 0.19097471 2039583 0.9870733 0.15888262 -0.021039123 0.0037559473
0.055945098 -0.018605173 0.19431126 3485738 0.93280882 -0.35473582 0.063483872 0.0083286921
0.054119587 -0.023112833 0.19206786 3485994 0.87399745 -0.48524365 0.025828097 0.010313109
0.048914433 0.1990993 0.19171384 3354409 0.77795225 0.45624804 0.43200472 0.02338019
0.049536645 0.19503912 0.19300583 3354409 0.81977177 0.26376799 0.50833124 0.016791433
0.050970495 0.19050926 0.19196643 3091494 0.86567712 0.095382445 0.49143189 0.013724337
0.049893022 0.18406871 0.19326641 2631461 0.84537405 0.0076613929 0.5341199 0.011221376
0.049941421 0.17949161 0.19203903 2302755 0.8774333 0.015384943 0.47945189 0.012801973
0.049354613 0.17506444 0.19243243 2302755 0.90562469 0.11182352 0.40907136 0.019749643
0.050786614 0.16965196 0.19195224 2171169 0.92991263 0.22886945 0.28789109 0.013070329
0.051844358 0.16515508 0.19371475 2105376 0.93753117 0.30050144 0.17531173 0.0072457478
0.05156225 0.10940355 0.19323267 2171169 0.93412703 -0.28941122 0.20892079 0.01018052
0.050782382 0.10521358 0.19175304 2236962 0.92375416 -0.22007227 0.31344286 0.0082812728
0.049815893 0.099498272 0.1919848 2236962 0.89691913 -0.13373518 0.42148668 0.0060741529
0.049202025 0.095107496 0.19228604 2302755 0.87304181 -0.074658558 0.48189634 0.0066673863
0.048924506 0.090682268 0.1927537 2302755 0.85462028 -0.029505294 0.5184145 0.0035526254
0.049577594 0.08559072 0.19183245 2302755 0.85770309 -0.0033988089 0.51413417 0.0019044509
0.048984826 0.080232441 0.19276384 2302755 0.8472662 0.0016648892 0.53116596 0.0019607476
0.049601078 0.07512933 0.19180897 2105376 0.85683602 0.005615327 0.51555848 0.0021267808
0.049032271 0.069843411 0.19283763 1776411 0.8463822 0.0056001469 0.53254658 0.0023592184
0.049640954 0.064734161 0.19188061 1776411 0.85614663 0.0015796369 0.51673061 0.0021036041
0.049039245 0.059412122 0.19283095 2105376 0.84578836 -0.0017768519 0.53351557 0.0023401994
0.049626589 0.054289997 0.19185534 2302755 0.85602701 -0.0005552909 0.51693082 0.0021662214
0.049278319 0.049896955 0.19230703 2302755 0.85487032 0.013852954 0.51865667 0.0024537842
0.048930168 0.045506656 0.19276705 2302755 0.86025715 0.053097837 0.50708801 0.0053921822
0.04968214 0.040414035 0.19192007 2302755 0.88649142 0.10305681 0.45112339 0.0061043371
0.049616337 0.03621912 0.19276276 2236962 0.90956396 0.19334023 0.3678492 0.011921101
0.051059544 0.030798733 0.19236435 2171169 0.93149555 0.24774487 0.26634288 0.013419921
0.0521034 0.02648741 0.19405569 2105376 0.93835616 0.30852446 0.15588579 0.0067968373
0.051646769 -0.026095629 0.19322444 3091495 0.75347364 -0.65339893 -0.073124729 0.0075468719
0.045111239 0.20377046 0.1922745 2631202 -0.48643115 -0.7725789 -0.40805218 0.04245973
0.038893998 0.20523161 0.19276518 2039325 -0.2881715 -0.90853554 -0.30252329 0.054368708
0.033824563 0.20502791 0.19327958 2302495 -0.21098191 -0.97747684 -0.005063843 0.071370289
0.057577312 0.14436695 0.18558764 2039583 0.99578059 0.089575984 0.019927612 0.001609634
0.057912767 0.1393795 0.18618524 2039583 0.99970186 0.023029549 0.0081161214 0.0016061893
0.05781728 0.13405746 0.18599617 2039583 0.99864691 -0.050668076 0.011711275 0.0016570246
0.057508707 0.1303283 0.1854558 2039583 0.99485332 -0.098081857 0.025433756 0.0015447084
0.057693958 0.0047084093 0.18590677 2039583 0.9967128 0.080380067 -0.010130176 0.0033291343
0.057971239 -0.00035554171 0.18622243 2039583 0.99880934 0.021076636 -0.043996673 0.0037342599
0.057831466 -0.0058693886 0.18573892 2039583 0.99527335 -0.071518257 -0.065697409 0.0050154645
0.053982973 0.18491238 0.18625879 3025702 0.91636747 0.016722549 0.3999888 0.01066544
0.053352535 0.17015263 0.18448748 2171169 0.94899869 0.065597117 0.30838045 0.0099197337
0.053197443 0.16593048 0.18704118 2171169 0.95371979 0.1758381 0.24392521 0.0078408774
0.054567099 0.1604389 0.18642199 2105376 0.96775997 0.19351469 0.16122253 0.0037074066
0.055803299 0.15430817 0.18845809 2039583 0.97549182 0.20634785 0.076395936 0.0027065
0.057207048 0.14758524 0.18492436 2039583 0.9921999 0.11817309 0.03967924 0.0019909886
0.056991518 0.12639749 0.18447757 2039583 0.98961729 -0.13430272 0.051189769 0.002176082
0.055766881 0.12111133 0.18836224 2105376 0.97524804 -0.20527171 0.082187638 0.0028908774
0.054552257 0.11501741 0.18639374 2105376 0.96598417 -0.20316997 0.15998912 0.0046880026
0.053775549 0.10911858 0.18496729 2236962 0.95602077 -0.1362329 0.25973994 0.0050599142
0.053512096 0.10539019 0.1844746 2236962 0.9480347 -0.097523175 0.30285218 0.0042322725
0.053343594 0.10014737 0.18440689 2236962 0.93520814 -0.044120323 0.35133904 0.0024251984
0.053364635 0.094883144 0.18439163 2302755 0.92392027 -0.0138201 0.38233548 0.0023902121
0.053374529 0.073902667 0.18442239 1907997 0.9212836 0.0056912662 0.38884968 0.0012853445
0.053405881 0.070413649 0.18444921 1776411 0.92109823 0.0055670724 0.38929042 0.0016479298
0.053437948 0.065164745 0.18446113 1776411 0.92126822 0.0026211226 0.38891897 0.0015788092
0.053423405 0.059922695 0.18446507 2105376 0.92126471 -0.00057965802 0.38893577 0.0023249011
0.053419828 0.054664314 0.18444897 2236962 0.92096156 -0.00035488085 0.3896533 0.0014324442
0.053418696 0.049404204 0.18443049 2236962 0.92107821 0.00084085774 0.3893767 0.0022163021
0.053409398 0.045904458 0.18442585 2236962 0.92222905 0.0044404301 0.38661855 0.0013688511
0.053380132 0.040659308 0.18442167 2236962 0.92809534 0.026888197 0.37137049 0.0024156531
0.053440332 0.035422683 0.18446125 2236962 0.93942952 0.068395466 0.33584851 0.0042234519
0.053688228 0.030361474 0.18482436 2171169 0.95206928 0.11809286 0.28216681 0.0045847525
0.053453505 0.026525855 0.18752159 2105376 0.95612288 0.19552088 0.2181756 0.006898745
0.054836392 0.02097404 0.18692613 2105376 0.96986246 0.19973807 0.1395406 0.0042077256
0.055725157 0.016525567 0.18840027 2039583 0.97549123 0.20488399 0.080246203 0.0028619086
0.057259619 0.0094682574 0.18499434 2039583 0.99212009 0.11997271 0.036114451 0.0017681256
0.057339013 -0.0098974705 0.18479562 2039583 0.98799193 -0.13844855 -0.068585932 0.0043113041
0.055326641 -0.021285176 0.18889952 2434082 0.92352939 -0.38202241 0.033945333 0.0092207566
0.047580123 0.20407847 0.18646851 2368288 -0.52756494 -0.83188462 -0.17217197 0.055366486
0.049825907 0.20091754 0.18754032 2959909 0.74616992 0.59686059 0.29493713 0.028681612
0.051886678 0.19582868 0.18744971 3288616 0.87510395 0.33550543 0.34875372 0.018438637
0.052711427 0.19076365 0.18801667 3091495 0.9033699 0.14098662 0.40502545 0.010379019
0.052447617 0.1801019 0.18793239 2302755 0.89481235 -0.046569865 0.44400686 0.0081740906
0.051940382 0.17492679 0.18775524 2302755 0.91886622 0.012307284 0.39437714 0.012994186
0.052013099 0.16987547 0.18816222 2171169 0.9408294 0.13993618 0.30863878 0.011685741
0.05212158 0.10534471 0.18817724 2236962 0.93710297 -0.15273954 0.31386083 0.0069764284
0.051854908 0.099937499 0.18777324 2302755 0.91645074 -0.075985946 0.39286664 0.0043742154
0.051810026 0.094669819 0.18769898 2302755 0.9034372 -0.029235965 0.42772236 0.0026276472
0.051855803 0.089419484 0.18769826 2302755 0.89646119 -0.0051386892 0.44309247 0.0020622741
0.051841021 0.085925281 0.18768336 2302755 0.89652956 -0.0030565243 0.44297338 0.0020546946
0.051829219 0.08068347 0.18766584 2302755 0.89644647 0.0027366569 0.44314358 0.0021374223
0.051866591 0.075442433 0.18767311 2171169 0.89615363 0.0061442405 0.44370142 0.0021859428
0.05187124 0.070292175 0.18779971 1776411 0.89495403 0.0064819902 0.44611126 0.002205292
0.051899314 0.0650599 0.18781592 1776411 0.89462358 0.0025677143 0.44681323 0.0021621408
0.051883817 0.059827268 0.18780936 2105376 0.89452606 -0.0012125982 0.44701421 0.0019520323
0.051875114 0.054587662 0.18779685 2302755 0.89416647 -0.00075162872 0.44773409 0.0019057201
0.051858246 0.049346566 0.18777813 2302755 0.89542019 0.0042817714 0.44520137 0.0020139921
0.051813006 0.044114351 0.18776359 2302755 0.90145361 0.025615776 0.43211716 0.0025005557
0.051819742 0.040628672 0.18777551 2302755 0.91198575 0.0537166 0.40668973 0.0034388946
0.051983237 0.035467565 0.18794192 2236962 0.92583704 0.10735858 0.3623533 0.0050789271
0.052347422 0.030566573 0.18857576 2236962 0.94269168 0.17671932 0.28302404 0.0087278606
0.045734227 0.20529559 0.18904297 2236447 -0.47312614 -0.83630496 -0.27702999 0.049624894
0.057645202 0.14532772 0.17954051 2039583 0.9968695 0.071919389 0.032844722 0.0011467546
0.057929873 0.14027756 0.18006301 2039583 0.99952173 0.026722295 0.015565534 0.001006766
0.057921529 0.13502419 0.18009675 2039583 0.99949932 -0.026673358 0.01701867 0.0010696381
0.057714403 0.13131285 0.1796422 2039583 0.99753839 -0.062569708 0.031657498 0.001191189
0.057594001 0.0082765222 0.17950451 2039583 0.9964729 0.074383155 0.038844269 0.0016954163
0.057822764 0.0049890876 0.17992568 2039583 0.99880606 0.043568701 0.022095036 0.0016006139
0.057969809 -0.00015956163 0.18014681 2039583 0.99982655 -0.017235486 0.0070512467 0.0014860148
0.057692707 -0.005679965 0.17968345 2039583 0.99490613 -0.10079136 0.0017054442 0.0024480966
0.05214715 0.1990816 0.18280651 2959910 0.81471604 0.53714949 0.21842197 0.029939707
0.053877175 0.19465929 0.18280448 3223080 0.91243923 0.31588525 0.26013681 0.017252255
0.055071115 0.18962866 0.18202221 3091238 0.94566715 0.14585464 0.29058579 0.0087751234
0.055342793 0.18528679 0.18276978 2696995 0.9439683 0.04201442 0.32735097 0.009841349
0.054650068 0.18030405 0.18359923 2631461 0.93331128 -0.021456428 0.35842666 0.0064518647
0.054603398 0.17553687 0.18203092 2171169 0.93833584 -0.04616189 0.3426294 0.0066557257
0.05464673 0.17036983 0.18063462 2236962 0.95501393 0.0088532204 0.29642868 0.0077822986
0.055016696 0.16527227 0.18107915 2171169 0.96755153 0.10123417 0.23150735 0.0032843763
0.055469096 0.16031423 0.18181884 2105376 0.97545195 0.13864733 0.17108613 0.0037067446
0.056041121 0.15551224 0.18294823 2105376 0.98161519 0.15270905 0.11450592 0.0027667766
0.056765854 0.15073782 0.18408215 2039583 0.9879325 0.14137493 0.063265823 0.0022636775
0.05612427 0.12052679 0.18305457 2105376 0.98171681 -0.1557976 0.10935821 0.0028636842
0.055357873 0.11465776 0.18168831 2171169 0.97511423 -0.12868987 0.18053024 0.0036414529
0.055049717 0.11087734 0.18109667 2171169 0.96947879 -0.1020126 0.22294462 0.0032752866
0.054787636 0.10547554 0.18075788 2171169 0.9596383 -0.057185233 0.27536196 0.003257574
0.054735422 0.10021949 0.18075335 2236962 0.95064086 -0.022436984 0.30948099 0.0025476899
0.054768682 0.094959855 0.180776 2171169 0.94641709 -0.0081499405 0.32284412 0.0025257121
0.053849697 0.08964783 0.18318261 2236962 0.92987382 -0.0044464869 0.36785182 0.0014237866
0.054282546 0.084408164 0.18196321 2171169 0.9371478 -0.00095536467 0.3489314 0.0014163179
0.054072142 0.079997301 0.18254018 2236962 0.93363237 0.002766567 0.35822183 0.0013796329
0.054100931 0.076485336 0.18253851 2171169 0.93397486 0.0050247042 0.35730341 0.0013326758
0.054810524 0.070381224 0.18077552 1776411 0.94561821 0.0047698552 0.32524365 0.0025142601
0.054829895 0.065116167 0.1807816 1776411 0.94589788 0.0023108132 0.32445624 0.0027879355
0.054829657 0.059842765 0.18076742 2039583 0.94592381 0.00024819773 0.32438874 0.0023354867
0.054834604 0.054568708 0.18075383 2236962 0.94568568 0.00023115505 0.32508236 0.0024461017
0.054826736 0.049317002 0.18077302 2236962 0.94534326 0.00048294349 0.32607648 0.0024681506
0.054814756 0.044060707 0.18078327 2236962 0.94572157 0.0035171681 0.32495892 0.0024931626
0.054808259 0.040552557 0.18078387 2236962 0.9475373 0.010982905 0.31945658 0.00247916
0.054798782 0.0352934 0.18079185 2236962 0.95445764 0.040198516 0.29562584 0.0028203952
0.054935634 0.030087411 0.18091702 2236962 0.96389854 0.076618373 0.25500825 0.0036412785
0.055226505 0.025119126 0.18147886 2171169 0.97183269 0.11692452 0.20462134 0.0033160888
0.055743337 0.020321786 0.18235946 2105376 0.97739309 0.14897084 0.15003486 0.003604047
0.056362748 0.015654206 0.18347466 2039583 0.98364878 0.15265816 0.095554367 0.0029649013
0.056490421 -0.014317513 0.18317497 2039583 0.97468197 -0.21423207 -0.064028718 0.0039824992
0.054916084 -0.019286275 0.18057227 2039583 0.92280978 -0.38070893 -0.05901527 0.0061344882
0.049494386 0.20308542 0.18371275 2368032 0.6285792 0.76526892 0.13875072 0.051045474
0.051193953 0.20193246 0.18065752 2499617 0.66506904 0.73891592 0.10810421 0.032315418
0.044149876 0.20557928 0.1803147 1644825 -0.15461788 -0.98025268 0.12328002 0.039271694
0.040694594 0.20585898 0.1803444 1644825 0.0037363712 -0.99121892 0.13217832 0.016936941
0.035238802 0.20529333 0.18033834 1644825 0.1533455 -0.98664743 0.054882225 0.0040573357
0.057676911 0.18037882 0.17468512 2696739 0.97976238 0.018111477 0.19934303 0.010905879
0.053417325 0.1993452 0.17835142 2696995 0.81464297 0.56227458 0.14214133 0.031991336
0.055249929 0.1947929 0.17577302 2959909 0.93020624 0.33603057 0.14764738 0.011260279
0.05618614 0.18986279 0.17637789 3091495 0.9635458 0.20341186 0.17379034 0.00718203
0.056688726 0.18508488 0.17785943 2828324 0.9707852 0.077069007 0.22723658 0.0098114917
0.056577206 0.18028784 0.1788466 3025703 0.9607178 -0.0032177332 0.27750847 0.009819611
0.056731224 0.17574516 0.17675233 2171169 0.96409702 -0.04115713 0.26234138 0.0071126604
0.056040108 0.1705305 0.17668104 2171169 0.96563083 -0.024048127 0.25880268 0.00542549
0.05596292 0.16529933 0.17677081 2171169 0.97645962 0.046997614 0.21051788 0.0042156465
0.056312799 0.16022217 0.17728794 2105376 0.9835273 0.088151455 0.15780804 0.0026865755
0.056728303 0.15520835 0.17793119 2105376 0.98820031 0.10476597 0.11173308 0.0023275001
0.057183981 0.15028867 0.17879891 2039583 0.99262846 0.10087126 0.067184299 0.0016819718
0.057418346 0.12764722 0.17927349 2039583 0.99477857 -0.088476554 0.050866723 0.0015462843
0.057015538 0.1237933 0.17850721 2105376 0.99183744 -0.099559784 0.079663739 0.0016443309
0.056653142 0.11999941 0.17787683 2105376 0.98829091 -0.099655986 0.11554104 0.0020433853
0.056239188 0.11441928 0.17718935 2105376 0.98236543 -0.078590721 0.16965154 0.0027367827
0.056042731 0.10893762 0.17676163 2171169 0.97602582 -0.045789622 0.21278372 0.0023526866
0.055963933 0.10541213 0.17673004 2171169 0.97306347 -0.029391762 0.22865596 0.0016771113
0.055996358 0.10011739 0.17671883 2171169 0.96872276 -0.0085699111 0.24799745 0.001439527
0.056032181 0.094821811 0.17670667 2171169 0.96735275 -0.0032781865 0.25341266 0.001582092
0.056022167 0.089523911 0.17667663 2171169 0.96729153 -0.0032583221 0.25364652 0.0016839213
0.056007981 0.084225893 0.17664552 2171169 0.96727836 -0.0010245244 0.25371549 0.0017043119
0.056009531 0.080693066 0.17662799 2171169 0.96734494 0.0020047573 0.25345579 0.0015762154
0.056006432 0.075460374 0.17671549 1973790 0.96702105 0.00447097 0.25465721 0.0015356238
0.056029558 0.070201397 0.17676413 1710618 0.96710217 0.0043557421 0.25435117 0.0015168905
0.056030333 0.064918399 0.17676377 1710618 0.96725267 0.0019923563 0.25380769 0.0014305373
0.056027591 0.059644938 0.17677915 2039583 0.96696764 0.0010672405 0.25489706 0.0013863996
0.0560323 0.054373026 0.17679882 2171169 0.96663129 0.0010584645 0.25616965 0.0013290771
0.056037664 0.04908967 0.17679882 2171169 0.96647316 0.00098062411 0.25676572 0.0014302836
0.056040347 0.045567572 0.17679906 2171169 0.96638745 0.0010034738 0.25708809 0.0014461111
0.056032002 0.04028976 0.17680466 2171169 0.96699685 0.0043698191 0.25475085 0.0014498265
0.055999517 0.035012484 0.17680609 2171169 0.97006994 0.018443154 0.24212429 0.0015597916
0.056050718 0.029747248 0.17684925 2171169 0.97565794 0.043956324 0.21484728 0.0017904589
0.056265235 0.024607837 0.17712891 2171169 0.98094159 0.073079728 0.18003578 0.0022605062
0.056576073 0.019633055 0.1777097 2105376 0.98611253 0.096726686 0.13500349 0.0021785835
0.056977749 0.014751375 0.17846262 2105376 0.99069393 0.10248389 0.089569151 0.001653549
0.057309628 0.011519432 0.17899466 2039583 0.9939087 0.090944074 0.062247183 0.0013823368
0.057059884 -0.0096901059 0.17875898 2039583 0.9877522 -0.15255201 -0.032764725 0.0030042527
0.056158543 -0.014081895 0.17717087 2039583 0.97630912 -0.21381417 -0.033226978 0.0017872941
0.05474484 -0.019067943 0.17455781 2039583 0.95981181 -0.27776724 -0.040083684 0.0015272653
0.048795402 0.20394343 0.17639568 1842203 -0.45016345 -0.89281636 0.015226942 0.036264669
0.046705425 0.20490685 0.17875949 1776154 -0.32102695 -0.94645035 0.034255479 0.036347892
0.05835408 0.18026131 0.1699376 2433824 0.99157727 0.035790768 0.1244733 0.0088897161
0.05844152 0.1767807 0.16999529 2828581 0.98872948 -0.00097173615 0.14970987 0.0086515695
0.05761379 0.14978987 0.17334139 2039583 0.99687177 0.057282113 0.054455779 0.001027718
0.057882845 0.14467373 0.1737752 2039583 0.99881274 0.039424282 0.028615173 0.00077045843
0.057989001 0.1394909 0.17404664 2039583 0.99982876 0.0098521672 0.015665313 0.00033848087
0.057996154 0.13596058 0.17404579 2039583 0.99981314 -0.012363335 0.014861045 0.00042578491
0.057843626 0.13052845 0.17373109 2039583 0.99873507 -0.041507758 0.028379641 0.00073528575
0.05753994 0.12503976 0.1732806 2039583 0.99651206 -0.055801988 0.062047128 0.0011121513
0.057724476 0.010403097 0.17358124 2039583 0.99760759 0.050593168 0.047111362 0.00094362086
0.057944834 0.0053091049 0.17396045 2039583 0.99949384 0.02383987 0.021063067 0.0010949612
0.058014929 3.349781e-05 0.17400096 2039583 0.99967068 -0.024538279 0.0075078802 0.0011397395
0.05771023 -0.0055013895 0.17355585 2039583 0.99498826 -0.099988535 0.00079326559 0.0016659709
0.05417037 0.19930944 0.1735673 2499617 0.82387865 0.56236106 0.070526488 0.023718167
0.056018889 0.19474468 0.17112839 2828324 0.92927891 0.36368388 0.064612329 0.020782683
0.056848645 0.18982735 0.17171681 2959909 0.97108269 0.21774055 0.097915679 0.0078017991
0.057626069 0.18468058 0.17217314 2894116 0.98568922 0.10557254 0.13142009 0.0081210854
0.057612598 0.17410663 0.1724664 2105376 0.97922152 -0.040278293 0.19875313 0.0070342529
0.057254672 0.17057624 0.17238736 2105376 0.97975689 -0.044587214 0.19516252 0.00737911
0.056838572 0.16527471 0.17229331 2105376 0.98526752 0.00038705286 0.17101988 0.005353428
0.057075799 0.16003126 0.17246783 2171169 0.99142122 0.050594322 0.12051629 0.0016014575
0.057330966 0.1549125 0.17291617 2105376 0.9941383 0.062497985 0.088221587 0.0014774658
0.057244956 0.11952287 0.17277968 2105376 0.99351925 -0.053326339 0.10037823 0.0016302846
0.057059407 0.11405498 0.1724081 2171169 0.99038559 -0.040879641 0.13215595 0.0017934263
0.056988358 0.11048228 0.17231774 2171169 0.98837078 -0.030583486 0.14895578 0.0019099721
0.056966901 0.10518557 0.1723249 2171169 0.98542583 -0.011341095 0.16972701 0.0017518393
0.056972802 0.099887908 0.17233682 2171169 0.98408568 -0.0025429188 0.17767638 0.0019251102
0.056979239 0.09459132 0.1723491 2171169 0.98386735 -0.0017980562 0.17889048 0.0017161487
0.056961536 0.08929503 0.1723578 2171169 0.9836812 -0.0016215346 0.17991288 0.0017127726
0.056955636 0.085764706 0.17236459 2171169 0.98356867 -0.0015492234 0.18052758 0.0016177455
0.056950152 0.08046484 0.17236805 2171169 0.98374087 0.0011007051 0.17959024 0.001808243
0.056964397 0.075152755 0.17235303 2039583 0.98386031 0.0024680598 0.17892115 0.0018727509
0.057006896 0.069827557 0.17231822 1710618 0.98413271 0.0043981601 0.1773794 0.0019300722
0.057007968 0.064524531 0.17231739 1710618 0.98391658 0.0019710227 0.1786176 0.0019742269
0.05701524 0.060989618 0.17231894 1776411 0.98382819 0.0018445699 0.17910521 0.0017304756
0.05701828 0.05572921 0.17239559 2171169 0.9834941 0.0017353644 0.18093187 0.0017592267
0.057034969 0.050420105 0.17238641 2171169 0.98346061 0.0012384345 0.18111777 0.0019521574
0.057039917 0.045111477 0.17237616 2171169 0.98354053 0.00078910863 0.1806858 0.0020870492
0.057039201 0.039812863 0.17238235 2171169 0.98363793 0.0014850796 0.18015055 0.0020137613
0.057012141 0.034517407 0.17238975 2171169 0.98448753 0.0070371921 0.17531328 0.0019972757
0.057020187 0.029221058 0.17240334 2171169 0.98658997 0.021112792 0.16184707 0.0020782815
0.057073295 0.025692582 0.17242026 2171169 0.9891277 0.036172405 0.14254117 0.0019335212
0.057211041 0.020522714 0.17267251 2105376 0.99221182 0.048161052 0.11487471 0.0015560456
0.057435036 0.015458167 0.17312336 2105376 0.99501508 0.057000909 0.081827961 0.0012264554
0.057183802 -0.0095319152 0.17264199 2039583 0.98630178 -0.1649508 -0.00025821663 0.0015559179
0.056291521 -0.013921201 0.17108572 2039583 0.97071451 -0.24023607 -0.00010481106 0.0011481042
0.050568402 0.20279568 0.17341723 1907996 0.50951385 0.86001205 -0.027836749 0.02701693
0.052112818 0.20151511 0.1699927 2039325 0.60810703 0.79186696 -0.056148015 0.020874217
0.058352053 0.18272674 0.16698538 2828324 0.99370545 0.104165 0.041221179 0.0090867998
0.058932841 0.17813814 0.16450153 2170910 0.99852824 0.049887367 0.021273196 0.010808225
0.059195578 0.17471227 0.16476355 2894116 0.99874717 -0.01296685 0.048331644 0.012584436
0.058307111 0.17021036 0.16709946 2105376 0.99239367 -0.055721108 0.10977231 0.0085360697
0.057617724 0.16499773 0.16719317 2105376 0.99386519 -0.043669164 0.10161167 0.0065283659
0.057692826 0.15971297 0.16729665 2105376 0.99790621 0.021935806 0.06084447 0.001999116
0.057821989 0.15443444 0.16740656 2105376 0.99875659 0.02574167 0.04269265 0.0015509137
0.057866633 0.15095377 0.16757751 2105376 0.99924356 0.026303481 0.028643616 0.001293628
0.057966352 0.14572129 0.1677978 2039583 0.99976522 0.020219382 0.0077867615 0.000791892
0.058050096 0.14040971 0.16782223 2039583 0.99996519 0.00827232 -0.0011143981 0.00036037338
0.057996273 0.13508821 0.1678264 2039583 0.99994719 -0.0078224605 0.0066650948 0.00013616156
0.057927668 0.12975621 0.16779971 2039583 0.9996292 -0.018644907 0.01984407 0.00051376311
0.05786258 0.12432665 0.16756022 2105376 0.99929982 -0.025346592 0.027521404 0.00090852281
0.057745099 0.11890566 0.16733801 2105376 0.99855351 -0.023985991 0.048119973 0.0013891238
0.057709873 0.11536098 0.16734517 2105376 0.99776065 -0.018948801 0.064145721 0.0025496769
0.057669401 0.11002129 0.16730881 2105376 0.99669141 -0.0087883193 0.080802612 0.0029148075
0.057689428 0.10467947 0.16727579 2105376 0.99611175 -0.0036544383 0.088022716 0.0029043788
0.057691574 0.099337041 0.16723895 2105376 0.99603248 -0.0016864816 0.088973954 0.0027871472
0.057684183 0.09399426 0.1672008 2105376 0.99601054 -0.0013708735 0.089224897 0.0022982592
0.057685316 0.090431392 0.16717613 2105376 0.99600124 -0.0016579791 0.08932443 0.002713098
0.057681024 0.085087478 0.1671375 2105376 0.99602634 -0.0014443098 0.089047424 0.002220409
0.057671607 0.079744399 0.16709936 2105376 0.99606955 0.0015806948 0.088560447 0.0020696693
0.057675719 0.074463785 0.16719127 1907997 0.9959116 0.0031531129 0.090278648 0.0023345966
0.057685912 0.069195569 0.1673069 1710618 0.99570292 0.0038492777 0.092525125 0.0023613095
0.057705343 0.065645158 0.16730762 1710618 0.99573004 0.0040028766 0.092226647 0.0028310432
0.057718754 0.060320079 0.16730857 1842204 0.99568051 0.0024408419 0.092813857 0.0029436189
0.057732165 0.055007637 0.16733348 2105376 0.99565279 0.001935463 0.093122661 0.0028931138
0.057737172 0.049698174 0.16736281 2105376 0.99559712 0.0011528862 0.093728632 0.0029312237
0.057734549 0.044377089 0.16736913 2105376 0.9956035 0.00043751157 0.093667135 0.0026993854
0.05773586 0.040827155 0.16736913 2105376 0.99560922 0.0009176709 0.093602605 0.0028694437
0.057727873 0.035506785 0.1673758 2105376 0.99570829 0.002067796 0.092524581 0.0028511505
0.057706654 0.030187011 0.16738319 2105376 0.99605387 0.0074690697 0.08843559 0.0027563458
0.057736933 0.024867415 0.16739488 2105376 0.99686682 0.014673968 0.077725172 0.0026438311
0.057784677 0.019589603 0.16748488 2039583 0.99804205 0.023244217 0.058067415 0.0011734158
0.057875454 0.01434052 0.16762745 2039583 0.9987421 0.028604759 0.041183472 0.00078800641
0.057991147 0.0091093779 0.16780162 2039583 0.99960947 0.018215394 0.02119245 0.00055697706
0.057998061 0.0055723786 0.16782306 2039583 0.99989426 0.0053963126 0.013502731 0.00035091696
0.05800432 0.00023150444 0.16779219 2039583 0.9993493 -0.035790712 0.0044656228 0.00077069964
0.057711244 -0.0053191185 0.16736472 2039583 0.99472916 -0.10253703 2.6836919e-05 0.0017163913
0.054393709 0.19892764 0.16765475 2302239 0.77746558 0.62712687 -0.047530092 0.022045629
0.056520641 0.19445175 0.16529369 2565409 0.92167169 0.38653859 -0.033304691 0.024658352
0.057065487 0.18953925 0.16646683 2828324 0.97794473 0.20825085 0.015989944 0.0045811236
0.057716429 0.18616858 0.16671717 2828324 0.98651844 0.16173643 0.024955267 0.0075921942
0.057221532 -0.0093612671 0.16646445 2039583 0.98706245 -0.16033635 -0.00015398538 0.0010779372
0.056330323 -0.013755143 0.16492152 2039583 0.97145915 -0.23720673 -0.0002215672 0.0011264988
0.054813683 -0.018905997 0.16847503 2039583 0.944291 -0.32911164 -0.0001349091 0.00041756354
0.045874417 0.20336166 0.16522506 1644825 -0.13594609 -0.97843665 0.15550029 0.011802006
0.0579229 0.18389848 0.16074014 2565410 0.98685223 0.14180088 -0.077557333 0.0068280338
0.05852139 0.18046254 0.16105007 2565410 0.99313241 0.099231713 -0.06197672 0.009702038
0.058789849 0.16982386 0.16146849 2039583 0.99888539 -0.036148671 -0.030351857 0.0083187362
0.057970166 0.16449681 0.16147256 2039583 0.99713975 -0.07353577 0.017457033 0.0049701747
0.057833552 0.15914917 0.16146994 1973790 0.99978447 -0.018895961 -0.008595367 0.0032256048
0.05790031 0.15557992 0.16147196 2039583 0.9996199 0.0077620232 -0.02645334 0.001053796
0.057919383 0.15022922 0.16147244 1973790 0.99929923 0.0053828279 -0.037042417 0.00088049535
0.057903469 0.14487857 0.16147339 1973790 0.9989121 0.0024986239 -0.046566121 0.00040810119
0.057920754 0.13952804 0.16147327 1973790 0.99905449 0.0045472328 -0.043237027 0.00024235243
0.057959497 0.13417763 0.1614728 1973790 0.99976301 0.0049278056 -0.0212062 0.00034147906
0.057935715 0.1306107 0.16147316 1973790 0.99920899 -0.005206727 -0.039425448 0.00026665578
0.05791527 0.12526047 0.16147339 1973790 0.99908704 -0.0041719801 -0.042516608 0.00051317085
0.057913482 0.11990982 0.16147327 1973790 0.99949086 -0.0031113899 -0.031753797 0.00092212186
0.057917893 0.11455882 0.16147351 1973790 0.99979353 -0.003016894 -0.020095373 0.0012920027
0.057933211 0.10920793 0.16147399 1973790 0.99987215 -0.00079920044 -0.015968664 0.0012644914
0.05793345 0.10564089 0.16147411 1973790 0.99988502 -0.0013799967 -0.015099646 0.001140606
0.057924151 0.1002903 0.16147435 1973790 0.99990046 -0.0013962152 -0.014040707 0.0012094481
0.057902813 0.09493959 0.16147411 2039583 0.99990577 -0.00060464465 -0.013714411 0.0010872293
0.057900548 0.08958894 0.16147447 2039583 0.99991781 -0.0010536325 -0.012779026 0.0011357717
0.057878971 0.084238052 0.16147447 2039583 0.99993259 0.0002599477 -0.011608084 0.0011152091
0.057873428 0.08067131 0.16147459 2039583 0.99994534 0.0020065694 -0.010258284 0.00099368207
0.057885945 0.075228512 0.1612817 1907997 0.99991733 0.0038390823 -0.01226982 0.0010671502
0.057931304 0.069997013 0.16153204 1710618 0.99996912 0.0038741378 -0.0068441252 0.0010164152
0.05796355 0.064624727 0.16148758 1710618 0.99996519 0.0037477065 -0.0074586221 0.001065849
0.057968259 0.059300482 0.16154182 1907997 0.99997121 0.0013837805 -0.0074680424 0.0010971111
0.057973683 0.05573374 0.1615423 2039583 0.99996966 0.0016522033 -0.0076177893 0.001000499
0.057983458 0.050383568 0.16154289 2039583 0.99996984 0.0012655475 -0.0076682246 0.0010303711
0.057986498 0.045033038 0.16154289 2039583 0.99997407 0.00063665508 -0.0071738167 0.00095520314
0.05798775 0.039682388 0.16154253 2039583 0.99997628 0.0005547136 -0.0068683666 0.00095079176
0.057987154 0.034331739 0.16154218 2039583 0.9999758 0.00057346636 -0.0069379359 0.0009795042
0.057983756 0.030764699 0.16154182 2039583 0.99997538 0.0018340492 -0.0067773671 0.00090403785
0.057972133 0.02541399 0.16154134 2039583 0.99996066 0.0059066778 -0.0066178939 0.00090612081
0.057984471 0.020063341 0.16154122 2039583 0.99992949 0.009585035 -0.0070130504 0.00063919683
0.057985127 0.014711678 0.16153872 2039583 0.99989396 0.014499058 -0.0013484226 0.00045098434
0.05801928 0.0093626976 0.16154121 2039583 0.99996412 0.0084692445 2.5032475e-06 0.00018944996
0.057999134 0.0057960153 0.16154228 2039583 0.9999966 -0.002328825 -0.001179739 0.00010135734
0.057991743 0.00043070316 0.16151607 2039583 0.99926859 -0.038239218 6.8103494e-05 0.00066850189
0.057723522 -0.0051361322 0.16110873 2039583 0.99489099 -0.10095527 1.1440082e-05 0.0016751993
0.054052114 0.19819218 0.16123784 2105117 0.72007334 0.67284197 -0.16964118 0.026271826
0.056827784 0.19067246 0.16020739 2565410 0.95970851 0.26183662 -0.10198593 0.011150509
0.057214797 0.18727112 0.16046715 2565410 0.98278707 0.16822371 -0.07635621 0.0040714699
0.0572474 -0.0091869235 0.16022241 2039583 0.98748791 -0.15769444 -0.00034262682 0.0010710051
0.054870129 -0.01873982 0.16233003 2039583 0.94534558 -0.32606989 -0.0003850818 0.00041242887
0.048208714 0.20255813 0.16318873 1644825 -0.27402297 -0.94750446 0.16476254 0.010733963
0.049843073 0.20130888 0.15991274 1644825 0.39720792 0.8977164 -0.19060741 0.015838895
0.058872163 0.1755431 0.15781604 2170654 0.98874485 0.047980379 -0.14170924 0.012149302
0.058914542 0.17229789 0.15862928 2762788 0.9952507 -0.0082917828 -0.096991293 0.010699589
0.057634294 0.020000041 0.15448296 1973790 0.99768156 0.020856343 -0.064780585 0.00024263171
0.057780266 0.01479584 0.15482712 1973790 0.99863404 0.024330888 -0.04623884 0.00022594891
0.057927072 0.0095534325 0.15509105 2039583 0.99943191 0.017546279 -0.028774619 0.0002179562
0.057988346 0.0060194135 0.15518987 2039583 0.99978107 0.0092597865 -0.018764693 0.0002329954
0.058012307 0.00063079596 0.15517376 2039583 0.9994756 -0.032029916 -0.0047638472 0.00094994844
0.05774641 -0.0049532056 0.15478575 2039583 0.99516475 -0.09818846 -0.0024811865 0.0020326562
0.05529809 0.19491011 0.15713811 2105118 0.83240837 0.50880045 -0.2195868 0.019195085
0.056367755 -0.013590872 0.15868759 2039583 0.97215855 -0.23432325 -0.00063723663 0.0011863835
0.054925144 -0.018571436 0.15612149 2039583 0.94651204 -0.32266724 -0.00091460597 0.00051165087
0.057565928 0.023512661 0.15433538 1973790 0.99666202 0.016102161 -0.080034822 0.00033746299
0.055963397 0.1893951 0.151775 2170910 0.96046871 0.1969754 -0.19672453 0.003771872
0.056423187 0.18434399 0.1527257 2368032 0.97220033 0.094438054 -0.2142615 0.0048247231
0.05698657 0.18095461 0.15309417 2368032 0.95630354 0.070279792 -0.28380343 0.0070717768
0.057304382 0.17751843 0.15348339 2368032 0.94339353 0.033945553 -0.32993388 0.0086344099
0.057153881 0.165104 0.15394807 1907997 0.94503015 -0.018024258 -0.32648608 0.0078012892
0.057198346 0.15971577 0.15394461 1907997 0.98520464 -0.055163525 -0.16226159 0.0033506188
0.057286143 0.15432769 0.15394354 1907997 0.98818195 -0.0009972218 -0.15328225 0.00052834465
0.057283461 0.14894354 0.1539439 1907997 0.98927057 -0.0041323258 -0.1460367 0.00047225901
0.057272911 0.14535406 0.15394461 1907997 0.98993009 -0.005029446 -0.14146751 0.00026914253
0.057273388 0.12022829 0.15394568 1907997 0.98736292 0.0038162565 -0.15842943 0.00046781756
0.057286203 0.11484402 0.15394545 1907997 0.98716998 0.00030008447 -0.15967257 0.00053977518
0.057286382 0.10945988 0.15394568 1907997 0.98696667 0.00024175052 -0.1609247 0.00049046444
0.057285845 0.10587049 0.15394592 1907997 0.98662478 0.00025662265 -0.16300768 0.0005130152
0.057286024 0.10048634 0.15394604 1907997 0.98623168 0.00025797417 -0.16536918 0.00052846759
0.057286382 0.095102191 0.1539464 1907997 0.98580366 0.00014850644 -0.16790235 0.0004499495
0.057282448 0.089718103 0.15394676 1907997 0.98554575 0.0011858707 -0.16940562 0.00058705278
0.057297349 0.084333956 0.15394652 1907997 0.98645639 0.0035025605 -0.16398628 0.0005645788
0.057299554 0.080744624 0.15394676 1907997 0.98711675 0.0052697295 -0.15991461 0.00055755337
0.057361186 0.075439274 0.15411592 1842204 0.98906678 0.005827887 -0.14735317 0.00048162663
0.057421088 0.070106328 0.15422344 1710618 0.99027115 0.0041741971 -0.13908818 0.0003485214
0.05744344 0.064721525 0.15421867 1710618 0.99062318 0.0022730515 -0.13660382 0.00038830892
0.057430923 0.059325218 0.1541909 1776411 0.98989838 0.00075779477 -0.14177671 0.00041674965
0.057442725 0.055749476 0.15421784 1973790 0.99018049 0.0014173227 -0.13978755 0.00040062124
0.057459533 0.05038625 0.15425849 1907997 0.99049956 0.0018856861 -0.1375033 0.00038555634
0.057478249 0.045021594 0.15429544 1907997 0.99094808 0.0016891777 -0.1342352 0.0003005694
0.057484865 0.039640784 0.15429914 1907997 0.99124712 0.0008842682 -0.13201678 0.00037558228
0.057484806 0.034262061 0.15430713 1907997 0.99153155 0.0013589093 -0.1298591 0.00032321425
0.057492137 0.030676365 0.15431237 1907997 0.99183226 0.0025620612 -0.12752323 0.00032541275
0.057517827 0.027090669 0.15431678 1907997 0.99577326 0.012437896 -0.090999216 0.00026998378
0.057264745 -0.0090096593 0.15391469 2039583 0.98772305 -0.15621462 -0.0003420487 0.0017620063
0.05640167 -0.013423979 0.15238869 2039583 0.97280347 -0.23162816 -0.0013237203 0.0013454033
0.054968178 -0.01841718 0.14982069 2039583 0.94734025 -0.32021847 -0.0025766816 0.00069233921
0.057642937 0.0095539689 0.14820302 1973790 0.99613279 0.049905658 -0.072311118 0.00021178923
0.057915986 0.0043857694 0.14866138 2039583 0.99904686 0.016280562 -0.04050079 0.00063096941
0.057952225 -0.00097548962 0.14874816 2039583 0.99922043 -0.038175993 -0.010051924 0.00100119
0.057752967 -0.004778564 0.14837587 2039583 0.99552262 -0.094439477 -0.0039967601 0.0024669766
0.057219386 0.014534891 0.14736712 1973790 0.99298579 0.066208124 -0.097957537 0.00014856618
0.057284296 -0.0088328123 0.14753747 2039583 0.98787773 -0.15523323 -0.0005481079 0.0023624629
