# .PCD v0.7 - Point Cloud Data file format
VERSION 0.7
FIELDS x y z rgb normal_x normal_y normal_z curvature
SIZE 4 4 4 4 4 4 4 4
TYPE F F F U F F F F
COUNT 1 1 1 1 1 1 1 1
WIDTH 1959
HEIGHT 1
VIEWPOINT 0 0 0 1 0 0 0
POINTS 1959
DATA ascii
0.49656194 0.69546926 0.97925448 2697513 -0.19710487 -0.98036289 -0.0061843605 0.0046826503
0.499715 0.69494486 0.98259205 2697513 -0.12098392 -0.99265397 -0.00098309864 0.0069900192
0.50246817 0.69470316 0.98228115 2697513 -0.055058975 -0.998483 -0.00042778067 0.0035301005
0.5068292 0.69470417 0.98226345 2763306 0.05155988 -0.99866956 -0.00085290452 0.0051519475
0.48710635 0.69858122 0.98360211 2565927 -0.41736057 -0.90873748 0.0025087628 0.0030278286
0.49249768 0.6964944 0.98272473 2631720 -0.29522064 -0.95542741 -0.0017951776 0.0051493002
0.49710155 0.69535047 0.98319137 2697513 -0.1851646 -0.98270679 -0.0012202723 0.0059821648
0.51155549 0.69521934 0.98295635 2763306 0.16437013 -0.98639429 0.0029634077 0.0050617578
0.49894136 0.69504815 0.9868139 2697513 -0.13975962 -0.99018514 0.00078184641 0.0055289008
0.50308472 0.69468254 0.98634309 2697513 -0.038599547 -0.99925351 0.0015902161 0.0030417256
0.50755864 0.69475496 0.9865101 2763306 0.068680771 -0.99763846 0.00070769544 0.003255188
0.48755845 0.69838321 0.98751509 2565927 -0.40856361 -0.91272914 0.0011335996 0.0029797575
0.49264818 0.69646198 0.98887014 2631720 -0.29029664 -0.95693648 0.00065261259 0.0035253605
0.49638036 0.69549525 0.98756909 2697513 -0.20069374 -0.97965389 0.00054910005 0.0048265592
0.51240087 0.69537294 0.98737961 2763306 0.18510026 -0.98271662 0.0024371811 0.0038473927
0.51832569 0.69693011 0.98751259 2763306 0.32173404 -0.94681221 0.0058135153 0.0028060339
0.47979262 0.70281911 0.98953402 2368548 -0.57339883 -0.81924802 0.0068164673 0.0029024791
0.48283762 0.70083535 0.98686165 2500134 -0.50859606 -0.86098033 0.0065505086 0.0032080861
0.50253081 0.69471449 0.99199027 2697513 -0.052569319 -0.99861676 0.0010461279 0.0045576957
0.5074659 0.69475323 0.99205548 2763306 0.066893086 -0.99775773 0.0021934374 0.0043476112
0.48470461 0.69979882 0.99364692 2500134 -0.47076422 -0.8822583 0.0011413321 0.0044775764
0.48799774 0.6981914 0.99134719 2565927 -0.39784777 -0.91745049 0.0013108285 0.0045723808
0.49194473 0.69668615 0.99337119 2565927 -0.30704138 -0.95169598 0.00061101327 0.0029033683
0.49692646 0.69538981 0.99157405 2697513 -0.18769023 -0.98222804 0.00066831254 0.0038015901
0.51323825 0.69555414 0.9918229 2763306 0.2040527 -0.97895426 0.003327549 0.0038799939
0.51671135 0.69644403 0.99290442 2763306 0.28590852 -0.95825297 0.0027575067 0.0031192587
0.52195477 0.69839334 0.99163282 2763306 0.40760151 -0.91315818 0.0017781865 0.0020163399
0.47850844 0.70377463 0.99305826 2368548 -0.60546327 -0.79586381 0.0038817683 0.0021856192
0.48219857 0.70124614 0.99152839 2434341 -0.5253706 -0.85087055 0.0022374173 0.0027867211
0.47597179 0.70584911 0.9937917 2302755 -0.662117 -0.74939138 0.0036864902 0.0022785407
0.49937648 0.69500607 0.99940217 2697513 -0.12797859 -0.99177623 0.0011744479 0.0039915722
0.5024457 0.69472343 0.99765855 2697513 -0.053026311 -0.99859244 0.001160407 0.0024116109
0.50858533 0.6948604 0.99713302 2763306 0.094201207 -0.99555212 0.0014700147 0.0033879788
0.48746851 0.69843632 0.9972527 2565927 -0.4091441 -0.91246974 -0.00021000326 0.0035825302
0.49245438 0.69651991 0.99742204 2631720 -0.29500663 -0.95549518 0.00019416347 0.002460059
0.49747822 0.69529057 0.99561077 2697513 -0.17435706 -0.9846822 0.00074754952 0.004133435
0.51182991 0.69530386 0.99770516 2763306 0.17149417 -0.98518467 0.00095670362 0.0036314023
0.51787561 0.6968205 0.99789906 2763306 0.31335106 -0.94963592 0.0016566542 0.0016202015
0.52094668 0.6979695 0.99529505 2763306 0.38344467 -0.92356092 0.0023378278 0.0019253759
0.47788396 0.70425504 0.99792862 2368548 -0.62256545 -0.78256541 0.0019084294 0.0035699441
0.4823783 0.70114559 0.99696189 2434341 -0.52242142 -0.85268718 0.00065355015 0.0024443727
0.52612227 0.70052093 0.99675059 2697513 0.49585494 -0.8683899 0.0051826448 0.0012014779
0.47329345 0.70847654 0.99759746 2236962 -0.73130035 -0.68205446 0.0012169598 0.0036439165
0.47538853 0.70640218 0.99867463 2302755 -0.68057084 -0.73267359 0.0035702703 0.0033078452
0.50280517 0.6947118 1.0032951 2697513 -0.044464163 -0.99901062 0.0008455569 0.0023770088
0.50731635 0.69476694 1.0033909 2763306 0.063659996 -0.99797136 0.00077682821 0.0032705297
0.4873136 0.69849437 1.0030577 2565927 -0.41286051 -0.91079414 0.00052934943 0.0033208746
0.49294639 0.69636285 1.0014002 2631720 -0.2824817 -0.95927268 -4.153846e-05 0.003493533
0.49711996 0.69536382 1.0028383 2697513 -0.18220128 -0.98326111 0.0005811064 0.0029682931
0.51313901 0.69555217 1.0031352 2763306 0.20288032 -0.97920305 0.0010121564 0.0028442948
0.51878178 0.69714081 1.0025396 2763306 0.33379924 -0.94264376 0.00086975459 0.0024343813
0.52357852 0.69917589 1.0032377 2697513 0.44265723 -0.89669025 0.0010838347 0.0012316569
0.4788996 0.70348275 1.0031209 2368548 -0.60055596 -0.79958111 0.0015994529 0.0027836512
0.48219994 0.70124543 1.0027564 2434341 -0.52754486 -0.84952694 0.00064314064 0.0031911808
0.47418705 0.70756423 1.0025557 2236962 -0.70870394 -0.70550251 0.002219643 0.0027173739
0.4766326 0.70529646 1.0014306 2368548 -0.65255499 -0.75773764 0.0023740816 0.0034780321
0.46922863 0.71355814 1.004761 2105376 0.82584018 0.56388777 -0.0043161139 0.0028894336
0.47133687 0.71072179 1.0028121 2105376 0.77626932 0.63039082 -0.0036503039 0.0028483637
0.50202721 0.69475901 1.0077082 2697513 -0.063267514 -0.99799621 0.00085801753 0.0037227608
0.50804579 0.69481021 1.0077859 2763306 0.0812525 -0.99669343 0.00050300953 0.0039521502
0.48486879 0.69970179 1.0062112 2500134 -0.46747971 -0.88400221 0.0016785179 0.003952411
0.48752427 0.6983999 1.0085815 2565927 -0.4075197 -0.91319597 0.00090732845 0.0047252765
0.49239376 0.69653702 1.0073416 2565927 -0.29600579 -0.95518523 0.0013013587 0.0027733515
0.49656627 0.69547284 1.0087678 2697513 -0.19518568 -0.98076564 0.0011569215 0.003859763
0.51307195 0.69553727 1.0088497 2763306 0.20106986 -0.97957653 0.0008730127 0.0038646797
0.51713085 0.69658726 1.0080736 2763306 0.29509756 -0.95546699 0.00046470622 0.0023662637
0.52195591 0.69840389 1.0086677 2763306 0.40578979 -0.91396642 -0.00021009926 0.0019350663
0.4782736 0.70396805 1.00809 2368548 -0.61518502 -0.78838116 0.0015815161 0.0032212313
0.48167917 0.70157826 1.0088942 2434341 -0.53937751 -0.84206277 0.001485428 0.0031217542
0.52902567 0.70235491 1.0078943 2631720 0.56082225 -0.82793123 -0.0028788277 0.0004569515
0.47360152 0.70817083 1.0076772 2236962 -0.72371626 -0.69009501 0.0019159776 0.0036161714
0.47603539 0.70583129 1.0063562 2302755 -0.66663027 -0.74538738 0.0013423527 0.0038235972
0.47080171 0.71142608 1.0080096 2105376 0.7899645 0.61314332 -0.0033703905 0.0035372511
0.46779409 0.71583509 1.0078501 1973790 0.85978091 0.51063049 -0.0057720626 0.0028614157
0.49982309 0.69496268 1.0123162 2697513 -0.11668095 -0.99316877 0.0011816453 0.0048264223
0.50266796 0.69472551 1.0120045 2697513 -0.048586745 -0.99881846 0.0010112465 0.0031372095
0.50718945 0.69475245 1.0120424 2763306 0.060800374 -0.99814934 0.0010879335 0.0037139524
0.48684737 0.69872856 1.0133971 2565927 -0.42332214 -0.90597844 0.0011775721 0.0037507096
0.49227947 0.69658583 1.0132874 2565927 -0.29824239 -0.95448959 0.0010392016 0.0033986869
0.49712959 0.69537205 1.0129532 2697513 -0.18179464 -0.98333597 0.0010436131 0.0047156555
0.51211995 0.69535762 1.0128967 2763306 0.17799515 -0.98403138 -1.6905695e-05 0.0049582799
0.51571625 0.69618064 1.0140716 2763306 0.26240292 -0.96495837 0.00018041888 0.0034431235
0.52093381 0.69796503 1.012457 2763306 0.38345096 -0.92356122 2.0184447e-05 0.0026119642
0.47931543 0.70319563 1.0134116 2368548 -0.59174901 -0.80612153 0.0010840954 0.0037413565
0.48313025 0.70068258 1.0120008 2500134 -0.5069384 -0.86198121 0.0013576681 0.0044872416
0.52679789 0.70093453 1.0122594 2697513 0.50568056 -0.86270934 -0.004440702 0.00079948845
0.47302267 0.70879823 1.0128469 2236962 0.73712867 0.67575026 -0.0016870516 0.0038274317
0.47606403 0.70581895 1.0127765 2302755 -0.66618168 -0.74578798 0.0014863586 0.004593384
0.46922776 0.71360582 1.0111383 2105376 0.82822978 0.56037861 -0.003354359 0.0040699099
0.4708007 0.71144384 1.0144041 2105376 0.79075575 0.61213076 -0.0011306361 0.003013391
0.46685666 0.71756488 1.0124834 1973790 0.8837716 0.46787012 -0.006730828 0.0027424227
0.50330043 0.69470549 1.016309 2697513 -0.032902643 -0.99945843 0.00054825848 0.0029405488
0.5079391 0.69481289 1.016544 2763306 0.07814616 -0.99694192 5.4091074e-06 0.00323759
0.48730493 0.6985178 1.0175496 2565927 -0.41382697 -0.91035485 0.0011266801 0.0035005284
0.49253824 0.69650429 1.0189881 2631720 -0.29335621 -0.95600289 0.00080916681 0.0034720914
0.49770606 0.69527793 1.0171992 2697513 -0.1678964 -0.98580456 0.00044436601 0.0026721291
0.51298749 0.69552618 1.017583 2763306 0.19825186 -0.980151 -0.00049673289 0.0040301043
0.51926398 0.69731206 1.0180368 2763306 0.34490502 -0.93863744 0.00052498007 0.0029454343
0.52424175 0.69950509 1.0189447 2697513 0.45706245 -0.88943458 0.00024606808 0.0012381308
0.47867861 0.70367652 1.0184884 2368548 -0.60594034 -0.79550898 0.0013364127 0.0029779533
0.4824762 0.70109808 1.0169184 2434341 -0.52188349 -0.85301602 0.001117176 0.0023641228
0.52552497 0.70020366 1.015582 2697513 0.4862411 -0.87382466 0.00016226564 0.0013295474
0.47391084 0.70785815 1.0179523 2236962 0.71565259 0.69845551 -0.0011431581 0.0030829795
0.47608203 0.70579535 1.019245 2302755 -0.66579294 -0.74613595 0.00094728469 0.0044410001
0.46921152 0.71364266 1.0175967 2105376 0.82973158 0.55816221 -0.00065520644 0.0036538935
0.47104406 0.71111727 1.0183047 2105376 0.78490543 0.61961472 -0.0010386308 0.0038038993
0.46698654 0.71735913 1.0171711 1973790 0.88263226 0.47005969 -0.0020438314 0.0032048565
0.46409452 0.72418296 1.0197097 1776411 0.95085019 0.30959275 -0.0060243676 0.0022686583
0.46520722 0.72111726 1.0153295 1842204 0.92299455 0.38473484 -0.0077577406 0.0019407903
0.50251478 0.69474161 1.020838 2697513 -0.052426115 -0.9986248 -9.8733864e-05 0.0027390386
0.50706637 0.69475818 1.0208592 2763306 0.056998897 -0.99837416 -0.00042351364 0.0034319179
0.48775393 0.69832325 1.0215745 2565927 -0.40349838 -0.91498005 0.00076659356 0.0034020797
0.49181336 0.69673753 1.0237684 2565927 -0.31005144 -0.95071977 5.0404586e-05 0.003352541
0.49694687 0.69541156 1.0218455 2697513 -0.18685393 -0.98238772 -0.00016200556 0.0027170645
0.51207632 0.69534719 1.0217793 2763306 0.17680953 -0.98424435 0.0011864816 0.0025939515
0.51753736 0.69671595 1.0236449 2763306 0.30535036 -0.95223975 0.00078130345 0.0022460029
0.52297896 0.69887716 1.0224043 2697513 0.42685124 -0.90432119 0.0010914941 0.00082325377
0.47737154 0.70469826 1.022148 2368548 -0.63561165 -0.77200788 0.0012951253 0.0037259988
0.48266393 0.70099711 1.0226254 2434341 -0.51735198 -0.85577226 0.00085781497 0.0032621077
0.47331551 0.70847762 1.0232301 2236962 0.73012632 0.68331224 -4.1621202e-05 0.0040056333
0.47547963 0.70634723 1.0243729 2302755 -0.67845815 -0.73463851 0.00089005736 0.004016581
0.46869627 0.71442193 1.0230111 2105376 0.84210163 0.53931886 0.0001746858 0.0047410536
0.47133291 0.71075881 1.0220556 2171169 0.77782643 0.62847912 -0.00010454036 0.0041084932
0.4670518 0.71724725 1.0226991 1973790 0.88177842 0.47166279 -0.0010043052 0.0028981883
0.46480569 0.72218072 1.0211062 1842204 0.93518192 0.35416666 -0.00090116751 0.0026965938
0.46555585 0.72032452 1.022777 1907997 0.91769207 0.39729235 -0.00025330196 0.0031848301
0.4632093 0.72738433 1.0241433 1710618 0.97243834 0.23313229 -0.0036024535 0.0026646615
0.50193828 0.69477266 1.0268899 2697513 -0.066674829 -0.99777472 0.0001814264 0.0041333926
0.50697565 0.69474167 1.0268142 2763306 0.055755846 -0.9984436 0.0012982248 0.0037378834
0.48798782 0.69820887 1.0274373 2565927 -0.39846125 -0.91718513 -0.0001812015 0.0039088181
0.49357876 0.69619584 1.0274383 2631720 -0.26794469 -0.96343428 -0.00024445183 0.0034599963
0.4975169 0.69530153 1.0261408 2697513 -0.17286398 -0.98494554 0.00055419921 0.0025541487
0.51290196 0.69550961 1.0264711 2763306 0.19787019 -0.98022586 0.0021446582 0.0031950802
0.51652187 0.69641763 1.027666 2763306 0.28145519 -0.95957345 0.0013304398 0.0033615392
0.52195525 0.69842112 1.0262982 2763306 0.40542215 -0.91412753 0.0019493144 0.00091408036
0.47871882 0.70364922 1.0250688 2368548 -0.60494125 -0.79627001 0.00036431287 0.0042513972
0.48199823 0.70140761 1.0276991 2434341 -0.53264099 -0.84634125 -0.00013742418 0.0031479849
0.52757376 0.70138299 1.028374 2631720 0.5132044 -0.85826635 0.00036984499 0.00023109165
0.47422951 0.70753533 1.0284491 2236962 0.70731258 0.70690078 -0.00041685445 0.0028147162
0.47675428 0.70522833 1.0272812 2368548 -0.64977628 -0.76012546 0.00022393008 0.004224618
0.46969011 0.71292883 1.0252665 2105376 0.81778926 0.57551765 -0.00035039414 0.0043743309
0.47131276 0.71078157 1.0287218 2105376 0.7783224 0.62786478 -0.0002944177 0.0040244544
0.46772349 0.71603119 1.0274732 1973790 0.86581773 0.50035864 -0.00096949562 0.0040791649
0.46439788 0.72329968 1.0270299 1776411 0.94523782 0.32638136 -0.00083959737 0.0037789203
0.46515507 0.72130549 1.0284593 1842204 0.92740446 0.37405965 -0.00063220575 0.0026842726
0.46375561 0.72533053 1.0255874 1776411 0.96052784 0.27818209 -0.0010289865 0.0034966897
0.46250889 0.73116893 1.0295062 1644825 0.99031639 0.13882865 -0.00012817142 0.0015684589
0.49947444 0.6950112 1.0301681 2697513 -0.12489013 -0.99217021 0.00086285872 0.0041858153
0.50301445 0.69471592 1.0343144 2697513 -0.039129164 -0.99923354 0.0011102896 0.0037773957
0.50813723 0.69484025 1.0322618 2763306 0.083534665 -0.99650419 0.0011604537 0.0029798355
0.48728564 0.69852436 1.0324028 2565927 -0.41478044 -0.90992129 -0.00070027233 0.0031572427
0.49284768 0.69641298 1.0322983 2631720 -0.28428024 -0.95874125 1.3376549e-05 0.0028297643
0.49771833 0.69527739 1.0328679 2697513 -0.16746721 -0.98587751 0.00045823678 0.0038418686
0.51144159 0.69525814 1.0327734 2763306 0.16284159 -0.98665208 0.00055346481 0.00371112
0.51768702 0.6968047 1.0329552 2763306 0.30943277 -0.95092028 0.001395731 0.003360519
0.52089059 0.69797856 1.0301913 2763306 0.3828347 -0.92381507 0.001813048 0.001978976
0.47876933 0.70362651 1.0316985 2368548 -0.60452533 -0.79658586 -0.00017864474 0.003138552
0.48228678 0.70122504 1.0326587 2434341 -0.52682728 -0.84997207 -0.00074507965 0.0031556622
0.5255788 0.70026177 1.0334506 2697513 0.47797686 -0.87835979 -0.0047118557 0.00089934416
0.47302562 0.70879501 1.0325361 2236962 0.7367835 0.67612809 -0.00095087575 0.0031203993
0.47613424 0.7057668 1.0324659 2302755 -0.66452903 -0.74726242 7.886278e-05 0.0041038822
0.46916488 0.71370387 1.0307635 2105376 0.83102596 0.55623347 -0.00041229348 0.0039353142
0.47021121 0.71222568 1.033046 2105376 0.80538994 0.59274489 -0.00072846224 0.0036659674
0.46677417 0.71777034 1.0322016 1907997 0.88808495 0.45967844 -0.00094645418 0.0040201959
0.46436912 0.72341698 1.0337181 1776411 0.946073 0.32395354 -0.00023495607 0.0032663068
0.46317235 0.72761643 1.0309582 1644825 0.97467053 0.22364543 -0.00032801405 0.0021864097
0.50221395 0.69477218 1.0390053 2697513 -0.058987055 -0.99825811 0.0011341251 0.0023080828
0.50680715 0.69475675 1.0389467 2763306 0.050422955 -0.99872786 0.0004728458 0.0035455956
0.48454115 0.69989008 1.0374608 2500134 -0.47596514 -0.87946391 -0.00067363179 0.0037477836
0.4876163 0.69836599 1.0373948 2565927 -0.40631649 -0.91373241 0.00011867372 0.0037413968
0.49210963 0.69663149 1.0372046 2565927 -0.3022714 -0.95322192 4.6321882e-05 0.0040559992
0.49696028 0.69541794 1.0376928 2697513 -0.18503404 -0.98273188 0.00071135542 0.002897054
0.51238918 0.69541913 1.0377564 2763306 0.18567888 -0.98261023 0.00073476433 0.0040771342
0.51859134 0.69710135 1.0378674 2763306 0.33083314 -0.94368857 0.0011318603 0.0021880958
0.52426773 0.69956523 1.0369331 2697513 0.45720556 -0.88936043 0.0010414438 0.0010412093
0.47811741 0.70411575 1.0369438 2368548 -0.61964303 -0.78488356 0.00058717502 0.0035405788
0.48160762 0.70163631 1.0377792 2434341 -0.54198349 -0.84038866 -0.00089112489 0.0031843341
0.47332823 0.70847696 1.0365477 2236962 0.73009384 0.68334597 -0.0011174271 0.0042283214
0.47551703 0.70631802 1.0377196 2302755 -0.67954308 -0.73363459 0.0012449571 0.0048123077
0.46915284 0.71374255 1.0374774 2105376 0.8312465 0.55590361 -0.00063952483 0.004053962
0.47132197 0.71078837 1.0353378 2171169 0.77840519 0.6277616 -0.00086623093 0.0045180442
0.46674439 0.71784425 1.0389521 1973790 0.88922173 0.45747629 -0.00036003871 0.0041478393
0.46549559 0.72050059 1.0361018 1907997 0.91897202 0.39432251 -0.00040443047 0.0038145694
0.46340269 0.72665203 1.0383154 1710618 0.96893454 0.24731691 0.0004507406 0.0026320387
0.46248481 0.73136777 1.0362744 1644825 0.9910984 0.13313091 0.00040672062 0.0018763189
0.46214569 0.73543257 1.0355058 1644825 0.99960005 0.028278099 -0.00037665601 0.00080121338
0.49993744 0.69497615 1.0438952 2697513 -0.113056 -0.99358809 0.0010032352 0.0045402097
0.5028758 0.69474673 1.0435736 2697513 -0.044653866 -0.99900192 0.0011108511 0.0038602001
0.50757283 0.69479215 1.0436834 2763306 0.069923125 -0.99755216 0.00068968325 0.0042671193
0.48690256 0.69868314 1.0424415 2565927 -0.42256188 -0.9063338 0.00071037444 0.003885485
0.49136561 0.69687587 1.0421355 2631720 -0.31955442 -0.94756746 0.00091058121 0.0028101818
0.49619794 0.6955806 1.0425621 2697513 -0.20290701 -0.97919744 0.0010781551 0.0030887844
0.51321453 0.6955781 1.0425665 2763306 0.20604087 -0.97854334 0.00027944823 0.0028874876
0.51741916 0.69669884 1.0417479 2763306 0.30415621 -0.95262182 0.00079906423 0.0030212025
0.52247715 0.69866669 1.0425391 2697513 0.41791028 -0.90848827 -0.00028795534 0.00080010976
0.47816357 0.70409948 1.0437407 2368548 -0.61933827 -0.78512299 0.00142223 0.0028777318
0.48189896 0.70145512 1.0428843 2434341 -0.53601575 -0.84420705 0.001252526 0.0032758485
0.47425684 0.70752478 1.041903 2236962 0.70759743 0.70661473 -0.0012299486 0.0033163968
0.47681335 0.70518863 1.0407133 2368548 -0.6496684 -0.76021671 0.0012458934 0.002801741
0.46913478 0.71377927 1.0442761 2105376 0.83162719 0.55533421 -0.00041367448 0.0040454501
0.47130096 0.71081311 1.0421851 2105376 0.7788046 0.62726623 -0.00070748723 0.0045011267
0.46694118 0.71746445 1.0428972 1973790 0.88455552 0.4664349 2.636261e-05 0.003204122
0.46432257 0.72353995 1.0405097 1776411 0.94670635 0.32209772 0.00029279609 0.0042357026
0.46508428 0.72150433 1.0419625 1842204 0.9286586 0.37093544 -0.00027257812 0.0031218422
0.46284133 0.72910893 1.0440454 1644825 0.98208588 0.18843283 0.00061971659 0.002076779
0.4622964 0.73282939 1.0427186 1644825 0.99516124 0.09824647 0.0013326039 0.001162082
0.46210071 0.73722619 1.0423893 1644825 0.9999283 -0.01070955 0.0053622797 0.00090604415
0.50206137 0.69478953 1.048336 2697513 -0.064212255 -0.99793619 0.00031754287 0.0032163265
0.50667495 0.69474471 1.0482328 2697513 0.047954962 -0.99884892 0.0010695597 0.0047590882
0.48726144 0.69853026 1.047695 2565927 -0.41443679 -0.91007704 0.0013859686 0.003912366
0.49316639 0.69632071 1.0459611 2631720 -0.27598017 -0.9611631 0.0006807741 0.0038705887
0.49775121 0.6952973 1.0490803 2697513 -0.16608109 -0.98611194 0.00058573514 0.0036477798
0.51173735 0.69531035 1.0490601 2763306 0.17109238 -0.98525441 0.0010654867 0.0026007094
0.51642555 0.69639844 1.0459754 2763306 0.28073752 -0.95978385 0.001202079 0.0036141134
0.52083176 0.69797057 1.0485291 2763306 0.3833096 -0.92361701 0.0023194039 0.00198862
0.47853509 0.70382833 1.0479319 2368548 -0.61150545 -0.79123902 0.0013812353 0.003233548
0.48208889 0.70136243 1.0488639 2434341 -0.53197992 -0.84675491 0.0018667049 0.0023350192
0.52695107 0.70104873 1.0483754 2697513 0.49358675 -0.86969453 -0.0018985639 0.00020025211
0.47365159 0.70815754 1.0474306 2236962 0.72261566 0.69124979 -0.00057693268 0.0036224334
0.47619358 0.70574117 1.0460346 2302755 -0.66350359 -0.7481721 0.0012365858 0.0035657214
0.468615 0.71458495 1.0499798 2105376 0.84403545 0.53628719 0.00047185097 0.0046917694
0.47074303 0.71154273 1.0477982 2105376 0.79237372 0.61003548 -0.00078132533 0.0032381057
0.46717381 0.71703631 1.0467412 1973790 0.87870067 0.47737315 -1.3106435e-05 0.0040064263
0.4642767 0.72365624 1.0473799 1776411 0.94742805 0.31996852 -0.00043613149 0.0046586157
0.46542338 0.72067565 1.0497785 1907997 0.9203946 0.39099073 -0.00023737157 0.0041602612
0.46336013 0.7267766 1.0451281 1710618 0.96961629 0.24463044 0.00048141836 0.0035190962
0.462277 0.7330147 1.0496168 1644825 0.99512941 0.09857142 0.001045714 0.0014249571
0.46206793 0.73749965 1.0493797 1644825 0.99995792 -0.008458348 0.0035461881 0.00095811323
0.50271904 0.69475192 1.0529687 2697513 -0.047664098 -0.9988634 0.00025808407 0.0023071663
0.50744539 0.69479847 1.0530548 2763306 0.066658139 -0.99777579 0.00032851892 0.0026811268
0.4847233 0.69981313 1.0511651 2500134 -0.47250292 -0.881329 0.00047831406 0.004002064
0.4874863 0.69843787 1.0537305 2565927 -0.4096747 -0.91223162 -0.00023430899 0.0028986936
0.4924219 0.69654924 1.0509984 2565927 -0.2939935 -0.95580721 0.00058843516 0.0035131923
0.4969689 0.69543833 1.0540226 2697513 -0.18472084 -0.98279101 -4.5917819e-05 0.0031485057
0.51264638 0.69548786 1.0541103 2763306 0.19165732 -0.98146147 0.00094847049 0.003417104
0.51759183 0.69678134 1.0514224 2763306 0.30868322 -0.95116389 0.0014029293 0.0021491237
0.47891015 0.70355159 1.0521703 2368548 -0.60312444 -0.79764658 0.00090503186 0.0023202919
0.4824999 0.70110375 1.0532025 2500134 -0.52335984 -0.8521114 0.00080878712 0.0031814151
0.52563262 0.70032674 1.0519593 2697513 0.48227924 -0.87601608 0.0015837516 0.00087803183
0.47304797 0.70880425 1.0530088 2236962 0.73662269 0.67630392 -6.9727204e-05 0.0041188588
0.47622266 0.70572913 1.0529637 2302755 -0.6630587 -0.74856734 0.0002892763 0.0032374277
0.46963277 0.71305162 1.0523554 2105376 0.81938946 0.57323712 0.0003819319 0.0037526742
0.47072503 0.71155649 1.0547291 2105376 0.79237181 0.6100384 9.5483701e-05 0.00334635
0.46667251 0.7179811 1.052712 1907997 0.89071214 0.4545677 0.00027762196 0.0038616296
0.46424848 0.72378433 1.0543462 1776411 0.94859397 0.31649542 -0.0002807311 0.004358761
0.46332693 0.72696549 1.0521407 1710618 0.97036302 0.24165185 0.0001433635 0.0037661041
0.46259564 0.73053044 1.0505447 1644825 0.98757178 0.15716816 0.00037719315 0.0029338663
0.50190085 0.69480479 1.0578281 2697513 -0.066937558 -0.99775714 0.0002550848 0.0031421157
0.5065394 0.69474763 1.0576863 2763306 0.045473631 -0.9989655 -0.00029657941 0.0038100935
0.48677179 0.69876844 1.058988 2565927 -0.42600706 -0.90471965 -0.00058638613 0.0036513195
0.49271265 0.69646233 1.0572019 2631720 -0.28696078 -0.95794189 -0.00090208673 0.0038507089
0.49756083 0.69532853 1.0586026 2697513 -0.16991079 -0.98545939 0.00029830408 0.0032187027
0.50989836 0.69503397 1.0581479 2763306 0.12620963 -0.9920035 0.00035998542 0.0047509898
0.51353639 0.6956684 1.0591657 2763306 0.21469742 -0.97667998 0.0010955558 0.0035174158
0.51848555 0.69709772 1.0564816 2763306 0.32853252 -0.94449246 0.00059878646 0.0023318494
0.5236569 0.69927251 1.057431 2697513 0.44069558 -0.8976562 0.00084726227 0.0010775655
0.47824812 0.70405084 1.0576096 2368548 -0.61771595 -0.78640103 0.0006510971 0.003155597
0.48204404 0.70138878 1.0567529 2434341 -0.53336161 -0.84588701 -0.00078818813 0.0031225469
0.47493267 0.70689672 1.0570669 2236962 -0.69251662 -0.72140193 -0.00010661648 0.0042406768
0.47624874 0.70571184 1.0599651 2302755 -0.66265064 -0.74892819 0.00086272636 0.0035847728
0.46908608 0.71384335 1.0581479 2105376 0.83281016 0.55355865 -0.00026246259 0.0040115281
0.47186464 0.71014434 1.0572821 2171169 0.76458502 0.64452285 -0.00033553978 0.004695178
0.46678913 0.71774 1.0577378 1973790 0.88814837 0.45955676 0.00026153741 0.0027644124
0.46500063 0.72172004 1.0558519 1842204 0.93086082 0.36537373 -0.00045231608 0.0030327472
0.46303013 0.7282747 1.0585756 1644825 0.97740847 0.21135922 0.0001470156 0.0030715049
0.46224728 0.73333448 1.0568244 1644825 0.99566007 0.093064547 0.00017249672 0.0014428893
0.46205145 0.73777908 1.0564638 1644825 0.99995553 -0.0094037065 0.00068604463 0.0010017809
0.46217489 0.74098647 1.0565575 1644825 0.99745703 -0.071252011 0.0016316872 0.00054749695
0.49957898 0.69502395 1.0628883 2697513 -0.12172084 -0.99256438 2.6075788e-05 0.0043510385
0.5025692 0.69476092 1.0625552 2697513 -0.051278908 -0.99868417 0.00064596528 0.0041865516
0.50731665 0.69479024 1.0625961 2763306 0.064216301 -0.99793577 0.00071492518 0.0044248668
0.48843575 0.69799209 1.0626552 2565927 -0.38818029 -0.92158335 -0.00037728078 0.0049569765
0.49310434 0.69633353 1.0625237 2631720 -0.2772114 -0.96080893 -0.00023291752 0.0043634498
0.49677929 0.69546825 1.0636625 2697513 -0.18794137 -0.98218024 0.00025112042 0.0032858045
0.51254159 0.69546306 1.0636276 2763306 0.19160393 -0.98147172 0.001110503 0.0029028221
0.51680869 0.69653076 1.0627254 2763306 0.28955853 -0.95715958 0.0011912291 0.0034449759
0.52193922 0.69845682 1.0634571 2763306 0.40459079 -0.91449559 0.0020408581 0.001547301
0.47861734 0.7037679 1.0619212 2368548 -0.6098423 -0.79252261 0.00056515244 0.0033709069
0.48222438 0.70127416 1.0628954 2434341 -0.53001374 -0.84798902 0.00028274054 0.0028117246
0.52838767 0.70190042 1.0637918 2631720 0.51562673 -0.85681283 0.00093085511 0.00021619676
0.47366658 0.70814931 1.0613854 2236962 0.72168875 0.69221771 -0.00019741821 0.0031863744
0.46856058 0.71466202 1.0640043 2105376 0.84535199 0.53420973 0.00010965061 0.0041821669
0.47071177 0.71157432 1.0617635 2105376 0.79243624 0.60995442 -0.00066349423 0.003697437
0.46758798 0.71628463 1.0616953 1973790 0.86891443 0.49496216 -0.00045055652 0.0040101968
0.46420318 0.72390521 1.0614035 1776411 0.94952303 0.3136971 0.00036539431 0.0047229859
0.46534386 0.72085404 1.0638214 1907997 0.92252898 0.3859278 -7.5631935e-05 0.0036979986
0.46237436 0.73218721 1.0642604 1644825 0.99269551 0.12064549 -0.00050674536 0.0017565991
0.46205813 0.73806572 1.0636442 1644825 0.99990338 -0.013885662 -0.00066215213 0.001011176
0.50323766 0.69473749 1.0673128 2697513 -0.034729645 -0.99939644 0.00079093326 0.0030491056
0.50810146 0.694848 1.0675515 2763306 0.082634702 -0.99657971 0.00062022469 0.0041834568
0.48489359 0.69970417 1.0652363 2500134 -0.4694207 -0.88297457 0.0004138505 0.003886438
0.48770085 0.69831765 1.0678988 2565927 -0.40584385 -0.91394216 0.00069535943 0.0032808073
0.49234521 0.6965583 1.0677201 2631720 -0.29499358 -0.95549852 0.0011753268 0.002739358
0.49736893 0.69536078 1.0683086 2697513 -0.17421384 -0.98470771 0.00055290898 0.0034405445
0.51153529 0.6952858 1.0681273 2763306 0.1674026 -0.98588836 0.00068838743 0.0031606397
0.5153529 0.6961289 1.0694689 2763306 0.25660136 -0.96651727 0.00037825556 0.0035828378
0.5207687 0.69797724 1.0675312 2763306 0.38001934 -0.92497641 0.0019815092 0.0025286835
0.47900411 0.70349312 1.0662656 2368548 -0.60140222 -0.79894638 0.00014118981 0.0025205824
0.48154017 0.70171934 1.0683663 2434341 -0.54534608 -0.83821064 0.000759619 0.003223472
0.52703291 0.70112389 1.0674275 2697513 0.49539375 -0.86866641 0.0019328782 0.00042664335
0.47305819 0.7088086 1.067114 2236962 0.73554462 0.67747623 -0.00025564164 0.0036104633
0.4762817 0.70569801 1.0670774 2302755 -0.66225785 -0.74927586 0.00045760215 0.0040808991
0.46959412 0.71310979 1.066444 2105376 0.82000655 0.57235414 0.00010622347 0.0036249678
0.47070488 0.7116012 1.0688927 2105376 0.79288995 0.60936487 -7.4998483e-05 0.0043109423
0.4670656 0.71723396 1.0678642 1973790 0.88136071 0.47244379 -0.00045503268 0.0036609506
0.46417212 0.72403264 1.0685557 1776411 0.95071286 0.31007248 0.00029869535 0.0037577115
0.46325046 0.72728807 1.0663389 1644825 0.97235513 0.23350678 0.00034923851 0.0028195232
0.5024119 0.6947816 1.0723071 2697513 -0.054155108 -0.99853218 0.00085724436 0.0026194139
0.50718462 0.69479197 1.0723118 2763306 0.060438901 -0.99817157 0.00078484841 0.0038310306
0.48698321 0.69866234 1.0732979 2565927 -0.422207 -0.90649855 0.0012842597 0.0030305444
0.49158555 0.69681358 1.0729584 2631720 -0.31311566 -0.94971436 0.0011248247 0.0036803775
0.49658322 0.69551188 1.0734701 2697513 -0.19299123 -0.98119998 0.0010126388 0.0041523161
0.51248157 0.69546169 1.0733975 2763306 0.18780546 -0.98220623 -4.2460062e-05 0.0033124259
0.51958555 0.6975103 1.0716379 2763306 0.35450801 -0.93505228 0.0011477453 0.0022694068
0.52434063 0.69964498 1.0748847 2697513 0.45405537 -0.89097333 0.00045638692 0.00085651746
0.47833458 0.70400029 1.071852 2368548 -0.61562979 -0.78803551 -4.7909205e-05 0.0033371311
0.48306912 0.70076448 1.0717708 2500134 -0.51093137 -0.85962045 0.001332025 0.0031944485
0.52569789 0.70037168 1.0711432 2697513 0.48035371 -0.87707472 0.00048882229 0.00096571207
0.47399178 0.70781922 1.0727981 2236962 0.71296376 0.70120084 0.00015201852 0.0037645327
0.47629693 0.70566875 1.0742717 2302755 -0.66067058 -0.75067598 0.00018409606 0.0031733604
0.46904442 0.71391594 1.0723931 2105376 0.8335228 0.55248505 -0.00022497143 0.0044679572
0.47096729 0.71125066 1.0731868 2105376 0.78572375 0.61857748 -0.00027733453 0.0035732712
0.46656421 0.71819013 1.0740365 1973790 0.89361048 0.44884279 -0.00065873191 0.0029742843
0.46491575 0.72194219 1.0701164 1842204 0.93293744 0.36003819 -0.00049666676 0.0030610636
0.46570432 0.72002113 1.0719998 1973790 0.91380936 0.4061434 -0.00014917502 0.004869821
0.46295229 0.72861439 1.0729433 1644825 0.97914022 0.20318565 -0.00010443635 0.0036916081
0.46234104 0.73239875 1.071494 1644825 0.99347752 0.11402655 -0.00060974155 0.0026469121
0.46205351 0.73680723 1.0709885 1644825 0.99995381 0.0096111577 -0.00011367308 0.0014720816
0.46228173 0.74183863 1.0713662 1644825 0.99541271 -0.095522277 -0.0053842501 0.0005430234
0.50157291 0.69484562 1.0773364 2697513 -0.073911838 -0.99726474 0.00029648896 0.0036180343
0.50626081 0.69475359 1.0771143 2763306 0.037899595 -0.99928153 5.2806961e-05 0.0039491081
0.48747113 0.69844359 1.0779583 2565927 -0.40959522 -0.91226733 0.00028847824 0.00436805
0.49440631 0.69599992 1.0791322 2697513 -0.24560854 -0.96936828 0.0012803479 0.0046039768
0.49718487 0.69541365 1.0782129 2697513 -0.17793839 -0.98404145 0.00056916184 0.0026572209
0.50968802 0.69501758 1.0776024 2763306 0.12066423 -0.99269336 0.00027915317 0.0048024915
0.51336879 0.69563168 1.0786057 2763306 0.21023957 -0.97764981 0.00042381507 0.0029415009
0.51777714 0.69685835 1.0778649 2763306 0.31252545 -0.94990933 -0.00031905304 0.0024642439
0.52302772 0.69897193 1.078756 2697513 0.42801794 -0.90377021 0.00020211514 0.0013002875
0.47870427 0.70370501 1.0762808 2368548 -0.6076113 -0.79423451 1.0007573e-06 0.0039469064
0.48237187 0.70119578 1.0773078 2434341 -0.52648443 -0.85018456 0.00060718501 0.0031448959
0.47431549 0.70748633 1.0771266 2236962 0.70534825 0.70886093 0.00013691709 0.0032185584
0.47565377 0.70623952 1.0799464 2302755 -0.67539382 -0.73745716 -0.00034741245 0.0040556537
0.46851128 0.71474504 1.0784086 2039583 0.84668493 0.53209454 0.00022364206 0.0036435409
0.47127071 0.71086884 1.0773419 2171169 0.77910745 0.62689042 0.00010901542 0.0049374443
0.46752518 0.71640575 1.0760766 1973790 0.87063938 0.49192154 -0.00056283688 0.0039647976
0.46448189 0.72310078 1.0765992 1776411 0.94308782 0.33254349 -0.00040249171 0.0054448289
0.46527153 0.7210412 1.0782447 1842204 0.9243297 0.38159475 -0.00017018778 0.0034862231
0.4637979 0.72522366 1.0750105 1776411 0.95927471 0.28247494 -5.3770069e-05 0.003759928
0.46231839 0.73263776 1.0788673 1644825 0.99417329 0.10778955 -0.00092318357 0.002842363
0.46206257 0.73709077 1.0783682 1644825 0.99999678 0.0018733222 -0.001713754 0.0021152855
0.46238264 0.74239874 1.0791076 1644825 0.99341416 -0.11457866 -0.00012826228 0.00079607416
0.50225174 0.6947968 1.0822401 2697513 -0.058116075 -0.99830955 0.00075558666 0.0043881955
0.50705135 0.69478428 1.082207 2697513 0.057519652 -0.99834388 0.0010167072 0.0043698656
0.48794121 0.69822806 1.0824804 2565927 -0.39891833 -0.91698635 0.00044559751 0.0049689799
0.49267051 0.69647688 1.0823395 2631720 -0.2878105 -0.9576872 0.00057940837 0.0041570375
0.4977968 0.69530398 1.0830233 2697513 -0.16424865 -0.98641855 0.00092878792 0.0040879152
0.51235223 0.69543386 1.0832331 2763306 0.1863925 -0.98247492 0.00091735017 0.0032174762
0.51620895 0.69636941 1.0846133 2763306 0.27587798 -0.96119189 0.0012198305 0.0039891279
0.52189767 0.69846272 1.0830084 2763306 0.40461653 -0.91448545 0.0013297485 0.0012900432
0.47909248 0.70342344 1.0807437 2368548 -0.59866095 -0.80100256 -7.0177266e-05 0.002516683
0.48167121 0.70163542 1.0829124 2434341 -0.54178751 -0.84051532 -0.00056734896 0.0036651848
0.52846164 0.7019738 1.0833572 2631720 0.52200586 -0.85294175 0.00052951579 0.00029590062
0.47305575 0.70880067 1.0816017 2236962 0.73523879 0.67780805 0.00037617027 0.0040927045
0.47700438 0.7050665 1.0832034 2368548 -0.64497775 -0.76420134 -0.00022486411 0.0033432927
0.46954936 0.71316612 1.0809146 2105376 0.82128549 0.57051748 1.3627456e-05 0.0037762239
0.47067308 0.71163559 1.083433 2105376 0.79371142 0.60829443 -6.7951405e-05 0.0042965873
0.46700254 0.71736246 1.0823903 1973790 0.88341403 0.46859324 -4.7073507e-05 0.0029405707
0.46444681 0.72322267 1.0839593 1776411 0.94406569 0.32975745 5.9994087e-05 0.0041463999
0.4631716 0.72761685 1.0809208 1644825 0.97417259 0.22580473 5.9702674e-05 0.0038488926
0.50293666 0.69476455 1.0871881 2697513 -0.042419467 -0.99909973 0.00056808518 0.0033917313
0.5078491 0.69484103 1.0873474 2763306 0.076356865 -0.99708027 0.00075978815 0.0033803338
0.48720273 0.6985566 1.0880001 2565927 -0.41674089 -0.90902531 0.00019772658 0.003208342
0.49189225 0.69671965 1.0877037 2631720 -0.30524281 -0.95227456 -9.4633142e-05 0.0036971939
0.49698928 0.69545174 1.088292 2697513 -0.18366641 -0.9829886 -0.00022293413 0.0044054259
0.51132613 0.69526446 1.0879004 2763306 0.1623157 -0.98673886 -6.5341468e-05 0.003752308
0.51521683 0.69610345 1.0892924 2763306 0.25401136 -0.96720117 0.00036142665 0.0041647097
0.52070725 0.69796878 1.0872345 2763306 0.37997526 -0.92499506 0.0017196513 0.002124565
0.47914046 0.70338684 1.0881337 2368548 -0.59850723 -0.80111736 0.00023816802 0.0037852342
0.48322436 0.7006731 1.0864025 2500134 -0.50658351 -0.8621909 -1.4872365e-05 0.0032726359
0.52711707 0.70120347 1.0871849 2697513 0.50505561 -0.86307102 0.0052243294 0.00067189545
0.47400963 0.70780444 1.0874426 2236962 0.71255076 0.70162046 -0.00033558917 0.0037980862
0.47634971 0.70562905 1.0889692 2302755 -0.6594606 -0.75173891 0.00057581876 0.003373655
0.46900222 0.71399063 1.087027 2105376 0.83475208 0.55062598 -4.6997906e-05 0.0043796683
0.47094658 0.71128571 1.0878422 2105376 0.78658962 0.61747575 -0.00070193317 0.0039598448
0.46649483 0.71833736 1.0887405 1973790 0.89504284 0.4459801 -0.00031190788 0.0038551025
0.4656283 0.7201947 1.0866474 1907997 0.91637999 0.4003095 3.2581265e-05 0.0036059101
0.4634212 0.72661 1.0890161 1710618 0.96827906 0.24987125 0.00023484303 0.0032337275
0.46245301 0.73154753 1.0867587 1644825 0.99078965 0.13539898 0.0017204998 0.0027252322
0.46206096 0.73737651 1.0858508 1644825 0.9999913 -0.00045775578 0.0041409954 0.0015722413
0.50208837 0.69481319 1.0923584 2697513 -0.062473796 -0.99804652 0.00038326168 0.0030240191
0.5069145 0.69478774 1.092286 2763306 0.053513743 -0.9985671 3.4563891e-05 0.0045232088
0.48648086 0.69893068 1.0936072 2565927 -0.43254349 -0.90161109 -0.0018988027 0.0041726171
0.49248171 0.69654715 1.0926486 2631720 -0.29193974 -0.95643669 -0.00029274332 0.0040072757
0.49759948 0.6953488 1.0931667 2697513 -0.16798538 -0.98578948 -0.00020924152 0.0037283285
0.51230353 0.69544858 1.0934001 2763306 0.18412416 -0.98289675 -0.0035122847 0.0054948386
0.51950139 0.6974932 1.091495 2763306 0.35385925 -0.93529761 0.0014162372 0.0025053413
0.52436668 0.69971687 1.0949217 2697513 0.46213269 -0.8867994 -0.0044959621 0.0014420975
0.47773764 0.70446813 1.0922852 2368548 -0.6293121 -0.77715218 0.00084945624 0.003448627
0.48252028 0.70111185 1.0921003 2434341 -0.523449 -0.85205632 -0.0010933402 0.0031107015
0.52575719 0.7004391 1.0910398 2697513 0.48442313 -0.87483156 0.0019924312 0.0012765605
0.47434762 0.70747608 1.0918895 2236962 -0.70583725 -0.70837337 0.00098992221 0.0038314934
0.4757165 0.70622349 1.0947989 2302755 -0.67464054 -0.73811483 -0.0068320502 0.0035260408
0.46846658 0.71483469 1.0932081 2039583 0.84740812 0.53093904 0.0018051203 0.0045389468
0.47125304 0.71090108 1.0921229 2171169 0.77949482 0.62640721 -0.0013582896 0.0041143559
0.46745989 0.71652538 1.0908408 1973790 0.87205952 0.48939919 -0.0007836991 0.0036617268
0.46439818 0.72334266 1.0914193 1776411 0.94517285 0.32657051 4.1461564e-05 0.0047567599
0.46519357 0.72123039 1.0930644 1842204 0.92617095 0.37710342 -0.00063341373 0.0032711925
0.46226361 0.73313648 1.093938 1644825 0.99515527 0.098296151 0.0019709526 0.0027181788
0.46202245 0.73766285 1.0934386 1644825 0.99998069 -0.0059388666 -0.0018410024 0.0029088897
0.46216527 0.74101424 1.0935943 1644825 0.99647743 -0.083790563 -0.0034447296 0.0020927661
0.50277966 0.69478327 1.0973998 2697513 -0.044858359 -0.99899238 -0.0013985352 0.0052564056
0.50597191 0.69483507 1.0972755 2763306 0.028940035 -0.99952072 -0.010991926 0.0065433504
0.48820537 0.69817352 1.0974678 2565927 -0.39321452 -0.91923088 -0.01992253 0.0062304265
0.49300492 0.69639498 1.0973649 2631720 -0.27870837 -0.96035606 -0.0061531891 0.0051060859
0.49824983 0.69532007 1.0981605 2697513 -0.15040699 -0.98845309 -0.018389609 0.0079511758
0.50945699 0.69506109 1.0977767 2763306 0.11481728 -0.99321389 -0.018525625 0.005882368
0.51317298 0.69570529 1.0987754 2763306 0.20705494 -0.97769254 -0.035292011 0.0074870912
0.51827335 0.69705337 1.0957884 2763306 0.32508704 -0.94563699 -0.0094382716 0.0036833466
0.52298659 0.6991511 1.0989498 2697513 0.438043 -0.897798 -0.045575626 0.0057947421
0.47920275 0.70337623 1.0956203 2368548 -0.59702229 -0.80217528 -0.008898872 0.0029580749
0.48183858 0.70159984 1.0978611 2434341 -0.537494 -0.84297717 -0.022128297 0.0042023696
0.47308475 0.7088201 1.0964882 2236962 0.73632735 0.676561 0.0093405442 0.0037480018
0.47710794 0.70506608 1.09815 2368548 -0.64635032 -0.76267076 -0.02375933 0.0052284799
0.46953079 0.71324271 1.0957838 2105376 0.82189244 0.56961471 0.0056472267 0.0038164204
0.47072372 0.71173233 1.0983748 2105376 0.79379815 0.60769832 0.024233203 0.0052181333
0.46696317 0.71750939 1.0973171 1973790 0.88597739 0.4635576 0.012585268 0.0041064275
0.46452901 0.72352946 1.0989895 1776411 0.9459554 0.32249719 0.034116331 0.0076271137
0.46312478 0.72796226 1.0959064 1644825 0.9749459 0.22228394 0.0083888434 0.003654382
0.50193739 0.6950385 1.102687 2697513 -0.063272394 -0.99402386 -0.0889562 0.0086284848
0.50677359 0.69497591 1.1025779 2697513 0.045989405 -0.9957751 -0.079478942 0.008840709
0.48458269 0.69996965 1.1003281 2500134 -0.47594973 -0.87750167 -0.0588446 0.0081540421
0.48748884 0.69859087 1.103141 2565927 -0.40313447 -0.90805614 -0.11365163 0.012107991
0.49228072 0.69685483 1.1029207 2631720 -0.2922228 -0.95082307 -0.10267098 0.014284142
0.49743381 0.69556367 1.1035546 2697513 -0.16374446 -0.97873408 -0.12356112 0.014983587
0.51213723 0.69553643 1.1035962 2763306 0.17794394 -0.97396356 -0.14046687 0.017945193
0.51704133 0.69675708 1.1002078 2763306 0.29840174 -0.95256746 -0.059762966 0.010181149
0.52179623 0.69861293 1.1033123 2763306 0.40554154 -0.90407836 -0.13482709 0.012631659
0.47861364 0.7040149 1.1015332 2368548 -0.6133371 -0.78511351 -0.086106822 0.010933317
0.48113236 0.70206308 1.1037343 2500134 -0.55386925 -0.82098758 -0.13859376 0.014538947
0.52842373 0.70229775 1.1037736 2829099 0.56533271 -0.81104827 -0.15033174 0.016998865
0.53007072 0.70378631 1.1006507 2631720 0.65023571 -0.75083143 -0.11595523 0.010088066
0.47321573 0.70893914 1.1041143 2236962 0.72938764 0.66703701 0.15183993 0.018193176
0.47582355 0.70632762 1.1025108 2236962 -0.67387599 -0.73131371 -0.10522085 0.010978168
0.46910748 0.71416563 1.1020805 2105376 0.8360194 0.54110205 0.090995558 0.011201769
0.47113049 0.71147752 1.1029384 2105376 0.78403544 0.61028737 0.11330391 0.017189398
0.46660322 0.71857619 1.1038785 1973790 0.8868385 0.43781361 0.14777243 0.017199408
0.46573612 0.720465 1.1017171 1907997 0.91506773 0.39510286 0.080900043 0.0089409677
0.46356863 0.72699928 1.1042658 1644825 0.95879549 0.23977722 0.15237503 0.014591305
0.46262783 0.73201025 1.101975 1644825 0.98837018 0.12891568 0.080654114 0.0091083273
0.46245813 0.73796648 1.1011785 1644825 0.99879885 -0.025209047 0.042016182 0.011680354
0.46298859 0.74377048 1.1026275 1710618 0.98234487 -0.16139744 0.094601206 0.014529264
0.50261337 0.69456953 1.1077306 3026478 -0.043415852 -0.96011525 -0.27621332 0.021266991
0.50759608 0.69460118 1.1078124 3158064 0.053073313 -0.95910239 -0.27803922 0.019914895
0.48635647 0.69822663 1.1084293 3026478 -0.40075707 -0.8558805 -0.3268981 0.025494225
0.49238661 0.69606036 1.1082221 3158064 -0.26725987 -0.91757113 -0.29433882 0.023197623
0.49789134 0.69481754 1.1082305 3223857 -0.14093348 -0.94290155 -0.30178532 0.025259141
0.51290762 0.69491851 1.1084574 3223857 0.17348994 -0.93411148 -0.31198871 0.027523432
0.51720351 0.69622469 1.1074191 3092271 0.27682802 -0.91733193 -0.28612655 0.024501812
0.52268147 0.69819176 1.1082369 3158064 0.39792651 -0.86247659 -0.31271175 0.023256054
0.47814384 0.70329326 1.1084511 2763306 -0.58550239 -0.74118114 -0.32838613 0.024749022
0.48247856 0.70073879 1.1069657 2763306 -0.50052243 -0.82207656 -0.27141732 0.022261726
0.52729523 0.70096475 1.1074418 3026478 0.50531858 -0.8215332 -0.26407632 0.023401553
0.47309014 0.70806557 1.1081322 2763306 0.69325358 0.64924812 0.31285197 0.021091677
0.47518679 0.70544505 1.1092174 3158064 -0.63161707 -0.68305779 -0.36673146 0.024297591
0.53480947 0.70576012 1.1096102 3421236 0.63672996 -0.68578601 -0.35252306 0.017743647
0.53816962 0.70920211 1.1098243 3158064 0.69504249 -0.62546688 -0.35455197 0.01432037
0.46843538 0.71353626 1.1090058 2697513 0.78352648 0.51734531 0.34415126 0.02378021
0.47102249 0.71076846 1.1072444 2500134 0.75387102 0.59964156 0.2685301 0.024345087
0.46641347 0.71770978 1.1076859 2434341 0.85018164 0.44250503 0.28527263 0.026074881
0.46418527 0.72354609 1.1065974 1973790 0.92151076 0.30696556 0.23788659 0.030734546
0.46469972 0.72121722 1.1080871 2302755 0.88643289 0.35591495 0.2959075 0.021974932
0.46210498 0.72868329 1.1093655 2565927 0.91486883 0.17939168 0.36170933 0.023720462
0.46166676 0.73314404 1.1086102 2171169 0.93840671 0.094487093 0.33236277 0.026778897
0.46157771 0.73794776 1.1083398 2039583 0.9600783 -0.011197831 0.27950722 0.017103216
0.46181294 0.74323446 1.1088287 1907997 0.94198471 -0.12269389 0.31242764 0.01971502
0.46391821 0.74889302 1.1053441 1710618 0.94058031 -0.27777064 0.19532566 0.022771137
0.46511105 0.75456399 1.1086006 1907997 0.86226243 -0.3776283 0.33749133 0.012872457
0.46886674 0.76156998 1.1094797 1710618 0.71690226 -0.5059678 0.47963294 0.0040079537
0.49195781 0.69331712 1.1134162 3487029 -0.22974184 -0.81256932 -0.53567696 0.014215927
0.49747267 0.69320118 1.112226 3487029 -0.13983512 -0.85841781 -0.493523 0.021279447
0.50215262 0.69232953 1.1127709 3552822 -0.04478889 -0.8583557 -0.5110963 0.012866752
0.50714135 0.69297504 1.11177 3552822 0.046318874 -0.87405264 -0.4836182 0.019706599
0.51218015 0.69244874 1.1129818 3684408 0.12926465 -0.85319716 -0.50531697 0.020918801
0.51779157 0.69361264 1.1130925 3618615 0.25035122 -0.81467909 -0.52308911 0.018382814
0.47767642 0.69914967 1.1146702 3487029 -0.4681361 -0.66572046 -0.58108938 0.015763421
0.48255387 0.69783592 1.1127391 3421236 -0.4231056 -0.74634451 -0.51376212 0.016188992
0.48737475 0.69613922 1.1117879 3421236 -0.341355 -0.81588459 -0.46670029 0.020536564
0.52295923 0.69608653 1.1125495 3618615 0.35558161 -0.79282588 -0.49496353 0.019605892
0.52640653 0.69772846 1.1126398 3618615 0.41182142 -0.76010752 -0.5026328 0.019553833
0.53029019 0.69877726 1.1141578 3684408 0.45943931 -0.69116884 -0.55785406 0.016410235
0.4738239 0.70334071 1.1135947 3421236 -0.56897753 -0.62128073 -0.53877157 0.014796221
0.47750577 0.70173442 1.1120301 3355443 -0.53684485 -0.69072711 -0.48445192 0.021508429
0.5289765 0.70020545 1.1112459 3487029 0.48887512 -0.75469226 -0.43753934 0.023476429
0.53258103 0.7023412 1.1119797 3487029 0.54246986 -0.69142944 -0.47712868 0.018091679
0.53657806 0.70475256 1.1132162 3552822 0.59193975 -0.60472333 -0.53283864 0.017863687
0.46768278 0.70900774 1.1146752 3355443 0.6456576 0.49779385 0.57907474 0.014042823
0.47136399 0.70674932 1.1128095 3223857 0.63219082 0.5816083 0.51192439 0.015728574
0.54014003 0.70823067 1.1134735 3552822 -0.60822201 0.50560635 0.61190534 0.0030781566
0.46767235 0.71184254 1.1122955 2960685 0.71347153 0.50276351 0.48804426 0.020692829
0.54317552 0.71296841 1.113112 3421236 -0.66817242 0.45920548 0.58538532 0.0026215799
0.46300665 0.71738774 1.1139805 3158064 0.7516799 0.35963258 0.55284876 0.016008765
0.46597248 0.71629578 1.1105943 2894892 0.79878503 0.44073129 0.40950993 0.025084795
0.46190378 0.72261888 1.1127055 2829099 0.81758624 0.28249803 0.50174457 0.022004372
0.46147355 0.72678673 1.1115191 2763306 0.86730367 0.2106414 0.451015 0.019346436
0.45998114 0.73225886 1.112234 2565927 0.86744076 0.1072924 0.48583418 0.017602449
0.45863008 0.73706329 1.1138238 2697513 0.83755225 0.014667694 0.54616034 0.01721056
0.45786682 0.74228239 1.1149241 2763306 0.79692513 -0.074991643 0.59940517 0.010973718
0.45991665 0.7423079 1.1122876 2434341 0.86594182 -0.093615934 0.49130517 0.017795503
0.46146169 0.74831146 1.1116167 2368548 0.852117 -0.2195022 0.47509515 0.014451359
0.46186072 0.7524088 1.1126848 2368548 0.79148084 -0.28980419 0.53811854 0.011800079
0.46239614 0.75657314 1.1139426 2500134 0.72639644 -0.3302651 0.60272151 0.0078846654
0.46630839 0.75975698 1.1113995 2039583 0.72323745 -0.43775529 0.53413278 0.0052080918
0.46740156 0.76508927 1.1141403 2302755 0.61404651 -0.46537256 0.63747567 0.0028598194
0.47045419 0.76773018 1.1133986 2105376 0.60081041 -0.51575452 0.61075699 0.0024821009
0.48789272 0.68857884 1.1192333 3684408 -0.24710146 -0.7431398 -0.62183928 0.008133892
0.4925527 0.68824744 1.118516 3684408 -0.17028219 -0.73494834 -0.65639544 0.0042131743
0.49812356 0.68786037 1.1179507 3750201 -0.09392231 -0.75440174 -0.6496588 0.0031036781
0.50277334 0.68824202 1.1172217 3750201 -0.028136445 -0.75950748 -0.64988977 0.0036749982
0.50762355 0.68736058 1.1181352 3750201 0.047271647 -0.75226247 -0.65716553 0.003294467
0.51171654 0.68896312 1.1169552 3815994 0.10456914 -0.76900667 -0.6306299 0.0075429762
0.51755565 0.6883114 1.1186777 3815994 0.19529641 -0.73640233 -0.64774293 0.0050044861
0.52306259 0.68889344 1.1196754 3750201 0.26356769 -0.71992391 -0.64206046 0.0060482533
0.47939301 0.69338638 1.1187503 3552822 -0.38241428 -0.65975857 -0.64689875 0.0035448268
0.48315752 0.69298118 1.1172519 3618615 -0.34014589 -0.68188959 -0.64755493 0.0036939119
0.48737663 0.69154835 1.1167912 3684408 -0.27642444 -0.71093422 -0.64665449 0.0035643668
0.49329838 0.6903668 1.1164804 3684408 -0.1790185 -0.75228262 -0.63405299 0.0120523
0.51477212 0.69008553 1.1162056 3815994 0.15628225 -0.76861727 -0.62032521 0.0086905593
0.51828516 0.6904971 1.1167892 3815994 0.21620405 -0.7296834 -0.64870483 0.0041721798
0.52245802 0.6924693 1.1163708 3750201 0.29209819 -0.71741796 -0.63244778 0.008494583
0.52784055 0.69265133 1.1184483 3750201 0.34251395 -0.66674042 -0.66192251 0.0034973759
0.53238499 0.6950587 1.1187598 3750201 -0.40441558 0.62181085 0.67067081 0.0035968174
0.46982539 0.69895595 1.1197673 3487029 0.52099419 0.56135762 0.64299512 0.0053124437
0.47372693 0.69900835 1.117189 3487029 0.4826884 0.59105229 0.64627326 0.0044322573
0.476657 0.69648331 1.117511 3487029 0.4348428 0.62722903 0.64613891 0.0035989257
0.48123151 0.69622129 1.1153165 3618615 -0.39873362 -0.684322 -0.61050379 0.011057422
0.52732378 0.69610125 1.1150873 3750201 0.39436415 -0.70189375 -0.59314591 0.011582823
0.53284913 0.69843173 1.1162105 3684408 -0.45634362 0.62422228 0.63411123 0.0076812832
0.53764468 0.6984098 1.1188993 3684408 -0.4893648 0.57351941 0.65696084 0.0038482603
0.46775964 0.70322514 1.1185702 3355443 0.55613643 0.50421774 0.66066384 0.0030629602
0.47178984 0.70187992 1.1164488 3487029 0.53348559 0.56337827 0.63087082 0.0072948849
0.53803468 0.7020117 1.1166573 3684408 -0.51556474 0.54179788 0.66381323 0.0036340994
0.54244369 0.70329732 1.1187243 3618615 -0.55655605 0.50507677 0.65965354 0.0045615896
0.46293691 0.70848942 1.1190516 3355443 0.62463248 0.43748257 0.64687192 0.0035983734
0.46695337 0.70700771 1.1166948 3355443 0.60797989 0.49340811 0.62202001 0.0084202103
0.54088259 0.70631927 1.115624 3618615 -0.57323259 0.49431235 0.65349805 0.0029839154
0.54553956 0.70811689 1.118462 3618615 -0.57700163 0.42513612 0.6973725 0.0021125812
0.45955992 0.713431 1.1189975 3223857 0.67949617 0.36952248 0.6338281 0.0055668945
0.46304065 0.71249157 1.11666 3289650 0.65759403 0.40751812 0.63363951 0.0071954592
0.46508399 0.71005613 1.1163038 3355443 0.64649045 0.44576174 0.61914986 0.0090429848
0.54466414 0.71015489 1.1164589 3618615 -0.60733527 0.42199495 0.67310041 0.002340097
0.54882461 0.71303374 1.1183774 3552822 -0.5751341 0.39523351 0.71624804 0.0018403176
0.45776922 0.71816707 1.1186225 3092271 0.70673716 0.29820934 0.64155573 0.005690163
0.4616071 0.71635479 1.115803 3223857 0.70463771 0.35043916 0.61699116 0.0081285257
0.45733368 0.72248685 1.1175987 3026478 0.72319126 0.23122092 0.65079278 0.0040622423
0.45739821 0.72769463 1.1163008 2960685 0.76113546 0.15077196 0.6308254 0.0074751554
0.45311278 0.73217946 1.1196576 2960685 0.76616704 0.068652779 0.63896394 0.0045630354
0.45634258 0.73232341 1.116567 2960685 0.74894017 0.078619204 0.6579572 0.0030966322
0.4531441 0.73701352 1.1195205 2894892 0.76794755 -0.0048104133 0.64049464 0.0042768014
0.45548368 0.73703086 1.1170602 2894892 0.75310183 0.0056996876 0.65787929 0.0030028077
0.45316139 0.74211574 1.1196526 2763306 0.76669133 -0.066339098 0.63857931 0.0042852354
0.45544851 0.74220556 1.1172179 2763306 0.74851853 -0.070828073 0.65932041 0.0040604747
0.4531973 0.74562246 1.1198553 2763306 0.76642632 -0.11105885 0.63265836 0.0056556249
0.45741597 0.74749297 1.1162834 2697513 0.75155824 -0.15571977 0.64102387 0.004846782
0.45738894 0.75224924 1.1175992 2631720 0.71626145 -0.22025202 0.66216201 0.0049399058
0.45772508 0.75621682 1.118499 2565927 0.67965823 -0.27147827 0.6814428 0.0036230101
0.46174538 0.75956267 1.1161535 2500134 0.66427505 -0.34653783 0.66230673 0.0032922439
0.45967606 0.76151985 1.1191114 2500134 0.63350677 -0.34082842 0.69462591 0.0034460931
0.46351755 0.76325345 1.116554 2500134 0.62509149 -0.39986804 0.67034781 0.002619233
0.46332338 0.76882821 1.1199878 2500134 0.56094772 -0.40872511 0.71991765 0.0020138139
0.46695799 0.76824343 1.1167519 2434341 0.56893682 -0.45283377 0.68647832 0.0020898299
0.4663367 0.77169514 1.1192805 2434341 0.53475267 -0.40506431 0.74159455 0.0017957431
0.48507297 0.68520612 1.124173 3684408 -0.3002871 -0.82304657 -0.48210171 0.016383473
0.48807743 0.68470198 1.123472 3684408 -0.2534956 -0.82316589 -0.50807273 0.013875625
0.49250269 0.68358976 1.1234504 3618615 -0.18880068 -0.83923846 -0.50993437 0.015645634
0.49701524 0.68253124 1.1236169 3750201 -0.12303728 -0.84487545 -0.52062207 0.015761821
0.50281841 0.68250203 1.1228523 3750201 -0.032113951 -0.84359384 -0.53602064 0.012612403
0.50783336 0.68256748 1.1229041 3750201 0.040706549 -0.84018427 -0.54077107 0.014532375
0.51226127 0.68310767 1.1228677 3750201 0.11974412 -0.83074915 -0.54361492 0.011753577
0.51647663 0.68327194 1.1238225 3750201 0.18754163 -0.84936678 -0.4933601 0.014592094
0.52139807 0.68469638 1.1235392 3815994 0.25816262 -0.82104141 -0.50915921 0.01403915
0.47694722 0.68877953 1.1245472 3421236 -0.44035062 -0.77578539 -0.45193839 0.015231552
0.4822191 0.68785244 1.1222968 3618615 -0.34549761 -0.76597697 -0.54213536 0.011852886
0.48719671 0.68667191 1.1214629 3684408 -0.25281563 -0.77093178 -0.58459252 0.011328002
0.49180701 0.68608475 1.1205697 3684408 -0.19607538 -0.77241176 -0.60409808 0.012601628
0.49656862 0.68573993 1.1200104 3750201 -0.12303416 -0.7613185 -0.63659775 0.0084223384
0.51323718 0.68582588 1.1200905 3815994 0.13357966 -0.7755698 -0.61696678 0.0092543857
0.51678205 0.68610054 1.1205422 3815994 0.17316149 -0.76114327 -0.62504083 0.0088318344
0.52226603 0.68668979 1.1215277 3750201 0.25443667 -0.76590425 -0.59046817 0.0098954709
0.52659339 0.68735653 1.122566 3750201 0.33375695 -0.77102017 -0.54234141 0.011435845
0.53161347 0.68844479 1.1241581 3750201 0.43230766 -0.76935941 -0.47031495 0.017212752
0.46841508 0.69509351 1.1241374 3487029 -0.57475817 -0.66703838 -0.47403881 0.017207472
0.47285497 0.69263428 1.1229639 3487029 -0.49073094 -0.68912303 -0.53319097 0.010730903
0.47718614 0.69167042 1.1213721 3552822 -0.4136849 -0.68546659 -0.59916639 0.0052884887
0.53292453 0.69146681 1.1219702 3750201 0.43630493 -0.68547893 -0.58288646 0.0066840788
0.53807807 0.69324309 1.1238188 3684408 0.5371483 -0.68383324 -0.49380547 0.017172648
0.46503237 0.69834554 1.1240371 3421236 0.62521946 0.61626339 0.47887376 0.019161494
0.46728507 0.69849342 1.1217356 3421236 -0.57405698 -0.58025527 -0.57772171 0.011088176
0.47174045 0.69603097 1.1205019 3487029 -0.49020496 -0.61112559 -0.62146974 0.0098101227
0.53661281 0.69592535 1.1202461 3684408 -0.48835105 0.60843253 0.6255582 0.0053915614
0.54113734 0.69628763 1.1233634 3684408 0.58126122 -0.63461435 -0.50931329 0.01234986
0.54486704 0.69875008 1.1245538 3618615 0.64694524 -0.61355215 -0.45278648 0.01381294
0.46278131 0.70249009 1.1227238 3355443 0.65327144 0.52761382 0.54301023 0.010524134
0.5440442 0.70041418 1.1220714 3618615 -0.60105324 0.55576199 0.57433754 0.0075186705
0.5479247 0.70308709 1.1236211 3487029 0.65417045 -0.53045899 -0.53914213 0.010606081
0.45837453 0.7066415 1.1239932 3289650 0.72702014 0.48093465 0.49004447 0.015429136
0.46134329 0.70733029 1.120747 3355443 0.64920628 0.45451438 0.60987532 0.0081158644
0.54657489 0.7059685 1.1203326 3618615 -0.58810627 0.45367604 0.66955888 0.0054895137
0.55075914 0.70882583 1.1222165 3552822 -0.58342183 0.39620268 0.70897281 0.00023358848
0.45459843 0.71440381 1.1231396 3158064 0.76972091 0.35956278 0.52748871 0.016714884
0.45649216 0.71175516 1.1224978 3223857 0.7279169 0.40006775 0.55685079 0.015249306
0.45302203 0.7178545 1.1233239 3158064 0.8037793 0.31378821 0.50544608 0.015963815
0.4567548 0.71594578 1.1203266 3158064 0.7069307 0.33452541 0.62317073 0.0067968052
0.45246765 0.72214156 1.1221905 3026478 0.80050391 0.24119161 0.54865301 0.012805047
0.44896173 0.7288847 1.1249971 2960685 0.88321114 0.13301452 0.44971687 0.018903373
0.4524335 0.72742826 1.1208545 2960685 0.77998328 0.14395349 0.6090185 0.0074108727
0.44877318 0.73204213 1.1247362 2960685 0.88610947 0.080661409 0.45640302 0.018000174
0.45076689 0.7320922 1.1220852 2960685 0.80972242 0.079464242 0.58140779 0.009328994
0.4488188 0.73687458 1.1245791 2829099 0.88703865 0.0068564392 0.46164429 0.023053521
0.45082107 0.73690718 1.121923 2894892 0.80246824 0.0072749369 0.59665048 0.0061188908
0.44884399 0.74194199 1.1247048 2829099 0.88741428 -0.06506335 0.45635805 0.01998746
0.4508042 0.74204785 1.1220598 2763306 0.80531353 -0.066551216 0.58910197 0.0071503259
0.44898599 0.74543768 1.1250203 2500134 0.89135152 -0.11683261 0.43799841 0.014372386
0.45223507 0.74825358 1.1214173 2697513 0.78342283 -0.15115784 0.60282665 0.0058777817
0.45219228 0.75302708 1.1227208 2631720 0.80310237 -0.23999511 0.54537046 0.0090020439
0.45414367 0.75705016 1.1220756 2565927 0.75906664 -0.30903465 0.57298815 0.010413195
0.45677108 0.75929272 1.1204013 2500134 0.70069361 -0.33797321 0.62833321 0.0067677549
0.45488125 0.7611692 1.1235522 2500134 0.76009339 -0.39385593 0.51685154 0.0091779754
0.45751321 0.76353198 1.1219926 2500134 0.70433712 -0.411192 0.57864529 0.0088496646
0.45722505 0.76656705 1.1247221 3618615 0.74742144 -0.49898008 0.43861154 0.011833728
0.4603599 0.7661069 1.1208603 2500134 0.58929169 -0.3784762 0.71378642 0.0021822574
0.50282568 0.68025148 1.1267926 3158064 -0.039061721 -0.93743169 -0.34597105 0.016497379
0.50774431 0.68036437 1.1267432 3158064 0.041993868 -0.93551922 -0.35077101 0.016458433
0.48196796 0.68448013 1.1286575 2302755 -0.37194201 -0.88722008 -0.27294624 0.017485783
0.48761496 0.68331271 1.1261075 3158064 -0.27167767 -0.88230014 -0.38436663 0.018458713
0.49206734 0.68124676 1.1288007 2302755 -0.20728455 -0.94286394 -0.26084608 0.016821088
0.49812418 0.6805672 1.1273885 2829099 -0.11678118 -0.94003654 -0.32045829 0.017626449
0.51309007 0.68068802 1.1274742 2829099 0.13909674 -0.93743652 -0.31916279 0.019991845
0.5178473 0.68189627 1.1268656 2894892 0.21134685 -0.91074973 -0.35477799 0.021703882
0.52223706 0.68337977 1.126146 3289650 0.28277922 -0.88660908 -0.36600575 0.014616142
0.52683789 0.68429393 1.1281863 2368548 0.35510132 -0.88146681 -0.3113187 0.020847132
0.47339982 0.68919092 1.1280296 2434341 -0.5127843 -0.80527771 -0.29762396 0.017849775
0.47795132 0.68692786 1.1268748 2763306 -0.43780771 -0.83086336 -0.34349751 0.017889868
0.5286774 0.68613952 1.1254932 3355443 0.38401273 -0.83187771 -0.40064162 0.018256644
0.53351325 0.68743843 1.1280328 2368548 0.48485222 -0.82402784 -0.29308102 0.016521402
0.53539157 0.68967617 1.1257703 3223857 0.50117558 -0.76446456 -0.4054836 0.015041374
0.46800238 0.69357586 1.1268413 2631720 -0.60134828 -0.71538067 -0.35582402 0.021702275
0.47026712 0.69116461 1.1285613 2171169 -0.56680954 -0.77217412 -0.28718299 0.019387137
0.46296793 0.69846255 1.1267195 2697513 0.68637079 0.63140172 0.3608698 0.019043572
0.46589181 0.69615549 1.1256212 3158064 0.63158876 0.66239554 0.40289932 0.018664518
0.45882908 0.70291591 1.1277764 2236962 0.76490778 0.57304806 0.29416332 0.017734712
0.45621642 0.70806915 1.1260499 2960685 0.78795022 0.47883275 0.38710934 0.019271133
0.45336622 0.71216428 1.12731 2302755 0.84378928 0.42516604 0.32749584 0.01971845
0.45131606 0.71688002 1.1269864 2434341 0.87230444 0.34211898 0.34934163 0.017632337
0.44971147 0.72170234 1.1267103 2302755 0.89640844 0.2659981 0.35453761 0.018686749
0.44924754 0.7258541 1.1254561 2500134 0.88679814 0.18745758 0.42243186 0.017630903
0.44731548 0.73334038 1.1292809 1644825 0.94427913 0.079391249 0.31942755 0.016074346
0.44711873 0.73803341 1.1288248 1644825 0.94530684 -0.0029972072 0.32616869 0.018263919
0.44717166 0.74185872 1.1294606 1644825 0.94318861 -0.077546827 0.32308155 0.017232969
0.44926059 0.7489475 1.1253861 2500134 0.88235337 -0.18223652 0.43386903 0.019194713
0.44967449 0.75332165 1.1268173 1907997 0.89710486 -0.27345955 0.34701976 0.019846423
0.45250133 0.75878996 1.125288 2302755 0.83589864 -0.35594323 0.41782519 0.016261218
0.49856973 0.67972451 1.1322 1710618 -0.10761777 -0.98431724 -0.13977845 0.010475283
0.50169992 0.6794765 1.1316628 1710618 -0.062009439 -0.9862107 -0.15343812 0.009983222
0.50677216 0.67943257 1.1317078 1710618 0.029241243 -0.98868608 -0.14712146 0.0092689255
0.48358786 0.68329656 1.1326351 1710618 -0.34740743 -0.92849123 -0.1311949 0.010951764
0.48865265 0.68165159 1.1326236 1842204 -0.27287301 -0.95175993 -0.14033288 0.010051675
0.49250609 0.6806789 1.1337317 1710618 -0.21301661 -0.97203052 -0.098897047 0.0077702943
0.49549523 0.68016011 1.132862 1710618 -0.16212514 -0.97899407 -0.12363696 0.0087727318
0.51217955 0.67982364 1.1324697 1710618 0.12558284 -0.98270446 -0.13609163 0.010160165
0.51595581 0.68034184 1.1333522 1710618 0.18447198 -0.97679931 -0.10878059 0.0106869
0.52115047 0.68179059 1.1300359 2236962 0.26862496 -0.93943858 -0.21282795 0.01448341
0.52569413 0.68318486 1.1325049 1710618 0.33027536 -0.93546075 -0.12582278 0.011071756
0.471522 0.68966585 1.1319915 1710618 -0.55872738 -0.81729788 -0.14088245 0.0099067166
0.47678554 0.68661904 1.1323826 1710618 -0.47622052 -0.86996084 -0.12799267 0.0064944481
0.53203827 0.6860944 1.1316892 1710618 0.47745058 -0.86693847 -0.14303355 0.010280334
0.46757603 0.69272792 1.133363 1710618 -0.63491362 -0.76570696 -0.102847 0.0078210495
0.54251993 0.69323242 1.132363 2368548 0.65556413 -0.75454617 -0.029929096 0.010455452
0.61256611 0.69509923 1.135342 3683372 0.34956825 0.41103056 0.84193581 0.059668899
0.61714238 0.69449073 1.1341056 3683373 0.19363874 0.31865421 0.92788118 0.044341434
0.62196898 0.69371587 1.1346474 3617580 0.0026611877 0.32962134 0.94410944 0.032430027
0.46240532 0.69739646 1.1319183 1710618 0.72353965 0.67656845 0.13691437 0.010931701
0.54469734 0.69564563 1.1304857 2631720 0.71723098 -0.68976527 -0.099013031 0.017243572
0.61215472 0.69797134 1.1351683 3354665 0.28770247 0.30115667 0.90913802 0.057007968
0.6169731 0.69764256 1.1335444 3551787 0.14996873 0.19063139 0.97013867 0.04642975
0.62248433 0.69811791 1.134168 3551787 -0.053539947 0.10651013 0.99286914 0.016560938
0.45855775 0.70222157 1.1331974 1710618 0.79010332 0.60333252 0.10828936 0.0080178902
0.59884137 0.70509565 1.134748 3420201 0.31261018 0.56078362 0.76667893 0.056492772
0.60357052 0.7047112 1.134763 3223080 0.21731962 0.45889282 0.86150426 0.060663257
0.61196971 0.70290923 1.13494 3288616 0.11524898 0.21164469 0.97052777 0.056361262
0.61703384 0.70277959 1.1340579 3551787 0.052058328 0.070247054 0.99617028 0.034001369
0.62187427 0.70259953 1.1343232 3551787 -0.083373882 0.015354303 0.99640006 0.0085321469
0.45419711 0.70902771 1.1305442 1710618 0.85362136 0.48149011 0.19874054 0.014073806
0.45517185 0.70721054 1.1330409 1710618 0.84738934 0.51700419 0.12098761 0.0082330583
0.59382963 0.70821822 1.1345631 2894373 0.56864816 0.48900381 0.66144884 0.068296567
0.59830099 0.70809937 1.1326228 3551531 0.2494604 0.43958426 0.86286455 0.05545029
0.60262346 0.708529 1.1326627 3551787 0.09221074 0.35616362 0.92986268 0.053467456
0.60782194 0.70664465 1.1344382 3354409 0.02064787 0.2689321 0.96293777 0.051908847
0.61339414 0.70761615 1.1343713 3551787 -0.0027819376 0.1102591 0.99389899 0.04038823
0.61699271 0.70782632 1.1344566 3551787 -0.059137616 0.03260966 0.99771708 0.020736754
0.62306529 0.70718986 1.1347499 3551787 -0.096916929 -0.017666524 0.99513566 0.0076996963
0.45173034 0.71379632 1.1327903 1710618 0.90221375 0.41361853 0.12218874 0.0080858488
0.59211761 0.71305043 1.1334028 3157031 0.57803112 0.36632422 0.72916842 0.041882452
0.59677094 0.71199012 1.1316397 3551787 0.23921154 0.24868441 0.93858081 0.055390723
0.60256553 0.71322525 1.1314832 3551787 -0.00047894553 0.19641562 0.98052061 0.034517232
0.60799313 0.71208763 1.1326104 3551787 -0.1064605 0.14937589 0.98303258 0.032427143
0.61356825 0.71271777 1.1335791 3551787 -0.11308961 0.071889304 0.99098068 0.022883745
0.61734492 0.71318823 1.1342369 3551787 -0.1154475 0.027543051 0.99293166 0.0092890402
0.62096542 0.71181691 1.1347768 3551787 -0.12697813 -0.014189942 0.991804 0.00044342404
0.45089409 0.71585858 1.1307396 1710618 0.90867513 0.37537047 0.18277445 0.015136434
0.58978891 0.7173903 1.133171 3025958 0.60173935 0.27709115 0.74908626 0.065240614
0.59228224 0.71798974 1.1316085 3485994 0.40456915 0.21814674 0.88810796 0.051409073
0.59708834 0.71788591 1.130965 3551787 0.15082945 0.14598404 0.97772139 0.040681984
0.60256916 0.71666348 1.1316597 3551787 -0.0576027 0.063939869 0.99628991 0.014550141
0.60797191 0.71715003 1.1328006 3551787 -0.14444391 0.011250662 0.98944902 0.0007040776
0.61371785 0.71794242 1.1338439 3551787 -0.14429347 -0.00080904667 0.98953462 0.00046939246
0.61732799 0.71824384 1.1343997 3551787 -0.143638 -0.0073925965 0.98960268 0.00049265142
0.62204444 0.71740872 1.134988 3551787 -0.12721446 -0.0064133867 0.99185449 0.00045628255
0.4486872 0.72267771 1.133515 1710618 0.94070846 0.28136849 0.1894713 0.015042127
0.58823681 0.72245699 1.1332959 2762531 0.60773045 0.20280911 0.76780999 0.060708892
0.59191585 0.72261691 1.130953 3551787 0.34836698 0.14497751 0.9260788 0.054767422
0.59707224 0.72289354 1.1306651 3551787 0.072501019 0.089134462 0.99337739 0.036049809
0.6025812 0.72172737 1.1317906 3551787 -0.10573179 0.016870901 0.99425155 0.0046373364
0.60796076 0.72218722 1.132866 3551787 -0.15519005 -0.0019263454 0.98788273 0.00023916815
0.61371958 0.72298634 1.1338367 3551787 -0.14501479 0.0011636754 0.98942882 0.00039702421
0.61733478 0.72328973 1.1343504 3420202 -0.13852951 0.0028134144 0.9903543 0.00048176516
0.62182188 0.72279298 1.1348422 3551787 -0.12714043 0.0055248565 0.99186933 0.00040010546
0.44771209 0.72763157 1.1307509 1710618 0.95055497 0.18725532 0.24775128 0.015467123
0.58816487 0.72774696 1.1321572 3091494 0.55360967 0.1201293 0.82406628 0.058505155
0.59174526 0.72753125 1.1305904 3551787 0.28741333 0.085711069 0.95396394 0.053917903
0.59711057 0.72796923 1.1307658 3551787 0.018562086 0.03706326 0.9991405 0.029720731
0.60257536 0.72676766 1.1319222 3551787 -0.13013652 0.0033705202 0.99149036 0.0010896783
0.60795736 0.72722542 1.1328912 3551787 -0.15368217 -0.0016902175 0.98811889 0.00029380611
0.61371964 0.72803056 1.1338364 3551787 -0.14549424 -0.00046696173 0.98935896 0.00044875874
0.61724097 0.72824198 1.1343061 3551787 -0.13700517 -0.00014614285 0.99057031 0.00047784354
0.62242973 0.7267682 1.1349028 3551787 -0.12316184 0.0035930972 0.99238008 0.00041914947
0.58714396 0.73228049 1.1322457 2959909 0.5601114 0.074929133 0.82502168 0.055018958
0.59168977 0.73255742 1.1304235 3551787 0.25942481 0.042934921 0.96480846 0.047464382
0.59714031 0.73300326 1.1308447 3551787 -0.016324673 0.028161231 0.99947006 0.021859655
0.60256857 0.73180312 1.1319802 3551787 -0.14359069 0.00092032395 0.98963672 0.00017311405
0.60796052 0.73226416 1.1328658 3551787 -0.15585117 -0.00070169941 0.98778027 0.00026023429
0.61371702 0.73307526 1.1338512 3551787 -0.14624591 -0.0050151679 0.98923558 0.00045028218
0.61733872 0.73170078 1.1343262 3091494 -0.13704798 -0.0033342277 0.9905588 0.00050016464
0.62243038 0.73181444 1.1349083 3551787 -0.12473376 -0.0055534611 0.99217469 0.00043204948
0.58780938 0.73736262 1.1314789 3157031 0.47866723 0.011770219 0.87791753 0.04810138
0.59165013 0.73759639 1.1302882 3551787 0.24566868 0.0080721145 0.96932024 0.045796901
0.59715623 0.73805493 1.1309566 3551787 -0.039707664 -0.0012249887 0.9992106 0.014353632
0.60256779 0.73683834 1.1319844 3551787 -0.1442339 0.00047015888 0.9895435 0.00016100227
0.60795885 0.73730236 1.1328753 3551787 -0.15567087 -0.00069041061 0.98780876 0.00024258478
0.61371315 0.73811942 1.1338798 3551787 -0.14821924 -0.0060813241 0.98893583 0.00039684583
0.61733204 0.73674679 1.1343712 3551787 -0.13798507 -0.0064264368 0.99041349 0.00046514435
0.62242162 0.73686099 1.1349803 3551787 -0.12273651 -0.0051928032 0.99242568 0.00042147894
0.58707935 0.74227935 1.1321348 2762532 0.53721917 -0.062134854 0.84115088 0.046691235
0.59168893 0.74262279 1.1304115 3551787 0.25364614 -0.033207361 0.9667269 0.04550378
0.59713167 0.74309087 1.1308029 3551787 -0.015323773 -0.016123364 0.99975258 0.022105467
0.60256773 0.74187356 1.131984 3551787 -0.14421022 0.0004487437 0.98954695 0.00016134288
0.60796309 0.74234098 1.1328428 3551787 -0.15858892 0.00021219724 0.98734468 0.00013122355
0.6137082 0.74316281 1.1339159 3551787 -0.15270802 -0.0027419073 0.98826754 0.00032326073
0.61732435 0.74179256 1.134426 3551787 -0.14129634 -0.0022667304 0.98996472 0.00038937971
0.62094849 0.74210465 1.1349101 3551787 -0.12501961 -0.0007326614 0.992154 0.00046845825
0.44745556 0.74569839 1.1302006 1644825 0.94630152 -0.14215776 0.29035246 0.01722417
0.58816081 0.7477923 1.1321474 2762531 0.54397559 -0.12251992 0.83010805 0.062359575
0.59174955 0.74764919 1.1306005 3485995 0.30059627 -0.07661283 0.95066941 0.045045346
0.59710652 0.74815243 1.1306977 3551787 0.01366303 -0.041687917 0.99903727 0.025849471
0.60257363 0.74690914 1.131933 3551787 -0.13280031 -0.0022968557 0.99114013 0.0010518528
0.6079616 0.74737954 1.1328523 3551787 -0.15770461 0.00067075185 0.98748612 0.00014306922
0.61370552 0.74820632 1.1339306 3551787 -0.14954573 0.0039823963 0.98874676 0.00037821423
0.61731607 0.74683905 1.1344875 3551787 -0.13508619 0.0061932658 0.99081451 0.00050220586
0.62094325 0.74715334 1.1349523 3551787 -0.12092617 0.0056442688 0.99264544 0.0004812284
0.44798848 0.75032997 1.1320086 1644825 0.93897825 -0.24977861 0.2364962 0.018355038
0.58815581 0.75254303 1.1332134 2302239 0.61007309 -0.20278431 0.76595646 0.058936372
0.59189761 0.75273609 1.1309308 3420202 0.35277823 -0.14964238 0.92366374 0.048338491
0.59700167 0.75322723 1.1305125 3551787 0.07612402 -0.072686262 0.9944455 0.040029857
0.60258436 0.75195056 1.1318005 3551787 -0.10915793 -0.016634323 0.99388522 0.0040635122
0.60795945 0.75241852 1.132872 3551787 -0.15108934 0.0042028381 0.9885112 0.00020164652
0.61371934 0.75324875 1.1338364 3551787 -0.14644043 0.012243574 0.98914373 0.00030868541
0.61733145 0.7518841 1.1343756 3551787 -0.13645881 0.015129309 0.99053019 0.00036350061
0.6226064 0.7521832 1.1349543 3420201 -0.12329179 0.01346681 0.99227911 0.00038307908
0.58977091 0.75759578 1.1331915 2236703 0.66800952 -0.29752368 0.68208718 0.080250137
0.59218967 0.75634503 1.1315727 3222824 0.45688 -0.21648374 0.86278355 0.040857021
0.59649992 0.7576291 1.130939 3485994 0.18403231 -0.14510615 0.97215039 0.040761068
0.60257769 0.75698823 1.1318167 3551787 -0.074204318 -0.035845641 0.9965986 0.0066619748
0.60797006 0.7574563 1.132809 3551787 -0.13823298 0.003329888 0.99039412 0.00056653889
0.61373764 0.75829101 1.1337056 3551787 -0.14259101 0.014511845 0.98967528 0.00025413092
0.61717325 0.75675642 1.1342261 3551787 -0.13872808 0.0159407 0.99020219 0.000290094
0.6224311 0.75705349 1.1348901 3485994 -0.12698914 0.013487785 0.99181241 0.00038393956
0.45135945 0.76079011 1.1324184 4408131 0.92746627 -0.33235455 0.17130899 0.012279019
0.59300357 0.76236737 1.13302 2499873 0.56891102 -0.36638266 0.73627716 0.048254751
0.59783596 0.76229948 1.1314977 3354409 0.23601349 -0.22833458 0.94454271 0.048255537
0.60255563 0.76205462 1.1316626 3551787 0.020604126 -0.10768063 0.993972 0.023026569
0.60798168 0.76249462 1.1327208 3551787 -0.11846475 -0.018348986 0.99278873 0.0010848797
0.61351639 0.76309717 1.1335402 3551787 -0.13773793 0.0077377586 0.99043846 0.00036972342
0.61700916 0.76329845 1.1340446 3551787 -0.13706192 0.014700054 0.99045342 0.00025642518
0.62062693 0.76193851 1.134571 3551787 -0.13423295 0.01490348 0.99083775 0.00034190906
0.59776485 0.76721406 1.1325963 2894116 0.3643159 -0.47920653 0.79852051 0.052373461
0.6025669 0.76703161 1.132081 3485995 0.13344513 -0.32012686 0.93792921 0.033132721
0.60796946 0.76749349 1.1329693 3420202 -0.021250285 -0.20356831 0.9788301 0.024043774
0.61339623 0.76800561 1.133615 3551787 -0.047614969 -0.10569838 0.99325758 0.018739108
0.61703974 0.76835722 1.1337565 3551787 -0.064472295 -0.049173232 0.99670726 0.016995994
0.62245822 0.76714969 1.1347145 3485994 -0.13502695 0.015321293 0.99072349 0.00024134255
0.59994215 0.77065766 1.1339619 2959910 0.39372134 -0.62497109 0.674088 0.036696136
0.61234248 0.77251941 1.1341349 3223080 0.081375942 -0.23010696 0.96975708 0.024426581
0.61702967 0.77171415 1.1337255 3551787 0.019810863 -0.086258486 0.99607581 0.018307654
0.62246794 0.77218902 1.1345904 3551787 -0.12092428 -0.0019339909 0.99265987 0.00044238675
0.61141676 0.77685487 1.1353989 3091494 0.30644599 -0.49300098 0.81427324 0.029690703
0.61703056 0.77672869 1.1340971 3485994 0.11995084 -0.16308822 0.97929263 0.02185121
0.62247366 0.77724141 1.1344633 3551787 -0.063399509 -0.056150116 0.99640739 0.0071913688
0.61745661 0.7822414 1.1350815 3025702 0.24036545 -0.2929492 0.92542166 0.025059719
0.62081653 0.78232932 1.1347326 3288616 0.020332346 -0.14649393 0.98900259 0.011019901
0.50252604 0.67947739 1.1373401 1710618 -0.036262181 -0.9990381 -0.024655338 0.0030330038
0.5076021 0.67950666 1.1373581 1710618 0.051622953 -0.99836087 -0.024711968 0.0035124358
0.51121914 0.67989624 1.1379069 1710618 0.11338757 -0.99351048 -0.0089560393 0.0019523153
0.48287544 0.68375802 1.1388009 1710618 -0.37802768 -0.9256109 -0.018426329 0.0020824249
0.48685747 0.68222713 1.1362492 1710618 -0.30595499 -0.95098287 -0.044978775 0.003133287
0.49320754 0.68066132 1.1392032 1710618 -0.19903487 -0.97995716 -0.0083116619 0.0022107682
0.49775115 0.67984313 1.1380211 1710618 -0.12058596 -0.99241942 -0.023721572 0.0026876382
0.51499534 0.68045348 1.1388 1710618 0.17722443 -0.98413873 -0.0079008471 0.0015894244
0.52232045 0.68210769 1.1362331 1710618 0.29491261 -0.95496726 -0.032619528 0.0032541226
0.62700409 0.68452042 1.1398712 3551787 -0.10724064 -0.77124935 -0.62743437 0.047992781
0.63192821 0.68429077 1.1395562 3683372 0.028912529 0.74186087 0.66993028 0.04807467
0.63708645 0.68440849 1.1397389 3749165 -0.052890275 0.71010721 0.70210427 0.036938865
0.4740535 0.68829894 1.1378405 1710618 -0.52780092 -0.84919858 -0.016970361 0.0014873105
0.47847039 0.68566436 1.1364304 1710618 -0.45009339 -0.89208275 -0.040053394 0.0038028932
0.53071994 0.68549913 1.1361661 1710618 0.44877934 -0.89258343 -0.043496285 0.0040129311
0.61743242 0.68825543 1.1377522 3485995 0.26984459 0.70894736 0.65159613 0.045614712
0.6230731 0.68825644 1.1367911 3748908 0.10316173 0.61453807 0.78211296 0.042231053
0.62779063 0.68735731 1.1371671 3748909 0.037547749 0.58752763 0.8083325 0.04588962
0.63223445 0.68788326 1.1371101 3814701 -0.039549742 0.511518 0.8583619 0.030943077
0.63756084 0.68812871 1.1375091 3748909 -0.10464858 0.44408301 0.88985336 0.032592952
0.64298153 0.68856382 1.1382356 3748909 -0.14626396 0.43030372 0.89075559 0.030544663
0.64699638 0.68756717 1.1393743 3814701 -0.18154107 0.49736774 0.84833258 0.02949222
0.46719497 0.69321895 1.1376529 1710618 -0.64983451 -0.75972128 -0.02320868 0.0030810018
0.47095037 0.69038963 1.1384598 1710618 -0.58202529 -0.81315053 -0.0057276199 0.0019645256
0.53838998 0.69035667 1.1383426 1907997 0.44180581 -0.88778985 -0.12898386 0.0028711001
0.54049724 0.69170672 1.1353388 1776411 0.55018586 -0.82706118 -0.11517508 0.0057451455
0.60903162 0.69373888 1.1394752 2894117 0.49747425 0.60296804 0.6236577 0.046542764
0.612804 0.69144487 1.1364806 3551531 0.3862811 0.5120948 0.76716739 0.056567643
0.61761707 0.69162309 1.1349382 3814701 0.20146443 0.45614746 0.86679959 0.060064264
0.62442476 0.69176632 1.1351873 3748909 -0.0043102419 0.35437766 0.93509245 0.029529093
0.62795717 0.69189912 1.1353693 3683116 -0.041755762 0.29707703 0.95394009 0.030765845
0.63156039 0.69211799 1.1356915 3617323 -0.088580199 0.24248149 0.96610367 0.021668455
0.63700265 0.69258302 1.1364658 3551787 -0.11870743 0.20323302 0.97190785 0.010719636
0.64245588 0.693039 1.1372577 3551787 -0.14186084 0.19495015 0.97049981 0.0086544836
0.64741313 0.69240218 1.138056 3617323 -0.17781869 0.2530053 0.95098311 0.017003797
0.65248591 0.69186586 1.139021 3683116 -0.20945856 0.29833034 0.93119609 0.016691361
0.65718722 0.69442177 1.1396061 3683116 -0.23336974 0.26731282 0.93492377 0.014686787
0.46206015 0.69818789 1.137514 1710618 0.7373789 0.67528635 0.016145179 0.0021919499
0.60899413 0.69701213 1.1374601 2762532 0.41694534 0.50089914 0.75845677 0.051250149
0.62794232 0.69686484 1.1349794 3551787 -0.099919789 0.10712741 0.98921168 0.01218846
0.63157493 0.69718218 1.1355391 3551787 -0.12128284 0.074913539 0.98978704 0.0060418868
0.63702291 0.69763768 1.1363207 3551787 -0.12758791 0.057767976 0.99014354 0.0040131602
0.64248699 0.69807786 1.1370332 3551787 -0.1359978 0.061964028 0.98876947 0.0043041576
0.6479618 0.6968171 1.1377356 3551787 -0.15248361 0.099217005 0.98331314 0.0068085063
0.65343267 0.69726372 1.1385128 3551787 -0.17149782 0.11420657 0.97854245 0.0075756363
0.65707237 0.69757295 1.1390939 3551787 -0.19810268 0.1418348 0.96986502 0.0087095182
0.660761 0.69793695 1.1397527 3617323 -0.22750352 0.17818247 0.95733649 0.0099448832
0.45747459 0.70395088 1.1385685 1710618 0.81238383 0.58243364 0.028347502 0.0026720252
0.59819472 0.70295823 1.1382087 2762788 -0.49575618 -0.66911119 -0.55363894 0.056182537
0.6015926 0.70305204 1.1366622 3157031 0.34179726 0.58185387 0.73798424 0.054421727
0.60874486 0.7011798 1.1358529 2170910 0.2415933 0.36985257 0.89712971 0.06882748
0.62792403 0.70197159 1.1352036 3551787 -0.12523814 0.0049392576 0.99211442 0.0020202086
0.63154715 0.70227063 1.1357592 3551787 -0.12767601 -0.0087675666 0.99177718 0.00063732767
0.63699698 0.7027142 1.1365196 3551787 -0.12877089 -0.0082534021 0.99164003 0.00045827401
0.64246106 0.70315874 1.1372157 3551787 -0.13072614 -0.0072065257 0.99139231 0.00044805251
0.64793938 0.70191401 1.1378673 3551787 -0.13650562 0.0052604205 0.99062532 0.0010052805
0.6534127 0.70235938 1.1386045 3551787 -0.14257731 0.0065275603 0.98976213 0.00080161169
0.65707695 0.70265019 1.1390287 3551787 -0.1544676 0.024046572 0.98770517 0.0031291361
0.66074073 0.7029407 1.1395044 3551787 -0.17352602 0.053505141 0.98337477 0.0051482893
0.45623571 0.70547247 1.1356496 1710618 0.83101064 0.55319744 0.058257122 0.0054542711
0.59265387 0.70738941 1.1372 2434080 0.62360483 0.56454676 0.54074389 0.063001327
0.6278891 0.70702344 1.1354926 3551787 -0.12627473 -0.022602608 0.99173778 0.00023939225
0.63152045 0.70732117 1.135983 3551787 -0.12692182 -0.022321446 0.99166155 0.00024795305
0.63697666 0.70776945 1.1367006 3551787 -0.12452006 -0.016670903 0.99207705 0.00024942844
0.64243811 0.70821804 1.1374166 3485994 -0.12698747 -0.014147705 0.99180341 0.0002497492
0.64791399 0.70697969 1.1380786 3551787 -0.12794735 -0.010821533 0.99172193 0.00022004849
0.65338832 0.70742756 1.138801 3551787 -0.13238047 -0.0090934141 0.99115723 0.00026861954
0.65704417 0.70772725 1.1392678 3551787 -0.13373393 -0.0017129326 0.99101579 0.00047070516
0.66070592 0.70802641 1.1397129 3551787 -0.13652147 0.0075498251 0.99060833 0.00073091872
0.45314997 0.71095276 1.1362998 1710618 0.87815905 0.47126591 0.082128987 0.0055911364
0.58923894 0.712686 1.1391273 3025445 0.7816692 0.43558025 0.44638893 0.039098948
0.59081119 0.71205789 1.1353391 2433825 0.66670519 0.40547243 0.62537694 0.054064278
0.6245898 0.71211565 1.1352849 3551787 -0.12628245 -0.013371543 0.9919042 0.00043075287
0.6282196 0.71241546 1.1357762 3551787 -0.1253991 -0.0089232232 0.99206626 0.00040214497
0.63185841 0.71271545 1.1362197 3551787 -0.12351678 -0.0040043276 0.99233443 0.00040373285
0.63733435 0.71316838 1.1368037 3551787 -0.12581171 -0.01020507 0.99200165 0.00038782074
0.64280295 0.71362007 1.1374944 3551787 -0.1285042 -0.0085098213 0.99167246 0.00037256718
0.64626473 0.71206355 1.1379559 3551787 -0.12882097 -0.0059634857 0.99164993 0.00033789765
0.6519227 0.7126838 1.138718 3551787 -0.12988241 -0.0067807399 0.99150622 0.00034813432
0.65740132 0.713135 1.1394558 3551787 -0.12348706 -0.0049336981 0.99233389 0.00026826022
0.44985139 0.71925533 1.1359971 1710618 0.91498768 0.3603726 0.181464 0.027604753
0.45075703 0.71724421 1.1380749 1710618 0.89721555 0.40361232 0.17916848 0.034656309
0.58789462 0.71811408 1.1377695 2499617 0.78783572 0.34218892 0.51207584 0.04122588
0.62458968 0.71548271 1.135283 3354409 -0.12423526 -0.0094455983 0.99220783 0.00035042298
0.62805063 0.71729857 1.1356895 3551787 -0.12179718 -0.0039231218 0.99254727 0.00046392952
0.63169092 0.7176007 1.1361085 3420202 -0.12474292 -0.0036416906 0.99218243 0.00048026891
0.63704228 0.71794575 1.1367291 3485994 -0.12501478 -0.0078157429 0.99212408 0.00041297521
0.64243728 0.71665221 1.1374525 3617579 -0.12785761 -0.0099102724 0.99174303 0.00032734883
0.64790392 0.71710438 1.1381755 3420202 -0.13035971 -0.0095320316 0.99142092 0.00040057921
0.65337831 0.71755695 1.1388915 3551787 -0.12921707 -0.010620965 0.99155945 0.00032859549
0.6570338 0.71785957 1.1393633 3551787 -0.12284415 -0.0097155878 0.99237841 0.00032788634
0.66069233 0.71816278 1.1398324 3551787 -0.12006295 -0.0090650218 0.9927249 0.00032253648
0.58602113 0.72244471 1.1385205 3025702 0.7846036 0.27075386 0.55775398 0.044925984
0.62788892 0.72217876 1.1355122 3551787 -0.12493064 0.0017216139 0.99216396 0.00037501607
0.63152081 0.72248185 1.1359826 3551787 -0.12784852 -0.0012384605 0.99179292 0.00044279828
0.63697118 0.72293735 1.1367439 3551787 -0.12204056 -0.0050380887 0.99251235 0.00035139031
0.64243126 0.7217077 1.137459 3551787 -0.13139534 -0.010329109 0.99127626 0.00034778824
0.64741385 0.72166669 1.1381326 3551787 -0.13062179 -0.011839177 0.99136156 0.00035024292
0.65239626 0.72331351 1.1388593 3551787 -0.13124138 -0.0066675744 0.991328 0.00039820452
0.65721142 0.72310048 1.1394534 3551787 -0.12474319 -0.0075310227 0.9921605 0.00042463894
0.66068798 0.7215417 1.1398647 3551787 -0.11715876 -0.011632652 0.99304509 0.00032853673
0.44769269 0.72791016 1.1390678 1710618 0.8718363 0.21276729 0.44117069 0.076439142
0.58493483 0.72990322 1.136903 2499617 0.77672619 0.13122258 0.61601704 0.040881582
0.58510333 0.72682142 1.1373203 2828324 0.78184086 0.19533773 0.59208786 0.044971976
0.62460732 0.72895026 1.1351392 3551787 -0.12347194 -0.0036880814 0.99234122 0.00037238927
0.62823159 0.72757149 1.1356815 3551787 -0.12982054 0.00109477 0.99153692 0.00047421982
0.63185543 0.72787803 1.1362518 3551787 -0.13377498 0.0011911646 0.99101102 0.00045679577
0.63670379 0.72772545 1.1369087 3551787 -0.1289071 0.00059890555 0.99165648 0.00044354104
0.64278567 0.72711313 1.1376207 3551787 -0.12920396 -0.00056360388 0.99161786 0.0004209147
0.64642835 0.72741997 1.1381357 3551787 -0.1314778 -0.0026005001 0.99131572 0.00038168143
0.65189749 0.72788149 1.1389126 3551787 -0.13325922 -0.0096733524 0.99103403 0.00035354585
0.6573742 0.72834188 1.1396711 3551787 -0.12332404 -0.0057842 0.99234962 0.00037243753
0.44709936 0.73218071 1.1378299 1644825 0.90137213 0.10510406 0.42009693 0.066989794
0.58407307 0.73308438 1.1388662 2236446 0.75642502 0.099281341 0.64650166 0.045629751
0.6282292 0.73262638 1.1356987 3617579 -0.12741067 -0.0072752936 0.99182338 0.0004195676
0.63185877 0.73293424 1.1362256 3551787 -0.13268054 -0.0031744326 0.99115378 0.00052384625
0.63792497 0.73232484 1.1370066 3551787 -0.12563373 0.0005845977 0.99207652 0.00039942405
0.64264399 0.73203999 1.1376019 3551787 -0.12931469 0.0048151785 0.99159193 0.00039700975
0.6474095 0.73291832 1.1381783 3551787 -0.13144925 0.0071808412 0.99129689 0.00036461538
0.65240532 0.73233348 1.1389102 3551787 -0.13946056 0.0077917152 0.99019694 0.00034547976
0.65737462 0.73172188 1.1396704 3551787 -0.1264278 0.00098966528 0.99197531 0.00032112925
0.44711825 0.73678774 1.1372484 1644825 0.92315483 0.016396198 0.38407853 0.061650973
0.58445823 0.73788613 1.1376795 2236703 0.73261797 -0.017896449 0.68040478 0.043039843
0.62787348 0.73732632 1.135614 3551787 -0.12330738 0.0029593538 0.99236411 0.00041662576
0.63150752 0.73763603 1.1360661 3551787 -0.12874533 0.0049866363 0.99166512 0.0004670186
0.63696516 0.73810506 1.1367676 3551787 -0.12690805 0.0091729918 0.99187207 0.00038952791
0.64243174 0.73688549 1.1374526 3551787 -0.12750505 0.0056466409 0.99182183 0.00036391959
0.64791173 0.73735434 1.1381087 3551787 -0.12370614 0.0070453864 0.99229389 0.00031461715
0.65337634 0.73781937 1.1388816 3551787 -0.13623539 0.011085457 0.99061447 0.00029851246
0.6571998 0.73661625 1.1395431 3551787 -0.13360049 0.010830179 0.9909761 0.00035732833
0.44710517 0.74222416 1.1377434 1644825 0.9002825 -0.13965479 0.41229594 0.068686992
0.58431429 0.74216086 1.1384095 2105117 0.72969425 -0.093156151 0.67739815 0.043958221
0.62458831 0.7424168 1.1352906 3551787 -0.11457813 0.0039210417 0.99340647 0.00037367432
0.62822962 0.74272865 1.1356864 3551787 -0.11983988 0.0045684245 0.99278271 0.00038292163
0.63186681 0.74304187 1.136152 3551787 -0.12478528 0.0061181285 0.99216491 0.00049976318
0.63733202 0.74351168 1.1368153 3551787 -0.12747207 0.0039448598 0.99183434 0.00039112783
0.64261091 0.74212009 1.1375201 3551787 -0.1250025 0.0011964175 0.99215573 0.00032931785
0.64741802 0.74191725 1.1381056 3551787 -0.12567945 0.004218406 0.99206191 0.00027948327
0.65229344 0.74345958 1.1386809 3551787 -0.1371555 0.0036740454 0.99054271 0.00028040819
0.65703446 0.7432009 1.1393679 3551787 -0.13000074 0.0049388609 0.99150157 0.00031790466
0.44823167 0.74870521 1.1401187 1644825 0.83667749 -0.26722032 0.47808376 0.081794567
0.58362764 0.74496639 1.1402705 2105118 0.71028805 -0.1342293 0.6909945 0.052048605
0.58491534 0.74699509 1.1370468 2433824 0.75688303 -0.16522385 0.6323204 0.039834417
0.62458909 0.7474671 1.1352799 3420201 -0.11539401 0.0053767194 0.99330527 0.00037274702
0.6280567 0.74760669 1.1356337 3551787 -0.12212495 0.0038330492 0.99250734 0.00045130902
0.63151163 0.74774319 1.1360602 3551787 -0.12446298 0.0033477601 0.99221861 0.00044903441
0.6363613 0.74759912 1.1366757 3551787 -0.12979093 -0.0042673484 0.99153221 0.00042487882
0.64278257 0.74735743 1.1376388 3551787 -0.12773745 0.00077990169 0.9918077 0.0002894839
0.64643484 0.74767321 1.1380713 3551787 -0.12315075 6.3221029e-05 0.99238795 0.00027538283
0.65174335 0.74797022 1.1386491 3288872 -0.13580915 -0.0012219336 0.99073428 0.00029370096
0.65702969 0.74826443 1.1393831 3551787 -0.13041529 -0.00091329188 0.99145901 0.00038993044
0.58566153 0.75265652 1.1382488 2368288 0.77316529 -0.27340153 0.57224739 0.040573321
0.62789053 0.75248003 1.1354988 3551787 -0.1249321 0.0038259067 0.99215794 0.00039648308
0.63152713 0.75279838 1.1359544 3551787 -0.12835003 0.00018050472 0.9917289 0.00044474032
0.63770139 0.75232005 1.1368198 3551787 -0.12760423 -0.0059346296 0.9918074 0.00034194833
0.64243424 0.75206172 1.1374489 3551787 -0.12611438 -0.00074288051 0.99201542 0.00037467488
0.6474179 0.7531662 1.1381046 3551787 -0.12324021 -0.00066805701 0.99237663 0.00033821588
0.65229475 0.75246549 1.1386745 3551787 -0.13754986 -0.0057831593 0.99047798 0.00031557202
0.65703124 0.75164443 1.1393944 3551787 -0.13139383 -0.0060931854 0.99131155 0.00037888627
0.4507308 0.75684178 1.1372899 1644825 0.87397015 -0.45234329 0.17765613 0.052064583
0.58779126 0.75639063 1.136035 1973532 0.72881466 -0.32299191 0.60374284 0.040031571
0.6280514 0.75770807 1.1356555 3485994 -0.13064416 0.0053226408 0.99141502 0.00041869012
0.63185459 0.75820661 1.1362545 3551787 -0.13019331 -0.0040664398 0.99148029 0.00044745821
0.6373238 0.75700033 1.1368892 3551787 -0.12970659 -0.0010082097 0.99155194 0.00048381419
0.64245057 0.75714391 1.137503 3551787 -0.12536165 0.00096314622 0.99211067 0.00039338434
0.64790422 0.757599 1.1381558 3551787 -0.12202804 0.0021880292 0.99252427 0.00038084373
0.65336949 0.75807899 1.1389242 3551787 -0.13608994 0.0047357492 0.99068516 0.00035801256
0.65720534 0.75689018 1.1394993 3551787 -0.13050365 0.0027746877 0.99144393 0.00034489206
0.58894658 0.76210374 1.1388246 2170910 0.76838285 -0.42730418 0.47644413 0.045276519
0.59080243 0.76243567 1.1351939 1842203 0.67071861 -0.3820487 0.63574785 0.070649251
0.62461388 0.76261389 1.1351153 3551787 -0.13629329 0.013929646 0.9905706 0.00033871867
0.6282323 0.76293761 1.1356936 3551787 -0.14030977 0.01024208 0.99005467 0.00029732019
0.63185894 0.76325971 1.1362262 3551787 -0.13643573 0.010629753 0.99059188 0.00036589502
0.63731325 0.76205742 1.1369615 3485994 -0.12412033 0.005886171 0.99224973 0.00040458803
0.64278942 0.76253861 1.1375842 3551787 -0.12320777 0.0064241397 0.99236012 0.00035530672
0.64759278 0.76346231 1.1381454 3485994 -0.12594038 0.0080962889 0.99200475 0.00026887254
0.65240794 0.76271456 1.1387826 3485994 -0.13583694 0.01208403 0.99065751 0.00030488631
0.65739638 0.76213753 1.1394949 3551787 -0.12718306 0.0075533045 0.9918505 0.00026981829
0.6278888 0.76763415 1.1355054 3551787 -0.13781847 0.020288942 0.99024969 0.00022728123
0.63152069 0.76795679 1.1359807 3551787 -0.13633662 0.025193293 0.9903422 0.00024154423
0.63637173 0.76782566 1.1366063 3551787 -0.12847088 0.024887836 0.99140096 0.00023411323
0.64243597 0.76723999 1.1374326 3551787 -0.12508407 0.020561585 0.99193305 0.0002403712
0.6479097 0.76772314 1.1381003 3551787 -0.12821418 0.012125821 0.9916724 0.00021851451
0.6533913 0.76820874 1.1387677 3551787 -0.13161956 0.014224377 0.99119824 0.00027908757
0.65703964 0.76684552 1.1393012 3551787 -0.13037993 0.014596601 0.99135667 0.00027241308
0.66071171 0.76716787 1.1396663 3551787 -0.13892411 -0.00049500255 0.99030292 0.0012210404
0.59677255 0.77191824 1.1369771 2302495 0.5999639 -0.76370585 0.23832059 0.043732092
0.6279068 0.77267641 1.1353379 3551787 -0.12958826 0.0068587903 0.99154419 0.00036215663
0.63154185 0.77300131 1.1357969 3551787 -0.12866175 0.01155135 0.99162126 0.00023186351
0.63760459 0.77242059 1.1365881 3551787 -0.13077344 0.017161608 0.99126375 0.00021642199
0.64245993 0.77229291 1.1372221 3551787 -0.13026503 0.01484259 0.99136811 0.00019599008
0.64793539 0.77278274 1.1378949 3551787 -0.13390788 0.0035411748 0.99098748 0.0005930881
0.65341771 0.77327377 1.1385707 3551787 -0.14371878 -0.013632644 0.98952466 0.0010090013
0.65706217 0.77191073 1.1391231 3551787 -0.14875221 -0.01827205 0.98870569 0.001136206
0.6607157 0.77223665 1.1396304 3551787 -0.16295789 -0.039690159 0.98583436 0.0013522035
0.60809487 0.77743495 1.1379533 2236702 0.42826581 -0.72987491 0.53279549 0.03074128
0.62791044 0.77772772 1.1353155 3551787 -0.11982467 -0.019379091 0.99260592 0.00029928237
0.63154465 0.77805495 1.1357783 3551787 -0.12562405 -0.014890141 0.99196619 0.00028228667
0.63699692 0.77685952 1.1365079 3551787 -0.13127536 -0.0082738809 0.99131143 0.0001578025
0.64245814 0.77735138 1.1372293 3551787 -0.13642198 -0.026413675 0.99029863 0.00038284299
0.64792383 0.77784359 1.1379727 3551787 -0.14283554 -0.044284485 0.98875523 0.00052339031
0.65339094 0.77833426 1.1387471 3551787 -0.16379844 -0.079108648 0.98331678 0.00096243882
0.65705568 0.77698731 1.1392505 3485994 -0.17386606 -0.084699549 0.98112005 0.0012115957
0.66069621 0.77561265 1.1397568 3485994 -0.18657522 -0.093135379 0.97801608 0.0014097579
0.62433696 0.78253263 1.1350672 3354409 -0.088955797 -0.067267954 0.99376148 0.00028882892
0.62791783 0.78280133 1.135453 3420202 -0.10690929 -0.040985886 0.99342364 0.00025402423
0.63156188 0.78313547 1.1358634 3420202 -0.11762626 -0.02419129 0.99276322 0.00022734828
0.63701361 0.7819432 1.1365938 3485994 -0.14172173 -0.038665328 0.98915112 0.00031096357
0.64249301 0.7824719 1.1374515 3420202 -0.146502 -0.09200839 0.98492211 0.00031979967
0.64738989 0.78239506 1.1381763 3354409 -0.15837863 -0.10114833 0.98218393 0.00056861562
0.65350699 0.7818687 1.139137 3288873 -0.18788457 -0.14594287 0.97128785 0.0010671752
0.65033406 0.78546149 1.1391832 2959910 -0.19055143 -0.21685298 0.95742619 0.00053298852
0.50168544 0.67963624 1.143106 1973790 -0.05152278 -0.99867183 -5.8121332e-05 0.0019873446
0.50669205 0.67959476 1.1429305 1907997 0.033388179 -0.99944246 -0.00020037324 0.001746857
0.51036119 0.67981929 1.1435356 1973790 0.096259199 -0.99535632 3.3171548e-06 0.002287575
0.48341262 0.68359047 1.1439245 1907997 -0.36955458 -0.92920905 -3.6691748e-05 0.0022471331
0.48749846 0.68212777 1.141674 1842204 -0.29747027 -0.95472616 -0.003064662 0.0018370032
0.49384645 0.68056798 1.1445496 2039583 -0.18601306 -0.9825471 -0.00054191664 0.0022265136
0.49693117 0.68007308 1.1438748 1973790 -0.13265477 -0.9911623 0.00015288181 0.0020396099
0.51399976 0.68028802 1.1441184 1973790 0.15957753 -0.98718512 -0.00076749397 0.0022792546
0.51908141 0.68133277 1.1403344 1776411 0.24699953 -0.96899736 -0.0059435829 0.0016402614
0.52340382 0.68262404 1.1424145 1842204 0.32267088 -0.94651055 -0.0011419108 0.0021253263
0.62326664 0.68439609 1.142292 3091495 -0.21140139 -0.8506254 -0.48139995 0.022697123
0.62700021 0.68308413 1.1429387 3222823 -0.15411903 -0.87008637 -0.46818486 0.027629964
0.63168812 0.68271291 1.1422859 3420202 -0.057249032 -0.83996856 -0.53960669 0.033708423
0.63671446 0.68251467 1.1421409 3551531 0.021420654 -0.80541784 -0.59232026 0.032664392
0.64231181 0.6840052 1.1409677 3683372 -0.12043589 0.71898085 0.68451566 0.039318919
0.64753836 0.6831156 1.1432474 3617579 0.1764162 -0.78857791 -0.58908588 0.039246473
0.65334791 0.68389648 1.1445389 3551787 0.26296881 -0.78560275 -0.56006759 0.031173855
0.47253317 0.68932241 1.1422564 1842204 -0.55665666 -0.83074236 0.00074913405 0.0021475146
0.47780019 0.68618315 1.1428415 1842204 -0.46568763 -0.88494915 -5.1275252e-05 0.0017658946
0.52952439 0.68509603 1.14096 1842204 0.42868325 -0.90345389 -0.0013001041 0.0017054823
0.61241919 0.68849742 1.1410638 2762787 -0.45177689 -0.75225085 -0.47960013 0.036544554
0.61670268 0.68609017 1.1426843 2762788 -0.32524022 -0.86438215 -0.38348705 0.022354415
0.62089658 0.68533915 1.141084 3223080 -0.22417594 -0.83283412 -0.50609535 0.039592903
0.64802831 0.68525523 1.1411504 3748909 -0.19209419 0.66392183 0.72270852 0.027610458
0.65246904 0.68732059 1.1408591 3748908 -0.2403231 0.54975659 0.80000782 0.022925118
0.65816194 0.6874848 1.1429977 3683116 -0.32154146 0.63458472 0.70278966 0.021163534
0.66279328 0.68990755 1.1432543 3683372 -0.36733168 0.57570779 0.73049843 0.029671734
0.46763805 0.69298929 1.1427507 1776411 -0.6408084 -0.76769578 0.002781898 0.0018599196
0.60741645 0.69217885 1.1430054 2434081 -0.61216658 -0.67607641 -0.41008869 0.049675081
0.65771598 0.69160938 1.1405064 3748909 -0.27355692 0.39958224 0.87492895 0.015750313
0.66138494 0.69356745 1.1409315 3683372 -0.29837427 0.37445241 0.87792838 0.021916704
0.66655731 0.69193357 1.1438107 3683116 -0.40814212 0.54071146 0.73556173 0.025579752
0.67032802 0.69405133 1.1444962 3617579 -0.48885411 0.51323074 0.70541894 0.023230681
0.4624618 0.69789892 1.1423934 1842204 0.72841531 0.68513209 0.0022640775 0.0026741954
0.46513626 0.69516456 1.1407436 1776411 -0.68364847 -0.72981119 -0.00062463473 0.001829131
0.59969842 0.69980013 1.1440316 3354410 -0.62282693 -0.71771133 -0.31141132 0.042441301
0.60303837 0.6978963 1.1422154 3223080 -0.59206957 -0.68427688 -0.42569804 0.048707318
0.60621351 0.69725084 1.1395876 3091495 0.47928968 0.60372818 0.6370194 0.060378544
0.66451889 0.69840139 1.140589 3617580 -0.27241415 0.23148987 0.93391806 0.014463493
0.66763383 0.6969254 1.141768 3683372 -0.36466175 0.32683608 0.87189448 0.020210745
0.67313921 0.69869852 1.1438085 3223080 -0.50667799 0.38926542 0.76925278 0.021198075
0.45947552 0.70178038 1.1430038 1776411 0.77590984 0.63028181 0.026622824 0.0083003603
0.59418851 0.70441675 1.1439127 2565410 -0.67508441 -0.67918658 -0.28803921 0.033323456
0.59689426 0.70199901 1.1426203 2696738 -0.62686908 -0.71317255 -0.31371966 0.044839051
0.60256857 0.7003628 1.1390718 3025702 -0.47610992 -0.62236756 -0.62127125 0.080123797
0.60534769 0.70112157 1.1370249 3091238 0.33720919 0.50570667 0.79407227 0.079279557
0.66439682 0.70324528 1.1400629 3551787 -0.19828792 0.090064332 0.97599709 0.0076415488
0.66812128 0.70199734 1.1409292 3617580 -0.28865588 0.16854171 0.94248158 0.0083329342
0.67204946 0.70265222 1.1420351 3617323 -0.38999751 0.23896363 0.8892684 0.020914171
0.45492217 0.70841444 1.1401143 1710618 0.8378849 0.54020119 0.078304529 0.025326634
0.45630965 0.70696688 1.1428905 1776411 0.80954134 0.580446 0.087893195 0.038802147
0.59220451 0.70725149 1.1416577 2894117 0.716501 0.61772555 0.32410109 0.029138869
0.66436815 0.70832551 1.140179 3551787 -0.15350707 0.024302363 0.98784864 0.0015594559
0.66804641 0.70692831 1.1405901 3551787 -0.22112238 0.08119785 0.97185999 0.0080717057
0.67173386 0.70730424 1.1412902 3551787 -0.2868723 0.13724831 0.94808608 0.017874397
0.67557812 0.70791531 1.1424009 3617324 -0.3666186 0.21562746 0.90503901 0.017920339
0.68000758 0.70758134 1.1446314 3617580 -0.51760286 0.33913597 0.78554064 0.021932043
0.45325309 0.71245009 1.1436821 1776411 0.79686826 0.52594692 0.29728907 0.071450189
0.58918691 0.71265405 1.143937 1973533 0.74242437 0.51964474 0.42281833 0.050177831
0.66290957 0.71189284 1.1400676 3551787 -0.12896155 0.0022131971 0.99164712 0.00039678486
0.66805702 0.71200824 1.1405571 3551787 -0.17051858 0.034120381 0.9847635 0.0046898429
0.67169672 0.71231109 1.1411496 3551787 -0.21159229 0.071427092 0.9747445 0.0056014219
0.67812181 0.7120204 1.1424977 3551787 -0.36145669 0.19020756 0.91278154 0.017974017
0.68375796 0.71428812 1.144284 3551787 -0.47552297 0.25851688 0.84086084 0.017516775
0.45173496 0.7152611 1.1401938 1710618 0.87219733 0.44138688 0.21083036 0.052973397
0.58793592 0.71589088 1.1412213 2433825 0.78502995 0.40654057 0.46738932 0.043605778
0.66338682 0.71634138 1.1401454 3485994 -0.11876135 -0.0048146206 0.99291116 0.00028662328
0.66802907 0.71708161 1.1406902 3420202 -0.13019322 0.0043094624 0.99147928 0.00036325835
0.67172247 0.71737891 1.1410112 3551787 -0.16905414 0.032471012 0.98507172 0.0041122604
0.67727035 0.71786118 1.1417788 3551787 -0.24916109 0.076710671 0.96541917 0.0071004569
0.68333954 0.71725082 1.1436044 3551787 -0.41553405 0.16755667 0.89401132 0.0086319102
0.44349676 0.72320515 1.1453227 3683116 0.52121824 0.33968449 0.78290868 0.053837337
0.44878149 0.72170436 1.1426468 1776411 0.78550881 0.39691946 0.47479558 0.079389699
0.58446109 0.72327161 1.14241 1973790 0.68278813 0.33029658 0.65169358 0.056631546
0.66435945 0.72184753 1.1402544 3551787 -0.11478563 -0.0089706136 0.99334979 0.00027854048
0.66803682 0.72215581 1.140637 3551787 -0.11759212 -0.0011089406 0.99306136 0.00037271692
0.67171329 0.72245812 1.1410379 3551787 -0.13833882 0.011054293 0.99032325 0.00095262437
0.67722726 0.72291362 1.1417505 3551787 -0.20410661 0.035122052 0.97831839 0.0026924869
0.68295681 0.72195721 1.1430508 3551787 -0.3438969 0.088754833 0.93480349 0.0057383361
0.68733555 0.7246902 1.1446828 3485995 -0.4837622 0.10481893 0.86889994 0.0026830342
0.43953419 0.72817194 1.1446712 3025446 0.5034228 0.18204452 0.84464508 0.045291763
0.44325402 0.72744685 1.1444108 3683116 0.54039812 0.24125125 0.80608171 0.06919045
0.44665605 0.72659808 1.1421057 2039582 0.80254775 0.25767747 0.53807008 0.091106065
0.58391064 0.72729772 1.1409478 1973533 0.72033459 0.21967283 0.65792245 0.053647116
0.66288054 0.72711444 1.1402538 3551787 -0.11346326 -0.010786112 0.99348366 0.00029768041
0.66802365 0.72722656 1.1407281 3223080 -0.1132111 -0.0069093276 0.9935469 0.00023941316
0.67170286 0.72753549 1.1411077 3551787 -0.12272392 -0.0012929181 0.99243999 0.00028870723
0.67722124 0.72799492 1.1417601 3551787 -0.17702951 0.015049279 0.98409051 0.0012112713
0.6827904 0.72687411 1.1428423 3551787 -0.28516817 0.049523041 0.95719725 0.0030196309
0.68705362 0.72780377 1.144294 3485994 -0.44563967 0.073900402 0.89215696 0.0026926759
0.43931842 0.73292303 1.1441255 2959909 0.55352485 0.086780883 0.82829905 0.051815089
0.44304222 0.732032 1.1436602 3617323 0.57335699 0.10848925 0.81209105 0.073943168
0.44481936 0.73273134 1.14202 2368289 0.7290796 0.10104278 0.67692935 0.069109142
0.5720306 0.73318565 1.1449102 1776411 -0.22560646 0.11564724 0.96733004 0.040975958
0.57726538 0.73323619 1.1451901 1776411 0.20564778 0.13729332 0.96894765 0.050243117
0.58136249 0.73312348 1.1434256 2039583 0.64382297 0.12106439 0.7555365 0.064378485
0.66287214 0.73218632 1.1403242 3551787 -0.11343343 -0.00053835521 0.99354547 0.00029375049
0.66801983 0.73229992 1.140766 3223080 -0.10613836 -0.0057407971 0.99433482 0.00022293508
0.67170054 0.73261052 1.14112 3551787 -0.11339518 -0.0020203954 0.99354792 0.00024027942
0.67722249 0.73307502 1.1417489 3551787 -0.16372709 0.0060013006 0.98648739 0.00083023624
0.68272632 0.73188472 1.1427464 3551787 -0.24542914 0.021493491 0.96917623 0.0012294615
0.68690616 0.73271424 1.1439716 3485994 -0.39493459 0.03190406 0.91815507 0.0013435258
0.43778184 0.73711032 1.1451489 3222824 0.66190279 -0.014268499 0.7494539 0.050763696
0.4430556 0.73682564 1.1433789 3551531 0.59018606 0.0037523739 0.80725855 0.083102673
0.4450708 0.73789406 1.1416857 2368033 0.64039129 -0.022321511 0.76772439 0.038940772
0.57192296 0.73813486 1.1446159 2171169 -0.28802806 0.028258048 0.95720494 0.044841833
0.5772891 0.73811877 1.1451489 1776411 0.13847888 0.01175707 0.99029559 0.049095877
0.58090436 0.73826045 1.1432263 2039583 0.5300405 -0.014926843 0.84784096 0.058350503
0.66287833 0.73725712 1.1402744 3551787 -0.1165186 0.010257669 0.99313551 0.00034897192
0.66801929 0.73737526 1.1407689 3223080 -0.1114632 0.0034601169 0.99376255 0.00030515
0.67170119 0.73768616 1.1411128 3551787 -0.11300299 -0.00052768918 0.99359453 0.00024044412
0.67660713 0.73753792 1.1416763 3551787 -0.15250838 0.0013775425 0.98830122 0.00070923555
0.68272442 0.73695564 1.1427031 3551787 -0.23201326 0.0032831877 0.97270709 0.00098843093
0.68683702 0.73773068 1.1438775 3485738 -0.37610888 0.00074769091 0.92657518 0.00092766719
0.43949273 0.74134398 1.1443249 2894117 0.53908348 -0.10720241 0.83540207 0.048074044
0.44318268 0.74188393 1.1437219 3420201 0.58230883 -0.11750063 0.8044315 0.071845002
0.44472507 0.74155271 1.1423984 2368290 0.73228872 -0.11456472 0.67128843 0.079799131
0.57184893 0.74166369 1.1444066 2105376 -0.33875236 -0.030198414 0.94039083 0.041137017
0.57739973 0.7415629 1.1453667 1776411 0.096129037 -0.082415462 0.99195105 0.058324751
0.58124667 0.74180275 1.1434132 2039583 0.60561472 -0.08417508 0.79129344 0.066912949
0.66288781 0.74233025 1.1402031 3420458 -0.12135394 0.0052656094 0.99259531 0.00031077256
0.66801941 0.74244899 1.1407648 3223080 -0.11428635 0.0031492517 0.99344283 0.00031416694
0.6717006 0.74276167 1.1411153 3551787 -0.11662068 -0.001610819 0.99317521 0.00033242372
0.67782784 0.7421571 1.1418672 3551787 -0.16780779 -0.0050081015 0.985807 0.00046774995
0.68272662 0.74204654 1.1427534 3551531 -0.23261192 -0.0096619586 0.97252166 0.00073800678
0.6869235 0.74290532 1.1439905 3420201 -0.37394863 -0.024967147 0.92711329 0.00065144495
0.4395676 0.74500668 1.1446143 2696995 0.51428598 -0.14915907 0.84454811 0.05109721
0.44348392 0.7471875 1.1445564 3288616 0.5367049 -0.22761725 0.81248891 0.077228732
0.44496098 0.74540967 1.1428807 2105118 0.7244643 -0.18607387 0.66372281 0.076600753
0.57204974 0.74530971 1.1447705 2105376 -0.35064697 -0.079543486 0.93312353 0.042415228
0.57755852 0.74514967 1.1456455 1776411 0.079458885 -0.13262442 0.98797625 0.059593756
0.58286929 0.74744618 1.1429026 1907997 0.65884459 -0.21299249 0.72149706 0.074522376
0.66288584 0.74740452 1.1402261 3551787 -0.12305485 0.00013540541 0.99239987 0.00034326897
0.66802144 0.74752247 1.1407481 3354409 -0.11654751 0.00027163539 0.9931851 0.00033376933
0.67169994 0.74783731 1.1411186 3551787 -0.11882773 -0.0021044314 0.99291265 0.00036799232
0.67660499 0.74769562 1.1416883 3551787 -0.16408731 -0.011901366 0.98637402 0.0008026014
0.68277884 0.74718851 1.1428719 3551531 -0.24637465 -0.028841414 0.96874541 0.00077412062
0.68716377 0.74824882 1.1443524 3354409 -0.42023399 -0.067135014 0.90492886 0.00057848863
0.44335571 0.75112659 1.1450633 3288616 0.50840712 -0.31635144 0.80090195 0.071436033
0.4492799 0.75467604 1.1436328 1710618 0.74609369 -0.458119 0.48318851 0.10560806
0.66288364 0.75247777 1.1402364 3551787 -0.12019473 -0.0019195701 0.9927485 0.00034045125
0.6680212 0.75259548 1.1407539 3354409 -0.11466789 -0.0055008996 0.99338865 0.00035379489
0.67170173 0.75291288 1.1411023 3551787 -0.12924889 -0.0088571105 0.99157262 0.00063271006
0.67781419 0.75231653 1.1419551 3551531 -0.19081306 -0.022849865 0.98136044 0.00046400691
0.68292356 0.75242841 1.1430883 3420201 -0.27822638 -0.0485305 0.95928872 0.00078539189
0.58705443 0.75874734 1.1404294 2105118 0.77233124 -0.43023497 0.46733531 0.036569323
0.66288185 0.75754946 1.140257 3551787 -0.12144932 0.0029462003 0.99259329 0.00031073767
0.66801459 0.75766999 1.1408002 3354409 -0.12254657 -0.0023027603 0.99246007 0.00039612298
0.67169577 0.75798863 1.141148 3551787 -0.14214511 -0.0098517789 0.98979682 0.00068624789
0.67722672 0.75681001 1.1419477 3485994 -0.20133521 -0.031148782 0.97902703 0.00071573386
0.68334568 0.75795513 1.1436253 3288873 -0.33859685 -0.089361839 0.93667853 0.00064691558
0.66289556 0.76262116 1.1401656 3485994 -0.12791505 0.0073428834 0.99175793 0.00032656582
0.66803396 0.76274359 1.1406454 3551787 -0.13634102 -0.0099103721 0.99061239 0.0010343336
0.67169935 0.76306456 1.1411223 3551787 -0.17373227 -0.037098791 0.9840939 0.0012830545
0.67740875 0.76208889 1.1422216 3420201 -0.24654691 -0.074461669 0.96626604 0.00079406949
0.5918045 0.76836985 1.1408913 3420977 0.79123855 -0.35929275 0.49482352 0.033206385
0.66436803 0.7674917 1.1401745 3551787 -0.15198743 -0.019679476 0.98818648 0.0013314188
0.66803205 0.76781571 1.1406476 3551531 -0.17082943 -0.044444941 0.98429769 0.0014307729
0.67175549 0.76822162 1.141367 3420201 -0.21146707 -0.089555204 0.97327363 0.0015851851
0.67563266 0.76709425 1.1422296 3288616 -0.28641266 -0.12553902 0.94984615 0.0011369006
0.66435951 0.77255946 1.1402116 3551531 -0.18584105 -0.073706791 0.97981143 0.0015079704
0.66812593 0.77301764 1.1409857 3420202 -0.22714294 -0.12839566 0.96536034 0.0012983948
0.67246681 0.77409607 1.1423939 5262922 -0.30730695 -0.21962811 0.925919 0.0012343485
0.60664147 0.77651709 1.1382164 2828324 0.427241 -0.7651177 0.48172608 0.036276244
0.66269171 0.77767235 1.1404095 3288873 -0.22274749 -0.15333666 0.96274161 0.0011243686
0.6687876 0.77715021 1.1419432 3091238 -0.29839894 -0.23531179 0.92497915 0.0010865696
0.65756154 0.78265828 1.1401579 3091495 -0.23262925 -0.23187079 0.94452083 0.0012023916
0.66532189 0.78043514 1.1417298 5197129 -0.29745063 -0.26534784 0.91712248 0.0011809411
0.49925473 0.67980468 1.1492293 2039583 -0.093688354 -0.9956013 -0.00072923978 0.0021934409
0.50244147 0.67960733 1.1487049 2039583 -0.038665239 -0.99925178 -0.00095250172 0.0017644847
0.50760305 0.67962509 1.1488221 2039583 0.049406022 -0.99877858 -0.00059751049 0.002124903
0.48080951 0.68470168 1.1458169 1973790 -0.41540986 -0.90963346 0.0012888942 0.0020743841
0.48670092 0.68238473 1.1477636 1973790 -0.31217399 -0.95002425 0.0011411631 0.001809992
0.49092582 0.68118489 1.1456774 2039583 -0.23692997 -0.97152674 7.0904433e-05 0.0021187032
0.49605569 0.68019301 1.149681 2039583 -0.14814967 -0.98896492 -0.00012652797 0.0021032731
0.51307327 0.68013984 1.1496372 2039583 0.14333101 -0.98967481 0.00013124105 0.0027027021
0.51798928 0.68107027 1.145442 2039583 0.22893876 -0.97344077 -0.00035495067 0.0015945815
0.52236414 0.68228453 1.1475632 2039583 0.3051067 -0.95231819 -3.1854106e-05 0.0022853657
0.52820659 0.68451953 1.1455188 2039583 0.4067432 -0.91354096 0.0017037629 0.0019948236
0.61986786 0.68419778 1.1454448 2631202 -0.29981849 -0.90616584 -0.29828233 0.021929637
0.62333286 0.68259686 1.1487927 2696739 -0.27308482 -0.94331717 -0.18861969 0.0091036502
0.62755328 0.68197638 1.1470175 2762788 -0.17936112 -0.94472247 -0.27446133 0.00846704
0.63201439 0.68150806 1.1459048 2959910 -0.07851544 -0.93162763 -0.35483137 0.017458439
0.63804871 0.68070674 1.1475849 2959909 -0.0043870308 -0.9493075 -0.31431839 0.013013127
0.64222103 0.68066806 1.146847 3091495 0.06442333 -0.94412541 -0.32322881 0.015864262
0.64748281 0.68145543 1.1461583 3354409 0.1624454 -0.90056139 -0.4032377 0.025669172
0.65134776 0.68200034 1.1470222 3288873 0.21696006 -0.88217181 -0.41797283 0.025453409
0.65757823 0.68361855 1.1479213 3288616 0.3140901 -0.85504764 -0.41260269 0.021896748
0.47298524 0.68906385 1.1475128 1907997 -0.54914141 -0.83572847 0.0012925251 0.0020199176
0.47828239 0.68594092 1.1479269 1973790 -0.45876005 -0.88855845 0.001755408 0.0022490036
0.53537577 0.68834245 1.1462902 2039583 0.53123808 -0.84721977 0.0021879594 0.0015971669
0.60800683 0.68983102 1.1481133 3485994 -0.58536923 -0.79851449 -0.14041904 0.018440889
0.61153513 0.68728763 1.1473533 3025702 -0.51368922 -0.84202772 -0.1646592 0.02133153
0.61590153 0.68525785 1.1480064 2828068 -0.40299055 -0.90051866 -0.16329348 0.012247167
0.66306585 0.68680114 1.1465948 3485994 0.40234715 -0.75156242 -0.522753 0.023764584
0.66777408 0.68813366 1.1488363 3354409 0.48032305 -0.75210083 -0.45125836 0.022246882
0.46806684 0.69272506 1.1477915 1907997 -0.62854993 -0.77773631 -0.0071543315 0.0024153618
0.47025752 0.69096041 1.1450982 1907997 -0.59566522 -0.80323064 0.0018612902 0.0014522837
0.60376859 0.69459164 1.1475797 2894116 -0.66093373 -0.71632934 -0.22369359 0.042116828
0.60609257 0.69121236 1.1480874 2696995 -0.65311724 -0.73468655 -0.1835036 0.033269547
0.67197621 0.69223636 1.1471627 3485994 -0.56244755 0.61979324 0.54727429 0.027109118
0.46301243 0.6978333 1.1476291 1842204 -0.70003927 -0.71184456 -0.056765608 0.010263905
0.59999728 0.69872141 1.1471213 2368031 -0.6378628 -0.7244612 -0.26131782 0.042515628
0.67498022 0.69564658 1.1471077 3485994 -0.63023514 0.54951894 0.54848206 0.021501774
0.45776299 0.70430672 1.1470815 1842204 0.71165782 0.67058593 0.20942217 0.051303558
0.59461313 0.70368242 1.1497047 1907740 -0.63120949 -0.71252954 -0.30639225 0.042991642
0.68293977 0.70415419 1.1499387 3420202 -0.65854561 0.56487536 0.49722576 0.017466439
0.45435715 0.70945096 1.1472707 1842204 0.67589134 0.60709924 0.41785342 0.073671304
0.45502558 0.70728165 1.1495162 1907997 -0.58515573 -0.65946275 -0.4719128 0.068675242
0.6786142 0.70486158 1.145045 3091494 -0.54150587 0.38275591 0.74851143 0.021331584
0.68138844 0.70557469 1.1467818 3551787 -0.62145382 0.44160193 0.64713436 0.019231604
0.68618 0.70850015 1.1487303 4407354 -0.62429345 0.547324 0.55739945 0.020921832
0.43818718 0.71436596 1.1499332 3683372 0.52899551 0.38363576 0.75695926 0.023634648
0.44404185 0.71322936 1.1499302 3551530 0.35114193 0.47387722 0.80755168 0.041528419
0.44799232 0.71381706 1.1490395 2763047 0.46965095 0.5161885 0.71622443 0.062359065
0.45083675 0.71303046 1.1479942 2105376 0.63273197 0.55796176 0.53696269 0.073872745
0.56241059 0.71408439 1.1494226 2565927 -0.011405532 0.40379119 0.91478008 0.0039288253
0.56756902 0.71409535 1.1494089 2236962 0.0042186105 0.40158308 0.91581291 0.0033820057
0.57261115 0.71408087 1.1494365 1776411 0.0037773696 0.40476921 0.91441107 0.0030781741
0.57774001 0.71413195 1.1495411 1776411 0.093099356 0.43261856 0.8967573 0.02556096
0.58302724 0.71431637 1.1497983 2171169 0.31881076 0.50903493 0.79952681 0.067620426
0.58706915 0.7131986 1.1484001 2368548 0.5400247 0.56086951 0.62753379 0.079563282
0.59024549 0.70955098 1.1484467 2039326 0.62192774 0.6201219 0.47817859 0.064990759
0.68439269 0.71159351 1.1454372 3551531 -0.53408253 0.36168393 0.76416004 0.019239664
0.43511054 0.71804607 1.1505177 2959910 0.82685298 0.22202614 0.51673841 0.042429168
0.4375903 0.71846032 1.1483222 3683116 0.60068959 0.30018342 0.74098712 0.040381473
0.44256029 0.71798229 1.1476119 3420201 0.4195801 0.41411224 0.80775219 0.043639153
0.4479017 0.71773779 1.1462625 2368546 0.63418925 0.48902199 0.59888351 0.06542512
0.45010155 0.71544904 1.1463333 1973790 0.68487459 0.52180558 0.50859189 0.083937913
0.56354237 0.71679443 1.1483332 2500134 -0.0025642219 0.35328433 0.93551248 0.0021110091
0.56776834 0.71865219 1.1476603 2105376 0.0062525114 0.31937954 0.94760627 0.0018701517
0.57246727 0.71774185 1.148041 1776411 0.021285705 0.34600267 0.93799204 0.0059810332
0.57706702 0.7184757 1.1484065 1776411 0.14489494 0.38432136 0.91175795 0.050423745
0.58206296 0.71822977 1.1478835 2039583 0.40568325 0.44461673 0.7985844 0.061958678
0.5858916 0.71700627 1.1461786 2171169 0.64470059 0.48807627 0.58833897 0.082848214
0.68871588 0.71763277 1.1469383 3354409 -0.64261925 0.23556833 0.72907341 0.0052070478
0.43473694 0.72232479 1.1492842 2828580 0.85901046 0.1610596 0.48596382 0.051503289
0.4372128 0.72275871 1.1471421 3617324 0.6290769 0.22731742 0.74336332 0.045261372
0.44040245 0.72240901 1.1465409 3157031 0.49543586 0.30828598 0.81209797 0.048901636
0.44610932 0.72161853 1.1448354 2631461 0.63562185 0.4072144 0.6558668 0.059744198
0.56781739 0.72250354 1.1465207 2171169 0.0086793201 0.25325203 0.96736139 0.0020319351
0.57285321 0.72245252 1.1465036 1776411 0.059212998 0.2592594 0.96399087 0.013829452
0.57815963 0.72269261 1.1470588 1776411 0.24214169 0.33186582 0.9117195 0.057527281
0.58264673 0.72208691 1.1458139 2236962 0.54878867 0.37303993 0.74811244 0.073148705
0.58478564 0.7211535 1.144365 1973790 0.69047654 0.39805403 0.60398275 0.076305725
0.68769366 0.72167277 1.1452695 3485738 -0.54189742 0.15535611 0.82596105 0.0060379938
0.43440345 0.72830987 1.1481601 2696739 0.88105804 0.086916827 0.46495402 0.048027433
0.43787226 0.72654957 1.1459483 3354409 0.59550959 0.18593377 0.78153497 0.048720833
0.44560251 0.72463638 1.1438105 2434083 0.67842555 0.3153556 0.66354322 0.063841313
0.56901294 0.72696805 1.145501 2039583 0.006414237 0.18194301 0.98328817 0.002538027
0.57238501 0.72694242 1.1456823 1776411 0.029307734 0.19262351 0.98083496 0.023399545
0.57755226 0.7269789 1.1457871 1776411 0.2471278 0.23940024 0.93894374 0.055545434
0.58174646 0.72656876 1.1444209 2105376 0.54073071 0.2505424 0.80301857 0.084880114
0.43407992 0.73297811 1.1473534 2631202 0.87337184 0.054966662 0.48394248 0.049800918
0.43696916 0.73185408 1.1458408 3420202 0.68063819 0.078406751 0.72841203 0.051095571
0.43402585 0.7379663 1.1472961 2499617 0.89895582 0.00083440059 0.43803847 0.062213406
0.43411475 0.74313235 1.1475128 2565410 0.89529723 -0.060529862 0.44133779 0.065954976
0.43706882 0.74181169 1.1458921 3288616 0.68030411 -0.072528116 0.72933257 0.051943269
0.43433675 0.74677432 1.1480929 2499617 0.89512432 -0.10068942 0.43429726 0.058847122
0.43785611 0.74786705 1.1458476 2959909 0.59007418 -0.17032723 0.78917748 0.059020285
0.44563413 0.74969852 1.1437072 2171168 0.68023533 -0.29651573 0.67034197 0.070417382
0.57238746 0.74911678 1.145368 2500134 -0.21764477 -0.17114846 0.96090525 0.029605128
0.57790583 0.74882209 1.1463068 1710618 0.037300039 -0.20222375 0.97862875 0.062862895
0.5817107 0.74953312 1.1446663 1973790 0.46346232 -0.29130802 0.83686459 0.073523134
0.43472242 0.75264549 1.1493014 2368032 0.87491506 -0.15485619 0.45884985 0.051396135
0.43733922 0.75327891 1.1474267 3025702 0.61197251 -0.24519005 0.75191188 0.051753044
0.44025367 0.75278389 1.1463435 2696995 0.45324117 -0.29111338 0.84251142 0.054782555
0.4462308 0.75374764 1.1450634 2368290 0.6071431 -0.41053048 0.68032491 0.080900945
0.57286203 0.75323474 1.146229 2434341 -0.24878122 -0.13507783 0.95909429 0.023644168
0.57836413 0.75285006 1.1470584 1710618 -0.018641263 -0.26009506 0.96540308 0.073725194
0.58260477 0.75341713 1.1460587 2039583 0.41142571 -0.38522932 0.82603103 0.073479064
0.43770444 0.75772381 1.1486192 2959909 0.58241171 -0.31050515 0.75125438 0.041840307
0.44227317 0.75611889 1.1470073 2762531 0.38297719 -0.3754358 0.84402394 0.042806882
0.44721019 0.75795943 1.1467736 2302497 0.44345227 -0.49095541 0.74987525 0.049060784
0.57704008 0.75742567 1.1480254 1710618 -0.28733903 -0.18032789 0.94070089 0.069363378
0.58236122 0.75727707 1.1482432 1907997 0.1430425 -0.38688108 0.91096753 0.080861479
0.58560872 0.75771636 1.1464111 1973790 0.55316091 -0.48611203 0.67654133 0.063043587
0.44376948 0.76182318 1.1494625 2696739 0.24761303 -0.48134184 0.84083164 0.048298471
0.44826213 0.76234365 1.1494861 2368290 0.26076436 -0.62999135 0.7315141 0.051655859
0.45085624 0.76155239 1.1474133 1973790 0.58086276 -0.61938792 0.52816391 0.071671255
0.58320749 0.762097 1.1500384 1907997 -0.078075245 -0.30460924 0.9492721 0.088177443
0.58715391 0.76238346 1.1490694 1907997 0.43774915 -0.56273949 0.70121318 0.062226098
0.50324982 0.67957258 1.1544688 2039583 -0.024945082 -0.99968767 -0.0015196927 0.0016078039
0.50850153 0.67967206 1.1547278 2039583 0.065504447 -0.99785197 -0.0007475132 0.0018639038
0.48359668 0.68353778 1.152477 1973790 -0.36715344 -0.93015927 0.0014362546 0.0021433085
0.48730591 0.68221259 1.1532159 1973790 -0.30212846 -0.95326549 0.0018130577 0.0018620503
0.49158064 0.68104345 1.1511965 2039583 -0.22604355 -0.97411668 0.00097012171 0.0019786959
0.51702273 0.68085992 1.150844 2039583 0.21225964 -0.9772132 0.00042550926 0.0021476534
0.52133852 0.68196982 1.1528113 2039583 0.28766438 -0.95773113 0.00053764496 0.0024854264
0.52712017 0.68406135 1.1505271 2039583 0.38927761 -0.92111975 0.0011498934 0.0015069067
0.6179347 0.68409967 1.152199 3091495 -0.39197403 -0.91836959 -0.054347638 0.007089199
0.62252408 0.68234015 1.1534897 3420202 -0.31439891 -0.94709808 -0.064486697 0.0077807945
0.62699962 0.68120819 1.152454 2696995 -0.22455262 -0.9672187 -0.11859225 0.0073591033
0.63145185 0.68068731 1.1510538 2762531 -0.13252835 -0.97607541 -0.17237458 0.0069112312
0.63606477 0.68040472 1.1501079 2762532 -0.049258098 -0.97307533 -0.22516218 0.0083945096
0.6462664 0.68042356 1.1500777 2894117 0.12242862 -0.95510846 -0.26977599 0.011948949
0.65212882 0.68112916 1.1513603 2894117 0.22109395 -0.94522697 -0.24013202 0.0095586469
0.6586445 0.68274653 1.1539074 2894117 0.32441932 -0.92676097 -0.1893838 0.0053833248
0.47344598 0.68880755 1.1526513 1907997 -0.53812248 -0.84280962 -0.009806226 0.0022236207
0.47669798 0.6868577 1.1523155 1973790 -0.48382241 -0.87516522 -0.0013210779 0.0015491706
0.48006502 0.68507642 1.1522254 1973790 -0.42704961 -0.90422815 -0.00018768873 0.0024126847
0.53401554 0.68754667 1.1506689 2039583 0.50827157 -0.86119384 -0.0022756467 0.0015661524
0.60964811 0.6883477 1.1507919 2631203 -0.54982054 -0.83143127 -0.080121346 0.017617764
0.61378038 0.68601263 1.1521639 2828580 -0.46103087 -0.88666654 -0.035678532 0.0075435285
0.66455263 0.68532938 1.1524079 2959910 0.41725084 -0.86216676 -0.28735033 0.012674731
0.67205709 0.68912739 1.1533173 2959909 0.5650633 -0.77579206 -0.28080267 0.018808408
0.46769592 0.69327265 1.1523812 1907997 -0.60898858 -0.79060668 -0.063828059 0.0058584716
0.67434376 0.69154608 1.1515599 3157031 0.65665942 -0.6815992 -0.32283264 0.023358246
0.46336544 0.69754392 1.152627 1842204 -0.62894803 -0.75547332 -0.18353315 0.025833806
0.59910959 0.69809496 1.1517546 1973789 -0.6255548 -0.72519875 -0.28769416 0.043027654
0.60093927 0.69679606 1.1548791 1842204 -0.5830133 -0.78425169 -0.21223763 0.028614623
0.67886335 0.69640899 1.1538537 3485994 0.80687976 -0.58595175 -0.074870624 0.012276398
0.44686815 0.70419866 1.1547117 3683372 -0.24093977 -0.67059857 -0.70160216 0.028614877
0.45811135 0.70253664 1.1527644 1973790 -0.5310027 -0.74994111 -0.39449269 0.05498283
0.46045086 0.70009363 1.154367 1973790 -0.55090928 -0.77254504 -0.31571054 0.044538613
0.55289596 0.70324212 1.1541212 2236962 -0.38020524 0.67961729 0.62734705 0.01129414
0.59373415 0.7031765 1.1542478 2236962 -0.4947499 -0.73325789 -0.46642831 0.060130201
0.59652698 0.70069999 1.153421 1973790 -0.5493058 -0.75299698 -0.3622964 0.048214868
0.68231547 0.70291394 1.1507058 2828580 -0.67759913 0.58087403 0.45104858 0.015720094
0.43792003 0.70819718 1.1536956 3420202 0.54276615 0.52947623 0.65196615 0.034920324
0.442626 0.70751065 1.1526124 3288616 0.3047291 0.575481 0.7589215 0.027253455
0.44771957 0.70758635 1.1524425 3223081 0.28366217 0.61740065 0.73372489 0.040798936
0.45256233 0.70702648 1.1521914 2302755 -0.39541724 -0.65436989 -0.64455038 0.057682376
0.45574903 0.70501286 1.1516824 2039583 -0.54797965 -0.69898069 -0.4595044 0.070057757
0.55790365 0.70705384 1.152804 2368548 -0.14932945 0.56601769 0.81075561 0.0049285935
0.56234658 0.70767182 1.1528612 2434341 -0.049623623 0.52954656 0.84682816 0.0041227313
0.56747633 0.70763719 1.1528077 2105376 0.001046897 0.51673758 0.85614324 0.002074806
0.57258755 0.70762891 1.1527938 1776411 0.0013301417 0.51555753 0.85685396 0.0016492723
0.57772756 0.70774359 1.1529658 1776411 0.029741209 0.53155231 0.84650314 0.01021355
0.58295262 0.70793915 1.1532005 2236962 0.15126149 0.58364075 0.79779911 0.04434165
0.58728886 0.70808917 1.1525736 2368548 0.37341732 0.66571289 0.64605409 0.048640959
0.59142154 0.70637727 1.1520386 2171169 -0.50469542 -0.6857698 -0.52440667 0.061709534
0.43721381 0.71213251 1.1518303 3420201 0.61984831 0.38955718 0.68119991 0.028326115
0.44193047 0.71151668 1.1507876 3222824 0.32195425 0.48470709 0.81326777 0.024603447
0.44858024 0.71125257 1.1504046 2763047 0.38420761 0.54957402 0.74185777 0.052520204
0.45135686 0.71042204 1.1494673 2236962 0.55685806 0.59552544 0.5790152 0.077135436
0.5630157 0.71144581 1.1506718 2434341 -0.032221489 0.45623839 0.88927406 0.0026586442
0.56812388 0.71144015 1.1506646 2105376 0.0014635003 0.44918987 0.89343512 0.0026313239
0.5732404 0.71144861 1.1506821 1776411 0.0024941838 0.45034456 0.89285135 0.0022898943
0.57837725 0.71152896 1.1508204 1776411 0.068698935 0.48455471 0.87205917 0.024481012
0.58192414 0.71163291 1.1509731 1907997 0.20418234 0.53013617 0.82296127 0.052646656
0.58666992 0.71111327 1.1502564 2368548 0.47468597 0.60326022 0.64089805 0.073886111
0.43547106 0.71528447 1.1515007 3091494 0.79650503 0.27154711 0.54022396 0.040745076
0.43531546 0.75902218 1.1510788 2368288 0.81517392 -0.2634159 0.51585227 0.050393928
0.43714941 0.76316404 1.1516696 2565153 0.61993933 -0.39683151 0.67690468 0.0480855
0.43946475 0.76782906 1.1532845 2565410 0.36164463 -0.56312346 0.74303776 0.03931132
0.44244793 0.7674889 1.1521368 2368032 0.12703088 -0.58144087 0.80361044 0.03931132
0.49837318 0.67989355 1.1550727 2039583 -0.10967233 -0.99396724 -0.0010510928 0.0018452926
0.62804085 0.68045777 1.1599422 2368289 -0.23821132 -0.97117859 -0.0082157115 0.0067147408
0.63249016 0.67962849 1.158955 3354153 -0.14460817 -0.98848325 -0.044601757 0.0058613401
0.63887453 0.67962182 1.1551622 2762788 -0.015214485 -0.99391311 -0.10911102 0.0045006997
0.64226186 0.67968065 1.1550645 2762788 0.04219722 -0.98902255 -0.14161131 0.0047198455
0.48191687 0.68429536 1.1566561 1973790 -0.39238667 -0.91977412 -0.0069482625 0.0022092159
0.48792124 0.68205953 1.1587203 1973790 -0.29063323 -0.95683187 -0.0022654368 0.0021503787
0.49224049 0.68090326 1.1567553 2039583 -0.21674457 -0.97622836 0.00014769516 0.0016026899
0.49523696 0.68032169 1.1557353 2039583 -0.16372058 -0.98650652 -0.00065785926 0.0025050966
0.51213962 0.68002492 1.1552224 2039583 0.12778944 -0.99180114 -0.00057009386 0.0024429157
0.51609474 0.6806733 1.1563941 2039583 0.19661568 -0.98048061 -0.00027780799 0.0018654735
0.52028018 0.68168187 1.1580827 2039583 0.26949987 -0.96300042 -0.00018682766 0.001921178
0.52599084 0.68361169 1.155539 2039583 0.36905828 -0.92940623 -0.00019619266 0.0018934658
0.62292886 0.681988 1.15669 2696995 -0.32813287 -0.94452536 -0.014165907 0.0078607118
0.62740964 0.68067902 1.1560836 3551530 -0.24078104 -0.96926641 -0.050469201 0.0074088159
0.6324513 0.67986393 1.1561141 2959909 -0.13534527 -0.98786867 -0.076139331 0.0070313364
0.63560855 0.67965478 1.1555091 2762788 -0.069232874 -0.99299693 -0.095728412 0.0055853836
0.64773351 0.68021041 1.1556839 2828324 0.14502631 -0.97875869 -0.14490959 0.0031051636
0.65368181 0.68126702 1.1572067 2828324 0.23587802 -0.96320635 -0.12882197 0.0024572739
0.65815634 0.68229759 1.1590273 2828324 0.3097893 -0.94234115 -0.1265851 0.0036892591
0.66377467 0.68434131 1.1567825 2828324 0.3978799 -0.90455443 -0.15320872 0.0055423668
0.47272554 0.68933618 1.1592321 1973790 -0.49315241 -0.86491579 -0.093388304 0.0074197869
0.47722092 0.68666083 1.1576831 1973790 -0.46031085 -0.88719338 -0.031651478 0.0036822001
0.53192186 0.6864385 1.1573288 2039583 0.45935306 -0.88776869 -0.029351424 0.0028241044
0.6112954 0.68853116 1.1582149 2039582 -0.51544201 -0.85691595 0.0038106004 0.010102497
0.61668777 0.68527418 1.1587839 2170911 -0.43049076 -0.90254706 0.0093015442 0.005515106
0.67081141 0.68770611 1.156888 2828324 0.51922691 -0.83535415 -0.18051822 0.0096465116
0.46881738 0.69206589 1.1581722 1907997 -0.51834589 -0.84038669 -0.15832806 0.01438309
0.47117493 0.69049132 1.1553963 1907997 -0.54752105 -0.83413321 -0.066651747 0.0070602172
0.5423708 0.69395703 1.1581026 2105376 0.51055664 -0.80315733 -0.30703464 0.022856377
0.60454744 0.69359607 1.1550989 1907997 -0.60291326 -0.7923606 -0.093060821 0.022237025
0.60717422 0.69115698 1.1571115 1973789 -0.55812579 -0.82664609 -0.071776018 0.015736353
0.44768512 0.69927764 1.1596414 3288873 -0.29628998 -0.71070802 -0.63804889 0.044036876
0.45172945 0.69886732 1.1584435 2894631 -0.24788211 -0.70272291 -0.66688454 0.03748801
0.4567968 0.69873995 1.1583115 2302755 -0.30811751 -0.76009452 -0.57211876 0.038683787
0.46192938 0.69716144 1.1582071 2105376 -0.46626437 -0.80458546 -0.36774966 0.047606457
0.46505192 0.6949929 1.1575339 1973790 -0.51206708 -0.81160343 -0.28122449 0.027870361
0.54648858 0.69758546 1.1557595 2105376 0.58491677 -0.74460447 -0.32161552 0.012776147
0.55325985 0.69907606 1.1585727 2368548 0.21947904 -0.72430044 -0.65361899 0.011211256
0.55839807 0.69941372 1.1589376 2368548 -0.077528752 0.68270719 0.72656739 0.006864287
0.5618493 0.69941485 1.1589535 2368548 -0.024007918 0.66784531 0.74391282 0.0040111886
0.5670011 0.69934547 1.1588709 2105376 0.0022001492 0.65975517 0.75147736 0.0018778535
0.57216191 0.69931877 1.1588436 1776411 0.0035732244 0.65924078 0.75192344 0.0019040781
0.57731605 0.69929957 1.1588209 1776411 0.0018173476 0.65930009 0.75187773 0.0019899854
0.58245552 0.69933116 1.158848 2236962 0.008282424 0.66396111 0.7477212 0.0023742956
0.58765203 0.69944328 1.1589774 2368548 0.094931647 0.69692755 0.71083051 0.014226918
0.59279913 0.69937181 1.1588804 2368548 -0.24200125 -0.74884528 -0.61698145 0.039074719
0.59731901 0.6985141 1.157742 2236962 -0.45152006 -0.79389966 -0.40725049 0.053385839
0.60134149 0.69583029 1.1587963 2039583 -0.46276528 -0.82849455 -0.3153491 0.044391472
0.43871015 0.70457023 1.1579396 3288616 0.62222767 0.63384867 0.45942202 0.039557479
0.44253558 0.70337844 1.1566911 3420202 -0.37308067 -0.67864037 -0.63265955 0.045399047
0.44757685 0.70191866 1.1565616 3683116 0.25504848 0.68711197 0.68031418 0.033990741
0.45229098 0.70235914 1.1556643 2565925 -0.29955629 -0.69649899 -0.65203929 0.048790794
0.45761141 0.70088178 1.1560291 2236962 -0.42660731 -0.76970214 -0.47493663 0.045511775
0.54973876 0.70049185 1.1550932 2105376 0.47977316 -0.71435767 -0.50942206 0.012248539
0.55413634 0.70132041 1.1566396 2368548 -0.24700774 0.68921489 0.68115342 0.011624408
0.5570876 0.70270097 1.1559625 2434341 -0.14530586 0.64374357 0.75131911 0.0085531706
0.5622406 0.70282364 1.1561296 2434341 -0.033879165 0.61231828 0.7898851 0.0041955519
0.56740934 0.70279652 1.156101 2236962 -0.0013068811 0.60225207 0.79830492 0.0019936361
0.57249391 0.70276606 1.1560405 1776411 0.0018541772 0.59896296 0.80077457 0.0015556379
0.57763571 0.70276755 1.1560422 1776411 0.0019043803 0.59909308 0.80067712 0.0021541847
0.58279568 0.7028656 1.1561747 2105376 0.04168937 0.61573863 0.78684682 0.0072997971
0.58796173 0.70286959 1.1561671 2434341 0.18284644 0.67036927 0.71914685 0.02869821
0.59248459 0.70212656 1.1560469 2368548 -0.39120728 -0.73420095 -0.55489266 0.068722278
0.43488666 0.7078684 1.1583703 2170910 0.83025837 0.48542026 0.273931 0.047288012
0.43337521 0.71293342 1.1558936 1973532 0.92560172 0.22522222 0.30419803 0.046823833
0.43324769 0.71766192 1.1551619 1841947 0.98830372 0.092465781 0.1212678 0.028468065
0.43309948 0.72279298 1.1550691 1710618 0.99824238 0.02551371 -0.053490374 0.033854265
0.43311688 0.72795612 1.1551253 1644825 0.94363546 0.004466305 -0.33095637 0.02044867
0.43315125 0.73310739 1.1551684 1644825 0.90040135 0.006791851 -0.43500721 0.023845892
0.43321687 0.73826963 1.155198 1644825 0.90030736 0.00736165 -0.43519247 0.029153422
0.43315923 0.74169749 1.1551834 1644825 0.90038639 -0.0080801137 -0.43501613 0.023656879
0.43311918 0.74684632 1.155149 1644825 0.93531424 -0.011428184 -0.35363346 0.024679787
0.43311846 0.75200546 1.1551081 1644825 0.99578929 -0.033379361 -0.085378654 0.031961519
0.43327159 0.75716501 1.1551981 1644825 0.99165916 -0.094925888 0.087184772 0.029491479
0.43378887 0.76290107 1.156325 1710617 0.94212592 -0.20415755 0.26592934 0.030778075
0.43698612 0.76932567 1.1557475 2302239 0.51897895 -0.51758766 0.68026751 0.049201492
0.49748954 0.67997527 1.1609943 2039583 -0.12576996 -0.99205816 -0.0015808084 0.0020354819
0.5023759 0.67956901 1.16036 2039583 -0.039782815 -0.99920678 -0.0017570035 0.0024289829
0.50754786 0.67960197 1.1603818 2039583 0.049321156 -0.99878162 -0.0016493136 0.001918067
0.51121747 0.67990506 1.1609013 2039583 0.11274966 -0.99362254 -0.0013382655 0.002413868
0.63808572 0.6790204 1.1620028 2959909 -0.071753159 -0.99689603 -0.032400019 0.0055098841
0.64260656 0.67902726 1.16195 3288616 0.0026420895 -0.99758607 -0.069390364 0.0062770708
0.64644468 0.67917752 1.1626383 3222824 0.088960148 -0.99195778 -0.090032659 0.0070962291
0.48246953 0.68410206 1.1620806 1973790 -0.36748558 -0.92959523 -0.028408447 0.0028154233
0.48853725 0.68190533 1.1642535 1973790 -0.27187571 -0.96222931 -0.014085449 0.0024629459
0.49291202 0.68076682 1.1623874 2039583 -0.20397602 -0.97896999 -0.0033880007 0.0019952999
0.51715499 0.68091685 1.1626369 2039583 0.21426737 -0.97676915 -0.0033954235 0.0019882102
0.5247739 0.68318194 1.1604897 2039583 0.33859298 -0.94086623 -0.011203998 0.0021776939
0.61894673 0.68439877 1.1628957 1973790 -0.39582705 -0.91832161 -0.0025185377 0.0077332635
0.62132496 0.68305886 1.1610794 2170911 -0.36471429 -0.93098998 0.015529003 0.0063448828
0.62642288 0.68131274 1.1641617 2105119 -0.27906215 -0.95994866 0.024957631 0.0060926606
0.64928538 0.67974842 1.1613636 2828324 0.15524955 -0.98030794 -0.12204088 0.006017583
0.65330982 0.68047363 1.1624161 2828324 0.22017671 -0.96714789 -0.12707165 0.0061992686
0.65774298 0.68170142 1.1642162 2828324 0.32220301 -0.9327535 -0.16172846 0.0046681706
0.66321188 0.68388146 1.1618149 2828324 0.39970794 -0.90902245 -0.11794791 0.0034247048
0.47427604 0.68811744 1.1632184 1973790 -0.42460924 -0.89523566 -0.13512981 0.0094960434
0.47682783 0.68686146 1.1608955 1973790 -0.44398764 -0.89388436 -0.062013958 0.0055753477
0.52997267 0.68538421 1.1643173 2039583 0.38711736 -0.91907328 -0.073786929 0.0038888685
0.53703725 0.68900859 1.1646445 2105376 0.40730104 -0.88770342 -0.2146824 0.01416264
0.60973775 0.68918562 1.1649772 2105376 -0.39846388 -0.89961523 -0.17865875 0.021688661
0.6132918 0.68734294 1.1619513 1973790 -0.45829615 -0.88746959 -0.048604257 0.010337041
0.61659318 0.68570989 1.1648171 1973790 -0.40499151 -0.91342103 -0.040544365 0.0085820183
0.66999739 0.68723142 1.1616408 2762788 0.51970136 -0.85017622 -0.084326349 0.0021178632
0.4484123 0.69552565 1.1631448 3288616 -0.29261705 -0.70001292 -0.65142703 0.04633455
0.45052838 0.6928212 1.1644396 3420202 -0.16333377 -0.72223496 -0.67208534 0.022815606
0.45690206 0.6945703 1.1627619 2368548 -0.15379095 -0.77315307 -0.61529076 0.020413997
0.46283755 0.69394642 1.163324 2236962 -0.26862103 -0.83898693 -0.4732269 0.034304418
0.46687058 0.69250578 1.1620325 2039583 -0.39659771 -0.86138207 -0.31738174 0.032272123
0.47020546 0.69063127 1.161792 2039583 -0.43856454 -0.87582392 -0.20147856 0.012872311
0.53914982 0.69096082 1.1619288 2105376 0.45945889 -0.85682994 -0.23396583 0.017774528
0.54388225 0.69220138 1.1643593 2236962 0.32670248 -0.85772955 -0.39694521 0.0082954308
0.54638648 0.69428062 1.1621586 2302755 0.32905191 -0.82617664 -0.45733684 0.010823463
0.55181885 0.69494957 1.1630365 2368548 0.14974374 -0.78847378 -0.59656173 0.010375103
0.55699503 0.69515872 1.1632344 2368548 0.042062003 -0.75227755 -0.65750229 0.0056911018
0.56047803 0.6950857 1.1631956 2368548 0.01558395 -0.74228877 -0.66989887 0.0024964695
0.57251507 0.69497174 1.1630591 1776411 -0.003719457 -0.73435414 -0.6787563 0.0017485813
0.57768673 0.69495851 1.163046 1776411 -0.00090546854 -0.73458838 -0.67851245 0.0016507708
0.58286673 0.69498563 1.1630762 2105376 -0.0005031334 -0.735798 -0.67720091 0.0017240449
0.58806896 0.69513154 1.1632205 2368548 -0.025979323 -0.74644858 -0.66493583 0.0040604286
0.59326494 0.69517118 1.1632293 2368548 -0.12383898 -0.78708881 -0.60428065 0.014823143
0.59826618 0.6947456 1.162805 2368548 -0.2512525 -0.8226729 -0.50998181 0.016983328
0.60265714 0.69339752 1.1624498 2171169 -0.38810736 -0.85303885 -0.34885147 0.036271505
0.60677612 0.69121718 1.1626602 2039583 -0.43430009 -0.87367254 -0.21927087 0.02609081
0.44311494 0.69830364 1.1636796 2302496 -0.52428782 -0.65002465 -0.55008203 0.05599213
0.44617593 0.69793743 1.1616266 3025702 -0.34292194 -0.70144582 -0.62480259 0.046568319
0.45307481 0.69575042 1.1617851 3025960 -0.1624825 -0.73097229 -0.66278118 0.022821989
0.45775181 0.69681805 1.1606271 2302755 -0.23213406 -0.77828771 -0.58342266 0.034670517
0.54890752 0.6964739 1.1601144 2302755 0.31936604 -0.78896683 -0.52491587 0.011007925
0.55255467 0.69698197 1.1607816 2368548 0.18252148 -0.75790167 -0.62631536 0.011760409
0.55771375 0.69721627 1.161021 2368548 0.061718453 -0.71738225 -0.69394058 0.0076282029
0.5634228 0.6960516 1.1620313 2368548 0.00372938 -0.7171753 -0.69688284 0.0024821179
0.56782597 0.69638604 1.1616353 2105376 -0.0032874986 -0.71014786 -0.70404488 0.0025930183
0.57316709 0.69710118 1.1608745 1776411 0.0034011749 0.69733882 0.71673357 0.0022134297
0.57660878 0.69708771 1.1608598 1776411 0.0022230169 0.69738686 0.71669143 0.0030940515
0.58178294 0.69709533 1.1608752 1973790 0.00055757217 0.69883412 0.71528351 0.0024876548
0.58695853 0.697182 1.1609685 2368548 -0.036295105 -0.71198696 -0.70125407 0.0054026819
0.59213322 0.69723099 1.1609902 2368548 -0.15185551 -0.74999857 -0.64377177 0.019378832
0.5970962 0.69683802 1.1605543 2302755 -0.32344571 -0.8097629 -0.48955792 0.046331603
0.43730599 0.705158 1.1612332 2236702 0.79708737 0.53977698 0.27072597 0.053571522
0.44188061 0.70053029 1.1622517 2499617 -0.59691077 -0.62528157 -0.50271314 0.079437703
0.49987152 0.67971635 1.1665667 2039583 -0.084068932 -0.99645942 -0.0009940071 0.0025829906
0.50314164 0.679533 1.1661171 2039583 -0.026754543 -0.9996419 -0.00053441612 0.0022069067
0.50661379 0.67954832 1.1661531 2039583 0.033489697 -0.99943846 -0.001096481 0.0020563924
0.51030523 0.67980117 1.16668 2039583 0.096809551 -0.99530071 -0.0021059422 0.0021594604
0.63494927 0.67962164 1.1669699 2236704 -0.14397711 -0.98912573 0.030014586 0.0050025457
0.64640856 0.67858034 1.1688714 2631203 0.04166491 -0.99911529 -0.0057197218 0.0073392582
0.65102458 0.67902029 1.1678494 3025702 0.15745725 -0.98626792 -0.049827904 0.0088164378
0.48159644 0.68427038 1.1684046 1973790 -0.32961628 -0.94015324 -0.086400427 0.0049105883
0.48573133 0.68283218 1.1657748 1973790 -0.30785912 -0.95080376 -0.034569029 0.0030106194
0.49208131 0.68097496 1.1685785 1973790 -0.20497218 -0.97860485 -0.017858649 0.0017213358
0.49662879 0.68010104 1.1670485 2039583 -0.13789843 -0.99044091 -0.0032849517 0.0019016134
0.51412261 0.68031549 1.1675012 2039583 0.15889733 -0.98728532 -0.0044008424 0.0020551325
0.51816928 0.68117523 1.1688585 2039583 0.21654238 -0.97603792 -0.021431765 0.0017087621
0.52372122 0.68281925 1.1657866 2039583 0.30577281 -0.95162767 -0.030128324 0.0028275508
0.52868193 0.68451703 1.1689634 2039583 0.32877135 -0.93833315 -0.10695916 0.0060003274
0.61874819 0.68461263 1.1689348 1973790 -0.33698645 -0.93867493 -0.073003285 0.0091522336
0.62251002 0.68297732 1.1663079 1973790 -0.32934323 -0.94418776 -0.0065171816 0.0070785033
0.62908036 0.68101984 1.1688471 2039583 -0.22300956 -0.97460246 0.020414308 0.0065014185
0.63197076 0.68032449 1.1678158 2039583 -0.19345987 -0.98069191 0.028578172 0.0054604341
0.65649813 0.68027836 1.1680635 3551531 0.25715706 -0.96356744 -0.073539712 0.0095418869
0.66273654 0.68320268 1.1668701 2828324 0.41476485 -0.8937363 -0.17089634 0.0047172955
0.4518429 0.68961149 1.1678936 3354409 -0.092578895 -0.78753203 -0.60928029 0.015846508
0.45583844 0.68868774 1.1693209 3025704 -0.024142198 -0.82059336 -0.57100236 0.0094267139
0.46998495 0.68851972 1.1696576 2171169 -0.23546372 -0.91740674 -0.32081413 0.019555435
0.47228748 0.68850422 1.1668197 2039583 -0.34062946 -0.91040444 -0.23480916 0.015402054
0.47716877 0.68636149 1.1660374 1973790 -0.38167846 -0.91636968 -0.12078153 0.0077483212
0.53720182 0.68799692 1.1687711 2171169 0.30843714 -0.91077965 -0.27449405 0.013861979
0.60853785 0.68824339 1.1693196 2236962 -0.27711156 -0.91022223 -0.30774125 0.014479857
0.61278367 0.68720192 1.1674948 2039583 -0.36294302 -0.91500199 -0.17619237 0.011231174
0.66924196 0.68666852 1.1664053 2762788 0.55513138 -0.82641566 -0.094161376 0.0031996486
0.44004434 0.69609433 1.1692983 2894117 0.69939625 0.50845236 0.5023157 0.047119714
0.44317511 0.69376701 1.1678078 3485994 -0.52476496 -0.62444168 -0.57852775 0.038766108
0.44689733 0.69129121 1.1668844 3288616 -0.32280761 -0.70166993 -0.63518071 0.041232567
0.45463696 0.69141495 1.1658559 2960168 -0.08316502 -0.77440763 -0.62719727 0.015546248
0.45838514 0.69150287 1.1664108 2368548 -0.058494389 -0.80300051 -0.59310085 0.014780636
0.46181193 0.69162947 1.1664859 2302755 -0.12473202 -0.837973 -0.53126562 0.027022382
0.46722689 0.69044894 1.1671125 2236962 -0.2405165 -0.89058864 -0.38600996 0.027302444
0.54161704 0.69022983 1.1668955 2236962 0.28412974 -0.88469255 -0.36957994 0.013444982
0.54741132 0.69150734 1.1670313 2302755 0.16487955 -0.85121459 -0.49824542 0.0079616308
0.55273801 0.69247711 1.1664072 2368548 0.078366682 -0.81016481 -0.58094031 0.0091793053
0.55779529 0.69165128 1.1671475 2368548 0.016470544 -0.79749721 -0.60309774 0.0027413417
0.56220633 0.69195402 1.1667048 2368548 0.00022040568 -0.78927863 -0.61403519 0.001646379
0.56738406 0.69194686 1.1666862 2105376 -0.003288771 -0.78835672 -0.61520964 0.0015607866
0.57256293 0.69192094 1.1666542 1776411 -0.0037739137 -0.78769362 -0.61605561 0.0014836963
0.57696867 0.69223845 1.1662279 1776411 -0.00095519616 -0.7814393 -0.62398052 0.0018650205
0.58200479 0.69159263 1.167082 1973790 0.001732302 -0.79260844 -0.60972852 0.0018149613
0.58736062 0.69230032 1.1662946 2368548 -0.0064015277 -0.78448868 -0.62011015 0.0021593566
0.59240425 0.69172305 1.1671855 2368548 -0.037456013 -0.80618834 -0.59047222 0.003385342
0.59775525 0.69244802 1.1663415 2368548 -0.13914301 -0.83869344 -0.52652872 0.012806189
0.60245132 0.69073975 1.167586 2236962 -0.21920714 -0.87430084 -0.43306619 0.014178994
0.60696125 0.68988168 1.1663116 2171169 -0.32994041 -0.89392918 -0.30336434 0.014295759
0.43895316 0.69866222 1.1688843 2696995 0.78201008 0.44809687 0.43320829 0.058886699
0.44240317 0.69655937 1.1660975 2499617 -0.58963192 -0.59600675 -0.54507816 0.053989306
0.43767193 0.70311606 1.1684238 3420202 0.88495088 0.3749609 0.27616358 0.083771817
0.4390265 0.70145667 1.1666709 3025701 0.8163963 0.47197264 0.33277458 0.083598696
0.4360612 0.70791262 1.1696223 1842203 0.65000403 0.15332936 0.74430162 0.1028766
0.43508971 0.7126084 1.1694746 1644825 0.29364786 0.07315892 0.95311004 0.10640395
0.49900866 0.67984474 1.1726575 2039583 -0.09119378 -0.99580199 -0.0078791268 0.0017634734
0.50228733 0.67958385 1.1721933 2039583 -0.039631683 -0.99921203 -0.0021675893 0.0020075934
0.50754493 0.67961705 1.1722955 2039583 0.0470948 -0.9988867 -0.0027245032 0.0021468895
0.63797128 0.679672 1.1724187 2039583 -0.10527343 -0.99362206 0.040407266 0.0033556111
0.64303917 0.67893648 1.1721748 2105119 -0.025861735 -0.99919707 0.030601049 0.0055777095
0.65419543 0.67941517 1.1706283 2565410 0.19118178 -0.98121673 -0.025752721 0.0086685671
0.65861207 0.68042892 1.1724427 2631203 0.29758999 -0.95418274 -0.031233374 0.0095213819
0.45455647 0.68514931 1.174879 3091495 -0.057271671 -0.89248765 -0.44742125 0.01017284
0.45804492 0.68515474 1.1749637 2894375 -0.013294753 -0.88675058 -0.46205702 0.0099694068
0.47890371 0.68435752 1.1745498 2105376 -0.23886681 -0.95264179 -0.18819207 0.0061831982
0.48334908 0.6832571 1.172676 2039583 -0.26724529 -0.95752358 -0.10829832 0.004196269
0.4877058 0.68206602 1.1705934 2039583 -0.25556561 -0.96551889 -0.049592767 0.0024735157
0.49274382 0.68076563 1.1743153 2039583 -0.17300391 -0.98435271 -0.033457059 0.0022512351
0.49580365 0.68024874 1.1732876 2039583 -0.13749869 -0.99038464 -0.015243126 0.0017651635
0.51311493 0.68016034 1.1731271 2039583 0.13210756 -0.99113536 -0.014083385 0.0023062276
0.51720876 0.68087339 1.1744945 2039583 0.18048242 -0.98276609 -0.039961241 0.0023830333
0.52265322 0.68239313 1.1710936 2039583 0.26192448 -0.96338576 -0.05730122 0.0024562762
0.52707893 0.68352878 1.1731582 2105376 0.26395422 -0.95615089 -0.12690035 0.0051225428
0.53131616 0.68447858 1.1748128 2171169 0.22823739 -0.95110255 -0.20811456 0.0066716443
0.61795914 0.68406874 1.1740433 2105376 -0.25242841 -0.95356357 -0.1643059 0.007266534
0.6222381 0.68308055 1.1722444 1973790 -0.27062196 -0.95991117 -0.073036559 0.0061806617
0.62761909 0.68158072 1.1725165 1973790 -0.23307972 -0.97241515 -0.0090901703 0.0057875235
0.63333315 0.68045223 1.1734277 2039583 -0.15888262 -0.98707336 0.021035496 0.0037559473
0.66110516 0.68155056 1.1700912 3485738 0.35473582 -0.93280858 -0.063487299 0.0083286921
0.66561282 0.68337607 1.1723346 3485994 0.48524365 -0.87399733 -0.025831308 0.010313109
0.44340068 0.68858123 1.1726886 3354409 -0.45624804 -0.77795064 -0.43200758 0.02338019
0.44746086 0.68795902 1.1713966 3354409 -0.26376799 -0.81976992 -0.50833428 0.016791433
0.45199072 0.68652517 1.172436 3091494 -0.095382445 -0.86567533 -0.49143508 0.013724337
0.45843127 0.68760264 1.171136 2631461 -0.0076613929 -0.84537208 -0.534123 0.011221376
0.46300837 0.68755424 1.1723634 2302755 -0.015384943 -0.87743151 -0.47945511 0.012801973
0.46743554 0.68814105 1.17197 2302755 -0.11182352 -0.9056232 -0.40907469 0.019749643
0.47284803 0.68670905 1.1724502 2171169 -0.22886945 -0.92991155 -0.28789452 0.013070329
0.4773449 0.6856513 1.1706877 2105376 -0.30050144 -0.93753052 -0.17531517 0.0072457478
0.53309643 0.68593341 1.1711698 2171169 0.28941122 -0.93412626 -0.20892422 0.01018052
0.5372864 0.68671328 1.1726494 2236962 0.22007227 -0.92375302 -0.31344625 0.0082812728
0.54300171 0.68767977 1.1724176 2236962 0.13373518 -0.89691758 -0.42148998 0.0060741529
0.54739249 0.68829364 1.1721164 2302755 0.074658558 -0.87304002 -0.48189956 0.0066673863
0.55181772 0.68857116 1.1716487 2302755 0.029505294 -0.85461837 -0.51841766 0.0035526254
0.55690926 0.68791807 1.17257 2302755 0.0033988089 -0.85770118 -0.51413733 0.0019044509
0.56226754 0.68851084 1.1716386 2302755 -0.0016648892 -0.84726423 -0.53116906 0.0019607476
0.56737065 0.68789458 1.1725935 2105376 -0.005615327 -0.85683411 -0.51556164 0.0021267808
0.57265657 0.68846339 1.1715648 1776411 -0.0056001469 -0.84638023 -0.53254968 0.0023592184
0.57776582 0.68785471 1.1725218 1776411 -0.0015796369 -0.85614473 -0.51673377 0.0021036041
0.58308786 0.68845642 1.1715715 2105376 0.0017768519 -0.84578639 -0.53351867 0.0023401994
0.58820999 0.68786907 1.1725471 2302755 0.0005552909 -0.8560251 -0.51693398 0.0021662214
0.59260303 0.68821734 1.1720954 2302755 -0.013852954 -0.85486841 -0.51865983 0.0024537842
0.59699333 0.68856549 1.1716354 2302755 -0.053097837 -0.8602553 -0.50709116 0.0053921822
0.60208595 0.68781352 1.1724824 2302755 -0.10305681 -0.88648975 -0.45112664 0.0061043371
0.60628086 0.68787932 1.1716397 2236962 -0.19334023 -0.90956259 -0.36785254 0.011921101
0.61170125 0.68643612 1.1720381 2171169 -0.24774487 -0.93149459 -0.26634631 0.013419921
0.61601257 0.68539226 1.1703467 2105376 -0.30852446 -0.93835557 -0.15588923 0.0067968373
0.66859561 0.68584889 1.171178 3091495 0.65339893 -0.75347394 0.073121965 0.0075468719
0.43872952 0.69238442 1.172128 2631202 0.7725789 0.48642966 0.40805396 0.04245973
0.43726838 0.69860166 1.1716373 2039325 0.90853554 0.2881704 0.30252436 0.054368708
0.43747208 0.7036711 1.1711229 2302495 0.97747684 0.21098189 0.0050646178 0.071370289
0.49813303 0.67991829 1.1788148 2039583 -0.089575984 -0.99578053 -0.01993127 0.001609634
0.50312048 0.67958283 1.1782172 2039583 -0.023029549 -0.9997018 -0.0081197936 0.0016061893
0.50844252 0.67967832 1.1784062 2039583 0.050668076 -0.99864686 -0.011714944 0.0016570246
0.51217169 0.67998689 1.1789466 2039583 0.098081857 -0.9948532 -0.025437411 0.0015447084
0.63779157 0.67980164 1.1784956 2039583 -0.080380067 -0.99671286 0.010126515 0.0033291343
0.64285553 0.67952436 1.17818 2039583 -0.021076636 -0.99880952 0.043993004 0.0037342599
0.64836937 0.67966413 1.1786635 2039583 0.071518257 -0.99527359 0.065693751 0.0050154645
0.4575876 0.68351263 1.1781436 3025702 -0.016722549 -0.91636598 -0.39999217 0.01066544
0.47234735 0.68414307 1.179915 2171169 -0.065597117 -0.94899756 -0.30838394 0.0099197337
0.4765695 0.68429816 1.1773612 2171169 -0.1758381 -0.9537189 -0.24392872 0.0078408774
0.48206109 0.6829285 1.1779804 2105376 -0.19351469 -0.96775937 -0.16122609 0.0037074066
0.48819181 0.68169236 1.1759443 2039583 -0.20634785 -0.97549152 -0.07639952 0.0027065
0.49491474 0.68028855 1.179478 2039583 -0.11817309 -0.99219978 -0.039682884 0.0019909886
0.51610249 0.68050408 1.1799248 2039583 0.13430272 -0.98961711 -0.051193405 0.002176082
0.52138865 0.68172878 1.1760402 2105376 0.20527171 -0.97524774 -0.082191221 0.0028908774
0.52748257 0.68294334 1.1780087 2105376 0.20316997 -0.96598357 -0.15999267 0.0046880026
0.5333814 0.68372005 1.1794351 2236962 0.1362329 -0.95601982 -0.25974345 0.0050599142
0.53710979 0.6839835 1.1799278 2236962 0.097523175 -0.94803357 -0.30285567 0.0042322725
0.54235262 0.68415201 1.1799955 2236962 0.044120323 -0.93520683 -0.35134247 0.0024251984
0.54761684 0.68413097 1.1800108 2302755 0.0138201 -0.92391884 -0.38233888 0.0023902121
0.56859732 0.68412107 1.17998 1907997 -0.0056912662 -0.92128217 -0.38885307 0.0012853445
0.57208633 0.68408972 1.1799532 1776411 -0.0055670724 -0.9210968 -0.38929382 0.0016479298
0.57733524 0.68405765 1.1799413 1776411 -0.0026211226 -0.92126679 -0.38892236 0.0015788092
0.58257729 0.6840722 1.1799374 2105376 0.00057965802 -0.92126328 -0.38893917 0.0023249011
0.58783567 0.68407577 1.1799535 2236962 0.00035488085 -0.92096013 -0.38965669 0.0014324442
0.59309578 0.68407691 1.1799719 2236962 -0.00084085774 -0.92107677 -0.3893801 0.0022163021
0.59659553 0.6840862 1.1799766 2236962 -0.0044404301 -0.92222762 -0.38662195 0.0013688511
0.60184067 0.68411547 1.1799808 2236962 -0.026888197 -0.92809397 -0.37137389 0.0024156531
0.6070773 0.68405527 1.1799412 2236962 -0.068395466 -0.93942827 -0.33585197 0.0042234519
0.61213851 0.68380737 1.1795781 2171169 -0.11809286 -0.95206827 -0.2821703 0.0045847525
0.61597413 0.6840421 1.1768808 2105376 -0.19552088 -0.9561221 -0.21817912 0.006898745
0.62152594 0.68265921 1.1774763 2105376 -0.19973807 -0.96986192 -0.13954416 0.0042077256
0.62597442 0.6817705 1.1760021 2039583 -0.20488399 -0.97549093 -0.080249786 0.0028619086
0.63303173 0.68023598 1.1794081 2039583 -0.11997271 -0.99211997 -0.036118094 0.0017681256
0.65239745 0.68015659 1.1796068 2039583 0.13844855 -0.98799217 0.068582304 0.0043113041
0.66378516 0.68216902 1.1755029 2434082 0.38202241 -0.92352927 -0.033948727 0.0092207566
0.43842152 0.68991548 1.1779339 2368288 0.83188462 0.52756429 0.1721739 0.055366486
0.44158244 0.68766969 1.1768621 2959909 -0.59686059 -0.74616885 -0.29493988 0.028681612
0.44667131 0.68560892 1.1769527 3288616 -0.33550543 -0.8751027 -0.34875694 0.018438637
0.45173633 0.68478423 1.1763858 3091495 -0.14098662 -0.90336841 -0.40502876 0.010379019
0.46239808 0.68504798 1.17647 2302755 0.046569865 -0.89481074 -0.44401014 0.0081740906
0.4675732 0.68555522 1.1766472 2302755 -0.012307284 -0.91886479 -0.39438051 0.012994186
0.47262451 0.68548256 1.1762402 2171169 -0.13993618 -0.94082826 -0.30864224 0.011685741
0.53715527 0.68537408 1.1762252 2236962 0.15273954 -0.93710184 -0.31386426 0.0069764284
0.54256248 0.68564069 1.1766292 2302755 0.075985946 -0.91644931 -0.39287001 0.0043742154
0.54783016 0.68568558 1.1767035 2302755 0.029235965 -0.90343565 -0.42772567 0.0026276472
0.5530805 0.6856398 1.1767042 2302755 0.0051386892 -0.89645958 -0.44309574 0.0020622741
0.5565747 0.68565458 1.1767191 2302755 0.0030565243 -0.89652795 -0.44297665 0.0020546946
0.56181651 0.68566638 1.1767366 2302755 -0.0027366569 -0.89644486 -0.44314685 0.0021374223
0.56705755 0.68562901 1.1767293 2171169 -0.0061442405 -0.89615202 -0.44370469 0.0021859428
0.57220781 0.68562436 1.1766027 1776411 -0.0064819902 -0.89495242 -0.44611454 0.002205292
0.57744008 0.68559629 1.1765865 1776411 -0.0025677143 -0.89462191 -0.4468165 0.0021621408
0.58267272 0.68561178 1.1765931 2105376 0.0012125982 -0.8945244 -0.44701749 0.0019520323
0.58791232 0.68562049 1.1766056 2302755 0.00075162872 -0.8941648 -0.44773737 0.0019057201
0.59315342 0.68563735 1.1766243 2302755 -0.0042817714 -0.89541858 -0.44520465 0.0020139921
0.59838563 0.68568259 1.1766388 2302755 -0.025615776 -0.901452 -0.43212047 0.0025005557
0.60187131 0.68567586 1.1766269 2302755 -0.0537166 -0.91198426 -0.40669307 0.0034388946
0.60703242 0.68551236 1.1764605 2236962 -0.10735858 -0.92583573 -0.36235669 0.0050789271
0.61193341 0.68514824 1.1758267 2236962 -0.17671932 -0.94269067 -0.2830275 0.0087278606
0.43720439 0.69176143 1.1753595 2236447 0.83630496 0.47312513 0.27703172 0.049624894
0.49717227 0.6798504 1.1848619 2039583 -0.071919389 -0.99686939 -0.032848384 0.0011467546
0.50222242 0.67956573 1.1843394 2039583 -0.026722295 -0.99952167 -0.015569205 0.001006766
0.50747579 0.67957407 1.1843057 2039583 0.026673358 -0.99949926 -0.017022341 0.0010696381
0.51118714 0.6797812 1.1847602 2039583 0.062569708 -0.99753827 -0.031661164 0.001191189
0.63422346 0.6799016 1.1848979 2039583 -0.074383155 -0.99647278 -0.038847931 0.0016954163
0.6375109 0.67967284 1.1844767 2039583 -0.043568701 -0.998806 -0.022098705 0.0016006139
0.64265954 0.67952579 1.1842556 2039583 0.017235486 -0.99982655 -0.0070549194 0.0014860148
0.64817995 0.67980289 1.184719 2039583 0.10079136 -0.99490613 -0.0017090987 0.0024480966
0.44341838 0.68534845 1.1815959 2959910 -0.53714949 -0.81471527 -0.21842496 0.029939707
0.44784069 0.68361843 1.1815979 3223080 -0.31588525 -0.91243827 -0.26014015 0.017252255
0.45287132 0.68242449 1.1823802 3091238 -0.14585464 -0.94566607 -0.29058927 0.0087751234
0.45721319 0.68215281 1.1816326 2696995 -0.04201442 -0.9439671 -0.32735443 0.009841349
0.46219593 0.68284553 1.1808032 2631461 0.021456428 -0.93330997 -0.35843009 0.0064518647
0.46696311 0.6828922 1.1823715 2171169 0.04616189 -0.93833458 -0.34263286 0.0066557257
0.47213015 0.68284887 1.1837678 2236962 -0.0088532204 -0.95501286 -0.2964322 0.0077822986
0.47722772 0.6824789 1.1833233 2171169 -0.10123417 -0.96755069 -0.23151091 0.0032843763
0.48218575 0.68202651 1.1825836 2105376 -0.13864733 -0.97545129 -0.17108971 0.0037067446
0.48698774 0.68145448 1.1814542 2105376 -0.15270905 -0.98161477 -0.11450952 0.0027667766
0.49176216 0.68072975 1.1803203 2039583 -0.14137493 -0.98793226 -0.063269451 0.0022636775
0.52197319 0.68137133 1.1813478 2105376 0.1557976 -0.98171639 -0.10936181 0.0028636842
0.52784222 0.68213773 1.1827141 2171169 0.12868987 -0.97511357 -0.18053381 0.0036414529
0.53162265 0.68244588 1.1833057 2171169 0.1020126 -0.96947795 -0.22294818 0.0032752866
0.53702444 0.68270797 1.1836445 2171169 0.057185233 -0.95963728 -0.27536547 0.003257574
0.5422805 0.68276018 1.1836491 2236962 0.022436984 -0.95063972 -0.30948448 0.0025476899
0.54754013 0.68272692 1.1836264 2171169 0.0081499405 -0.9464159 -0.3228476 0.0025257121
0.55285215 0.6836459 1.1812198 2236962 0.0044464869 -0.92987245 -0.36785525 0.0014237866
0.55809182 0.68321306 1.1824392 2171169 0.00095536467 -0.93714648 -0.34893486 0.0014163179
0.56250268 0.68342346 1.1818622 2236962 -0.002766567 -0.93363106 -0.35822526 0.0013796329
0.56601465 0.68339467 1.1818639 2171169 -0.0050247042 -0.93397355 -0.35730684 0.0013326758
0.57211876 0.68268508 1.1836269 1776411 -0.0047698552 -0.94561702 -0.32524714 0.0025142601
0.57738382 0.68266571 1.1836208 1776411 -0.0023108132 -0.94589669 -0.32445973 0.0027879355
0.58265722 0.68266594 1.183635 2039583 -0.00024819773 -0.94592261 -0.32439223 0.0023354867
0.58793128 0.682661 1.1836486 2236962 -0.00023115505 -0.94568449 -0.32508585 0.0024461017
0.59318298 0.68266886 1.1836294 2236962 -0.00048294349 -0.94534206 -0.32607996 0.0024681506
0.59843928 0.68268085 1.1836191 2236962 -0.0035171681 -0.94572037 -0.32496241 0.0024931626
0.60194743 0.68268734 1.1836185 2236962 -0.010982905 -0.94753611 -0.31946006 0.00247916
0.60720658 0.68269682 1.1836106 2236962 -0.040198516 -0.95445657 -0.29562935 0.0028203952
0.61241257 0.68255997 1.1834854 2236962 -0.076618373 -0.96389759 -0.2550118 0.0036412785
0.61738086 0.6822691 1.1829236 2171169 -0.11692452 -0.97183192 -0.20462492 0.0033160888
0.6221782 0.68175226 1.182043 2105376 -0.14897084 -0.97739255 -0.15003845 0.003604047
0.62684578 0.68113285 1.1809278 2039583 -0.15265816 -0.98364842 -0.09555798 0.0029649013
0.6568175 0.68100518 1.1812274 2039583 0.21423207 -0.97468221 0.064025134 0.0039824992
0.66178626 0.68257952 1.1838301 2039583 0.38070893 -0.92281002 0.05901188 0.0061344882
0.43941456 0.68800122 1.1806897 2368032 -0.76526892 -0.62857866 -0.13875303 0.051045474
0.44056752 0.68630165 1.1837449 2499617 -0.73891592 -0.66506863 -0.10810666 0.032315418
0.4369207 0.69334573 1.1840878 1644825 0.98025268 0.15461832 -0.12327945 0.039271694
0.43664101 0.69680101 1.1840581 1644825 0.99121892 -0.0037358857 -0.13217834 0.016936941
0.43720666 0.7022568 1.1840641 1644825 0.98664743 -0.15334529 -0.054882787 0.0040573357
0.46212116 0.67981869 1.1897173 2696739 -0.018111477 -0.97976166 -0.19934663 0.010905879
0.44315478 0.68407828 1.186051 2696995 -0.56227458 -0.81464243 -0.14214432 0.031991336
0.44770709 0.68224567 1.1886294 2959909 -0.33603057 -0.9302057 -0.14765079 0.011260279
0.4526372 0.68130946 1.1880245 3091495 -0.20341186 -0.96354514 -0.17379388 0.00718203
0.4574151 0.68080688 1.186543 2828324 -0.077069007 -0.97078437 -0.22724015 0.0098114917
0.46221215 0.6809184 1.1855558 3025703 0.0032177332 -0.96071678 -0.27751198 0.009819611
0.46675482 0.68076438 1.1876501 2171169 0.04115713 -0.96409607 -0.26234493 0.0071126604
0.47196949 0.68145549 1.1877214 2171169 0.024048127 -0.96562988 -0.25880623 0.00542549
0.47720066 0.68153268 1.1876316 2171169 -0.046997614 -0.97645885 -0.21052147 0.0042156465
0.48227781 0.6811828 1.1871145 2105376 -0.088151455 -0.98352671 -0.15781164 0.0026865755
0.48729163 0.6807673 1.1864712 2105376 -0.10476597 -0.98819989 -0.11173671 0.0023275001
0.49221131 0.68031162 1.1856035 2039583 -0.10087126 -0.99262822 -0.067187943 0.0016819718
0.51485276 0.68007725 1.1851289 2039583 0.088476554 -0.99477839 -0.050870378 0.0015462843
0.51870668 0.68048006 1.1858952 2105376 0.099559784 -0.99183714 -0.079667382 0.0016443309
0.52250057 0.68084246 1.1865256 2105376 0.099655986 -0.98829049 -0.11554467 0.0020433853
0.5280807 0.68125641 1.1872131 2105376 0.078590721 -0.98236483 -0.16965514 0.0027367827
0.53356236 0.68145287 1.1876408 2171169 0.045789622 -0.97602504 -0.21278732 0.0023526866
0.53708786 0.68153167 1.1876724 2171169 0.029391762 -0.97306263 -0.22865954 0.0016771113
0.5423826 0.68149924 1.1876836 2171169 0.0085699111 -0.96872187 -0.24800101 0.001439527
0.54767817 0.68146342 1.1876957 2171169 0.0032781865 -0.96735179 -0.25341621 0.001582092
0.55297607 0.68147343 1.1877258 2171169 0.0032583221 -0.96729058 -0.25365007 0.0016839213
0.55827409 0.68148762 1.1877569 2171169 0.0010245244 -0.96727741 -0.25371903 0.0017043119
0.56180692 0.68148607 1.1877744 2171169 -0.0020047573 -0.96734399 -0.25345933 0.0015762154
0.56703961 0.68148917 1.1876869 1973790 -0.00447097 -0.96702009 -0.25466076 0.0015356238
0.57229859 0.68146604 1.1876383 1710618 -0.0043557421 -0.96710122 -0.25435472 0.0015168905
0.57758158 0.68146527 1.1876386 1710618 -0.0019923563 -0.96725172 -0.25381124 0.0014305373
0.58285505 0.68146801 1.1876233 2039583 -0.0010672405 -0.96696669 -0.2549006 0.0013863996
0.58812696 0.6814633 1.1876036 2171169 -0.0010584645 -0.96663034 -0.25617319 0.0013290771
0.59341031 0.68145794 1.1876036 2171169 -0.00098062411 -0.96647221 -0.25676927 0.0014302836
0.59693241 0.68145525 1.1876034 2171169 -0.0010034738 -0.9663865 -0.25709164 0.0014461111
0.60221022 0.6814636 1.1875978 2171169 -0.0043698191 -0.96699589 -0.25475439 0.0014498265
0.6074875 0.68149608 1.1875963 2171169 -0.018443154 -0.97006905 -0.24212785 0.0015597916
0.61275274 0.68144488 1.1875532 2171169 -0.043956324 -0.97565717 -0.21485087 0.0017904589
0.61789215 0.68123037 1.1872735 2171169 -0.073079728 -0.98094094 -0.18003939 0.0022605062
0.62286693 0.68091953 1.1866927 2105376 -0.096726686 -0.98611206 -0.13500711 0.0021785835
0.62774861 0.68051785 1.1859398 2105376 -0.10248389 -0.99069357 -0.089572787 0.001653549
0.63098055 0.68018597 1.1854078 2039583 -0.090944074 -0.99390846 -0.062250834 0.0013823368
0.65219009 0.68043572 1.1856434 2039583 0.15255201 -0.98775232 0.032761097 0.0030042527
0.65658188 0.68133706 1.1872315 2039583 0.21381417 -0.97630924 0.033223391 0.0017872941
0.66156793 0.68275076 1.1898446 2039583 0.27776724 -0.95981193 0.04008016 0.0015272653
0.43855655 0.6887002 1.1880068 1842203 0.89281636 0.45016351 -0.015225288 0.036264669
0.43759313 0.69079018 1.185643 1776154 0.94645035 0.32102707 -0.034254298 0.036347892
0.46223867 0.67914146 1.1944648 2433824 -0.035790768 -0.99157679 -0.12447695 0.0088897161
0.46571928 0.67905402 1.1944071 2828581 0.00097173615 -0.98872894 -0.1497135 0.0086515695
0.49271011 0.67988181 1.191061 2039583 -0.057282113 -0.99687159 -0.054459441 0.001027718
0.49782625 0.67961276 1.1906272 2039583 -0.039424282 -0.99881262 -0.028618842 0.00077045843
0.50300908 0.6795066 1.1903558 2039583 -0.0098521672 -0.9998287 -0.015668986 0.00033848087
0.5065394 0.67949945 1.1903566 2039583 0.012363335 -0.99981308 -0.014864718 0.00042578491
0.51197153 0.67965198 1.1906713 2039583 0.041507758 -0.99873495 -0.028383311 0.00073528575
0.51746023 0.67995566 1.1911218 2039583 0.055801988 -0.99651182 -0.06205079 0.0011121513
0.63209689 0.67977113 1.1908212 2039583 -0.050593168 -0.99760741 -0.047115028 0.00094362086
0.63719088 0.67955077 1.190442 2039583 -0.02383987 -0.99949378 -0.021066738 0.0010949612
0.64246649 0.67948067 1.1904014 2039583 0.024538279 -0.99967068 -0.0075115524 0.0011397395
0.64800137 0.67978537 1.1908466 2039583 0.099988535 -0.99498826 -0.00079692039 0.0016659709
0.44319054 0.68332523 1.1908351 2499617 -0.56236106 -0.82387841 -0.070529513 0.023718167
0.44775531 0.68147665 1.193274 2828324 -0.36368388 -0.92927867 -0.064615741 0.020782683
0.45267263 0.6806469 1.1926856 2959909 -0.21774055 -0.97108233 -0.097919248 0.0078017991
0.4578194 0.67986953 1.1922293 2894116 -0.10557254 -0.98568875 -0.13142371 0.0081210854
0.46839336 0.679883 1.191936 2105376 0.040278293 -0.97922081 -0.19875672 0.0070342529
0.47192374 0.68024093 1.1920151 2105376 0.044587214 -0.97975618 -0.19516613 0.00737911
0.47722527 0.68065703 1.1921091 2105376 -0.00038705286 -0.98526686 -0.1710235 0.005353428
0.48246872 0.6804198 1.1919346 2171169 -0.050594322 -0.99142081 -0.12051993 0.0016014575
0.48758748 0.68016464 1.1914862 2105376 -0.062497985 -0.994138 -0.088225238 0.0014774658
0.52297711 0.68025064 1.1916227 2105376 0.053326339 -0.99351889 -0.10038188 0.0016302846
0.52844501 0.68043619 1.1919943 2171169 0.040879641 -0.99038512 -0.13215959 0.0017934263
0.53201771 0.68050724 1.1920847 2171169 0.030583486 -0.98837024 -0.14895941 0.0019099721
0.53731441 0.6805287 1.1920775 2171169 0.011341095 -0.98542523 -0.16973063 0.0017518393
0.54261208 0.6805228 1.1920656 2171169 0.0025429188 -0.98408502 -0.17768 0.0019251102
0.54790866 0.68051636 1.1920533 2171169 0.0017980562 -0.98386669 -0.1788941 0.0017161487
0.55320495 0.68053406 1.1920446 2171169 0.0016215346 -0.98368055 -0.17991649 0.0017127726
0.55673528 0.68053997 1.1920378 2171169 0.0015492234 -0.98356801 -0.18053119 0.0016177455
0.56203514 0.68054545 1.1920344 2171169 -0.0011007051 -0.98374021 -0.17959385 0.001808243
0.56734723 0.6805312 1.1920494 2039583 -0.0024680598 -0.98385966 -0.17892477 0.0018727509
0.57267243 0.68048871 1.1920842 1710618 -0.0043981601 -0.98413205 -0.17738302 0.0019300722
0.57797545 0.68048763 1.192085 1710618 -0.0019710227 -0.98391593 -0.17862122 0.0019742269
0.58151037 0.68048036 1.1920835 1776411 -0.0018445699 -0.98382753 -0.17910883 0.0017304756
0.58677077 0.68047732 1.1920068 2171169 -0.0017353644 -0.98349345 -0.18093547 0.0017592267
0.59207988 0.68046063 1.192016 2171169 -0.0012384345 -0.98345995 -0.18112138 0.0019521574
0.59738851 0.68045568 1.1920263 2171169 -0.00078910863 -0.98353988 -0.18068941 0.0020870492
0.60268712 0.6804564 1.1920201 2171169 -0.0014850796 -0.98363727 -0.18015416 0.0020137613
0.60798258 0.68048346 1.1920127 2171169 -0.0070371921 -0.98448688 -0.1753169 0.0019972757
0.61327893 0.68047541 1.1919991 2171169 -0.021112792 -0.98658937 -0.16185069 0.0020782815
0.6168074 0.68042231 1.1919822 2171169 -0.036172405 -0.98912716 -0.14254481 0.0019335212
0.62197727 0.68028456 1.1917299 2105376 -0.048161052 -0.9922114 -0.11487835 0.0015560456
0.62704182 0.68006057 1.1912791 2105376 -0.057000909 -0.99501479 -0.081831619 0.0012264554
0.6520319 0.6803118 1.1917604 2039583 0.1649508 -0.98630178 0.00025459373 0.0015559179
0.65642118 0.68120402 1.1933167 2039583 0.24023607 -0.97071451 0.00010124543 0.0011481042
0.4397043 0.6869272 1.1909852 1907996 -0.86001205 -0.50951397 0.027834877 0.02701693
0.44098487 0.68538272 1.1944097 2039325 -0.79186696 -0.60810721 0.05614578 0.020874217
0.45977324 0.67914349 1.197417 2828324 -0.104165 -0.99370527 -0.04122483 0.0090867998
0.46436185 0.6785627 1.1999009 2170910 -0.049887367 -0.99852818 -0.021276863 0.010808225
0.46778771 0.67829996 1.1996388 2894116 0.01296685 -0.99874699 -0.048335314 0.012584436
0.47228962 0.67918843 1.1973029 2105376 0.055721108 -0.99239326 -0.10977595 0.0085360697
0.47750226 0.67987782 1.1972092 2105376 0.043669164 -0.99386483 -0.10161532 0.0065283659
0.48278701 0.67980272 1.1971058 2105376 -0.021935806 -0.99790597 -0.060848136 0.001999116
0.48806554 0.67967355 1.1969959 2105376 -0.02574167 -0.99875641 -0.04269632 0.0015509137
0.49154621 0.67962891 1.1968249 2105376 -0.026303481 -0.99924344 -0.028647287 0.001293628
0.4967787 0.67952919 1.1966046 2039583 -0.020219382 -0.99976522 -0.0077904337 0.000791892
0.50209028 0.67944545 1.1965802 2039583 -0.00827232 -0.99996519 0.0011107251 0.00036037338
0.50741178 0.67949927 1.196576 2039583 0.0078224605 -0.99994719 -0.0066687679 0.00013616156
0.51274377 0.67956787 1.1966027 2039583 0.018644907 -0.99962914 -0.019847741 0.00051376311
0.51817334 0.67963296 1.1968422 2105376 0.025346592 -0.99929971 -0.027525075 0.00090852281
0.52359432 0.67975044 1.1970644 2105376 0.023985991 -0.99855334 -0.048123643 0.0013891238
0.52713901 0.67978567 1.1970572 2105376 0.018948801 -0.99776042 -0.064149387 0.0025496769
0.53247869 0.67982614 1.1970936 2105376 0.0087883193 -0.99669111 -0.08080627 0.0029148075
0.53782052 0.67980611 1.1971266 2105376 0.0036544383 -0.99611145 -0.088026375 0.0029043788
0.54316294 0.67980397 1.1971635 2105376 0.0016864816 -0.99603218 -0.088977613 0.0027871472
0.54850572 0.67981136 1.1972016 2105376 0.0013708735 -0.99601024 -0.089228556 0.0022982592
0.55206859 0.67981023 1.1972263 2105376 0.0016579791 -0.99600089 -0.089328088 0.002713098
0.55741251 0.67981452 1.1972649 2105376 0.0014443098 -0.99602604 -0.089051083 0.002220409
0.56275558 0.67982394 1.1973031 2105376 -0.0015806948 -0.99606925 -0.088564105 0.0020696693
0.5680362 0.67981982 1.1972111 1907997 -0.0031531129 -0.99591124 -0.090282306 0.0023345966
0.57330441 0.67980963 1.1970955 1710618 -0.0038492777 -0.99570256 -0.092528783 0.0023613095
0.57685483 0.6797902 1.1970948 1710618 -0.0040028766 -0.99572968 -0.092230305 0.0028310432
0.5821799 0.67977679 1.1970938 1842204 -0.0024408419 -0.99568015 -0.092817515 0.0029436189
0.58749235 0.67976338 1.1970689 2105376 -0.001935463 -0.99565244 -0.093126319 0.0028931138
0.59280181 0.67975837 1.1970396 2105376 -0.0011528862 -0.99559677 -0.09373229 0.0029312237
0.59812289 0.67976099 1.1970333 2105376 -0.00043751157 -0.99560314 -0.093670793 0.0026993854
0.60167283 0.67975968 1.1970333 2105376 -0.0009176709 -0.99560887 -0.093606263 0.0028694437
0.6069932 0.67976767 1.1970266 2105376 -0.002067796 -0.99570793 -0.092528239 0.0028511505
0.61231297 0.67978889 1.1970192 2105376 -0.0074690697 -0.99605358 -0.088439249 0.0027563458
0.61763257 0.67975861 1.1970075 2105376 -0.014673968 -0.99686652 -0.07772883 0.0026438311
0.62291038 0.67971087 1.1969175 2039583 -0.023244217 -0.99804181 -0.058071081 0.0011734158
0.62815946 0.67962009 1.196775 2039583 -0.028604759 -0.99874192 -0.041187141 0.00078800641
0.63339061 0.67950439 1.1966008 2039583 -0.018215394 -0.99960941 -0.021196121 0.00055697706
0.6369276 0.67949748 1.1965793 2039583 -0.0053963126 -0.9998942 -0.013506404 0.00035091696
0.64226848 0.67949122 1.1966102 2039583 0.035790712 -0.9993493 -0.0044692936 0.00077069964
0.6478191 0.6797843 1.1970377 2039583 0.10253703 -0.99472916 -3.0490763e-05 0.0017163913
0.44357234 0.68310183 1.1967477 2302239 -0.62712687 -0.77746576 0.047527235 0.022045629
0.44804823 0.6809749 1.1991087 2565409 -0.38653859 -0.92167181 0.033301305 0.024658352
0.45296073 0.68043005 1.1979356 2828324 -0.20825085 -0.97794467 -0.015993537 0.0045811236
0.4563314 0.67977911 1.1976852 2828324 -0.16173643 -0.98651832 -0.02495889 0.0075921942
0.65186125 0.68027401 1.197938 2039583 0.16033635 -0.98706245 0.0001503597 0.0010779372
0.65625513 0.68116522 1.1994809 2039583 0.23720673 -0.97145915 0.00021799884 0.0011264988
0.66140598 0.68268186 1.1959274 2039583 0.32911164 -0.944291 0.00013144052 0.00041756354
0.43913832 0.69162112 1.1991774 1644825 0.97843665 0.13594666 -0.15549979 0.011802006
0.4586015 0.67957264 1.2036623 2565410 -0.14180088 -0.98685253 0.077553704 0.0068280338
0.46203744 0.67897415 1.2033523 2565410 -0.099231713 -0.99313265 0.061973073 0.009702038
0.47267613 0.67870569 1.2029339 2039583 0.036148671 -0.99888551 0.030348187 0.0083187362
0.47800317 0.67952538 1.2029299 2039583 0.07353577 -0.99713969 -0.017460695 0.0049701747
0.48335081 0.67966199 1.2029325 1973790 0.018895961 -0.99978453 0.0085916948 0.0032256048
0.48692006 0.67959523 1.2029305 2039583 -0.0077620232 -0.99962002 0.026449669 0.001053796
0.49227077 0.67957616 1.20293 1973790 -0.0053828279 -0.99929935 0.037038747 0.00088049535
0.49762142 0.67959207 1.202929 1973790 -0.0024986239 -0.99891227 0.046562452 0.00040810119
0.50297195 0.67957479 1.2029291 1973790 -0.0045472328 -0.99905467 0.043233357 0.00024235243
0.50832236 0.67953604 1.2029296 1973790 -0.0049278056 -0.99976307 0.021202527 0.00034147906
0.51188928 0.67955983 1.2029293 1973790 0.005206727 -0.99920911 0.039421778 0.00026665578
0.51723951 0.67958027 1.202929 1973790 0.0041719801 -0.99908721 0.042512938 0.00051317085
0.52259016 0.67958206 1.2029291 1973790 0.0031113899 -0.99949098 0.031750124 0.00092212186
0.52794117 0.67957765 1.2029289 1973790 0.003016894 -0.99979359 0.020091699 0.0012920027
0.53329206 0.67956233 1.2029284 1973790 0.00079920044 -0.99987221 0.01596499 0.0012644914
0.5368591 0.67956209 1.2029283 1973790 0.0013799967 -0.99988508 0.015095972 0.001140606
0.54220968 0.67957139 1.2029281 1973790 0.0013962152 -0.99990052 0.014037034 0.0012094481
0.54756039 0.67959273 1.2029283 2039583 0.00060464465 -0.99990582 0.013710738 0.0010872293
0.55291104 0.67959499 1.2029279 2039583 0.0010536325 -0.99991786 0.012775353 0.0011357717
0.55826193 0.67961657 1.2029279 2039583 -0.0002599477 -0.99993265 0.011604411 0.0011152091
0.56182867 0.67962211 1.2029278 2039583 -0.0020065694 -0.9999454 0.010254611 0.00099368207
0.56727147 0.6796096 1.2031207 1907997 -0.0038390823 -0.99991739 0.012266147 0.0010671502
0.57250297 0.67956424 1.2028704 1710618 -0.0038741378 -0.99996912 0.0068404521 0.0010164152
0.57787526 0.67953199 1.2029148 1710618 -0.0037477065 -0.99996519 0.007454949 0.001065849
0.5831995 0.67952728 1.2028606 1907997 -0.0013837805 -0.99997121 0.0074643693 0.0010971111
0.58676624 0.67952186 1.2028601 2039583 -0.0016522033 -0.99996966 0.0076141162 0.001000499
0.59211642 0.67951208 1.2028595 2039583 -0.0012655475 -0.99996984 0.0076645515 0.0010303711
0.59746695 0.67950904 1.2028595 2039583 -0.00063665508 -0.99997407 0.0071701435 0.00095520314
0.6028176 0.67950779 1.2028599 2039583 -0.0005547136 -0.99997628 0.0068646935 0.00095079176
0.60816824 0.67950839 1.2028602 2039583 -0.00057346636 -0.9999758 0.0069342628 0.0009795042
0.61173528 0.67951179 1.2028606 2039583 -0.0018340492 -0.99997538 0.006773694 0.00090403785
0.61708599 0.67952341 1.2028611 2039583 -0.0059066778 -0.99996066 0.0066142208 0.00090612081
0.62243664 0.67951107 1.2028612 2039583 -0.009585035 -0.99992949 0.0070093772 0.00063919683
0.62778831 0.67951041 1.2028637 2039583 -0.014499058 -0.99989396 0.0013447498 0.00045098434
0.63313729 0.67947626 1.2028612 2039583 -0.0084692445 -0.99996412 -6.1763208e-06 0.00018944996
0.63670397 0.67949641 1.2028601 2039583 0.002328825 -0.9999966 0.0011760659 0.00010135734
0.64206928 0.6795038 1.2028863 2039583 0.038239218 -0.99926859 -7.1774011e-05 0.00066850189
0.64763612 0.67977202 1.2032937 2039583 0.10095527 -0.99489099 -1.5094521e-05 0.0016751993
0.4443078 0.68344343 1.2031646 2105117 -0.67284197 -0.72007394 0.16963853 0.026271826
0.45182753 0.68066776 1.204195 2565410 -0.26183662 -0.95970887 0.10198241 0.011150509
0.45522887 0.68028075 1.2039353 2565410 -0.16822371 -0.98278737 0.076352596 0.0040714699
0.65168691 0.68024814 1.20418 2039583 0.15769444 -0.98748791 0.00033899958 0.0010710051
0.6612398 0.68262541 1.2020724 2039583 0.32606989 -0.94534558 0.00038160937 0.00041242887
0.43994185 0.68928683 1.2012137 1644825 0.94750446 0.27402356 -0.16476153 0.010733963
0.44119111 0.68765247 1.2044897 1644825 -0.8977164 -0.3972086 0.19060595 0.015838895
0.46695688 0.67862338 1.2065864 2170654 -0.047980379 -0.98874539 0.1417056 0.012149302
0.47020209 0.678581 1.2057731 2762788 0.0082917828 -0.99525106 0.096987635 0.010699589
0.62249994 0.67986119 1.2099195 1973790 -0.020856343 -0.9976818 0.06477692 0.00024263171
0.62770414 0.67971522 1.2095753 1973790 -0.024330888 -0.99863422 0.04623517 0.00022594891
0.63294655 0.67956841 1.2093114 2039583 -0.017546279 -0.99943203 0.028770948 0.0002179562
0.63648057 0.67950714 1.2092125 2039583 -0.0092597865 -0.99978113 0.01876102 0.0002329954
0.64186919 0.67948318 1.2092286 2039583 0.032029916 -0.9994756 0.0047601759 0.00094994844
0.64745319 0.67974907 1.2096167 2039583 0.09818846 -0.99516475 0.0024775311 0.0020326562
0.44758987 0.68219745 1.2072643 2105118 -0.50880045 -0.8324092 0.21958375 0.019195085
0.65609086 0.68112779 1.2057148 2039583 0.23432325 -0.97215855 0.00063366571 0.0011863835
0.66107142 0.6825704 1.2082809 2039583 0.32266724 -0.94651204 0.00091112923 0.00051165087
0.61898732 0.67992955 1.210067 1973790 -0.016102161 -0.99666232 0.080031164 0.00033746299
0.45310488 0.68153208 1.2126274 2170910 -0.1969754 -0.96046942 0.196721 0.003771872
0.45815599 0.68107229 1.2116767 2368032 -0.094438054 -0.97220111 0.21425793 0.0048247231
0.46154538 0.68050891 1.2113082 2368032 -0.070279792 -0.95630455 0.28379992 0.0070717768
0.46498156 0.6801911 1.210919 2368032 -0.033945553 -0.94339472 0.32993042 0.0086344099
0.47739598 0.6803416 1.2104543 1907997 0.018024258 -0.94503134 0.32648262 0.0078012892
0.48278421 0.68029714 1.2104578 1907997 0.055163525 -0.98520523 0.16225797 0.0033506188
0.48817229 0.68020934 1.2104589 1907997 0.0009972218 -0.98818249 0.15327862 0.00052834465
0.49355644 0.68021202 1.2104585 1907997 0.0041323258 -0.9892711 0.14603306 0.00047225901
0.49714592 0.68022257 1.2104578 1907997 0.005029446 -0.98993063 0.14146388 0.00026914253
0.52227169 0.68022209 1.2104567 1907997 -0.0038162565 -0.98736352 0.15842581 0.00046781756
0.52765596 0.68020928 1.210457 1907997 -0.00030008447 -0.98717058 0.15966895 0.00053977518
0.53304011 0.6802091 1.2104567 1907997 -0.00024175052 -0.98696727 0.16092108 0.00049046444
0.5366295 0.68020964 1.2104565 1907997 -0.00025662265 -0.98662537 0.16300406 0.0005130152
0.54201365 0.68020946 1.2104564 1907997 -0.00025797417 -0.98623228 0.16536556 0.00052846759
0.54739779 0.6802091 1.210456 1907997 -0.00014850644 -0.98580426 0.16789873 0.0004499495
0.55278188 0.68021303 1.2104557 1907997 -0.0011858707 -0.98554635 0.169402 0.00058705278
0.55816603 0.68019813 1.2104559 1907997 -0.0035025605 -0.98645699 0.16398266 0.0005645788
0.56175536 0.68019593 1.2104557 1907997 -0.0052697295 -0.98711735 0.15991099 0.00055755337
0.56706071 0.6801343 1.2102865 1842204 -0.005827887 -0.98906732 0.14734954 0.00048162663
0.57239366 0.68007439 1.210179 1710618 -0.0041741971 -0.99027169 0.13908455 0.0003485214
0.57777846 0.68005204 1.2101837 1710618 -0.0022730515 -0.99062365 0.13660018 0.00038830892
0.58317477 0.68006456 1.2102115 1776411 -0.00075779477 -0.98989892 0.14177307 0.00041674965
0.58675051 0.68005276 1.2101846 1973790 -0.0014173227 -0.99018103 0.13978392 0.00040062124
0.59211373 0.68003595 1.2101439 1907997 -0.0018856861 -0.99050003 0.13749966 0.00038555634
0.59747839 0.68001723 1.210107 1907997 -0.0016891777 -0.99094856 0.13423157 0.0003005694
0.6028592 0.68001062 1.2101033 1907997 -0.0008842682 -0.99124759 0.13201314 0.00037558228
0.60823792 0.68001068 1.2100953 1907997 -0.0013589093 -0.99153203 0.12985547 0.00032321425
0.61182362 0.68000335 1.21009 1907997 -0.0025620612 -0.99183273 0.12751959 0.00032541275
0.61540931 0.67997766 1.2100856 1907997 -0.012437896 -0.99577361 0.090995558 0.00026998378
0.65150964 0.68023074 1.2104877 2039583 0.15621462 -0.98772305 0.00033842059 0.0017620063
0.65592396 0.68109381 1.2120137 2039583 0.23162816 -0.97280347 0.0013201471 0.0013454033
0.66091716 0.6825273 1.2145817 2039583 0.32021847 -0.94734025 0.0025732017 0.00069233921
0.63294601 0.67985255 1.2161994 1973790 -0.049905658 -0.99613303 0.07230746 0.00021178923
0.63811421 0.6795795 1.215741 2039583 -0.016280562 -0.99904698 0.04049712 0.00063096941
0.64347547 0.67954326 1.2156543 2039583 0.038175993 -0.99922049 0.010048253 0.00100119
0.64727855 0.67974252 1.2160265 2039583 0.094439477 -0.99552262 0.0039931033 0.0024669766
0.62796509 0.6802761 1.2170353 1973790 -0.066208124 -0.99298614 0.097953886 0.00014856618
0.6513328 0.68021119 1.2168649 2039583 0.15523323 -0.98787773 0.00054447923 0.0023624629
